s‹ζ’¬’,‘‡v,‹¥«”Ζv,‹¥«”Ζ‹­“,‹¥«”Ζ‚»‚Μ‘Ό,‘e–\”Ζv,‘e–\”Ζ‹¥ν€”υW‡,‘e–\”Ζ–\s,‘e–\”ΖQ,‘e–\”Ζ‹Ί”—,‘e–\”Ζ‹°…,N“όή“v,N“όή“‹ΰΙ”j‚θ,N“όή“wZr‚µ,N“όή“––±r‚µ,N“όή“o“Xr‚µ,N“όή“‹σ‚«‘ƒ,N“όή“”E‚έ,N“όή“‹‹σ‚«,N“όή“‚»‚Μ‘Ό,”ρN“όή“v,”ρN“όή“©“®Τ“,”ρN“όή“ƒI[ƒgƒoƒC“,”ρN“όή“©“]Τ“,”ρN“όή“Τγ‚Λ‚η‚Ά,”ρN“όή“©”Μ‹@‚Λ‚η‚Ά,”ρN“όή“H–κ‚Λ‚η‚Ά,”ρN“όή“‚·‚θ,”ρN“όή“‚Π‚Α‚½‚­‚θ,”ρN“όή“’uψ‚«,”ρN“όή“–ψ‚«,”ρN“όή“‚»‚Μ‘Ό,‚»‚Μ‘Όv,‚»‚Μ‘ΌΌ‹\,‚»‚Μ‘Όθ—L—£’E•¨‰΅—Μ,‚»‚Μ‘Ό‚»‚Μ‘Ό’m”\”Ζ,‚»‚Μ‘Ό“q”,‚»‚Μ‘Ό‚»‚Μ‘ΌY–@”Ζ
η‘γ“c‹ζ”Ρ“c‹΄‚P’–Ϊ,2,0,0,0,0,0,0,0,0,0,0,0,0,0,0,0,0,0,0,0,0,0,0,0,0,0,0,0,0,0,0,2,1,0,0,0,1
η‘γ“c‹ζ”Ρ“c‹΄‚Q’–Ϊ,4,0,0,0,0,0,0,0,0,0,2,0,0,0,0,0,0,0,2,2,0,0,2,0,0,0,0,0,0,0,0,0,0,0,0,0,0
η‘γ“c‹ζ”Ρ“c‹΄‚R’–Ϊ,11,0,0,0,2,0,2,0,0,0,0,0,0,0,0,0,0,0,0,4,0,0,0,0,0,0,0,0,0,1,3,5,3,0,0,0,2
η‘γ“c‹ζ”Ρ“c‹΄‚S’–Ϊ,13,0,0,0,5,0,4,0,1,0,0,0,0,0,0,0,0,0,0,5,0,0,1,0,0,0,1,0,1,0,2,3,2,0,0,0,1
η‘γ“c‹ζκ”Τ’¬,9,0,0,0,2,0,1,1,0,0,1,0,0,0,0,1,0,0,0,2,0,0,0,0,0,0,0,0,0,1,1,4,3,0,0,0,1
η‘γ“c‹ζβ–{’¬‚P’–Ϊ,3,0,0,0,0,0,0,0,0,0,0,0,0,0,0,0,0,0,0,0,0,0,0,0,0,0,0,0,0,0,0,3,2,0,1,0,0
η‘γ“c‹ζβ–{’¬‚Q’–Ϊ,6,0,0,0,2,0,0,1,1,0,0,0,0,0,0,0,0,0,0,2,0,0,2,0,0,0,0,0,0,0,0,2,1,0,0,0,1
η‘γ“c‹ζβ–{’¬‚R’–Ϊ,3,0,0,0,0,0,0,0,0,0,0,0,0,0,0,0,0,0,0,1,0,0,0,0,0,0,0,0,0,0,1,2,2,0,0,0,0
η‘γ“c‹ζ“ΰ_“c‚P’–Ϊ,8,0,0,0,1,0,0,1,0,0,0,0,0,0,0,0,0,0,0,3,0,0,2,0,0,0,0,0,0,0,1,4,4,0,0,0,0
η‘γ“c‹ζ“ΰ_“c‚Q’–Ϊ,6,0,0,0,0,0,0,0,0,0,0,0,0,0,0,0,0,0,0,3,0,0,1,0,0,0,0,0,0,1,1,3,2,1,0,0,0
η‘γ“c‹ζ“ΰ_“c‚R’–Ϊ,18,0,0,0,1,0,0,1,0,0,0,0,0,0,0,0,0,0,0,8,0,1,0,0,0,0,0,0,1,0,6,9,5,2,0,0,2
η‘γ“c‹ζ“ΰK’¬‚P’–Ϊ,11,0,0,0,1,0,1,0,0,0,0,0,0,0,0,0,0,0,0,6,1,0,0,0,0,0,0,0,0,1,4,4,2,2,0,0,0
η‘γ“c‹ζ“ΰK’¬‚Q’–Ϊ,15,0,0,0,1,0,1,0,0,0,5,0,0,5,0,0,0,0,0,5,0,0,0,0,0,0,0,0,0,2,3,4,2,0,1,0,1
η‘γ“c‹ζ‘εθ’¬‚P’–Ϊ,18,1,1,0,3,0,1,1,1,0,0,0,0,0,0,0,0,0,0,4,0,0,0,0,0,1,1,0,1,0,1,10,9,0,1,0,0
η‘γ“c‹ζ‘εθ’¬‚Q’–Ϊ,20,0,0,0,3,0,3,0,0,0,0,0,0,0,0,0,0,0,0,7,0,0,3,0,0,0,0,0,0,1,3,10,6,0,0,0,4
η‘γ“c‹ζ’b–θ’¬‚P’–Ϊ,8,0,0,0,0,0,0,0,0,0,0,0,0,0,0,0,0,0,0,2,0,0,0,0,0,0,1,0,0,0,1,6,2,0,1,0,3
η‘γ“c‹ζ’b–θ’¬‚Q’–Ϊ,30,0,0,0,8,0,7,0,0,1,1,1,0,0,0,0,0,0,0,12,0,0,4,0,0,0,0,0,2,0,6,9,1,2,0,0,6
η‘γ“c‹ζ‰ΰ‚ªΦ‚P’–Ϊ,15,0,0,0,4,0,1,2,1,0,0,0,0,0,0,0,0,0,0,5,0,0,1,0,0,0,0,0,1,0,3,6,4,0,1,0,1
η‘γ“c‹ζ‰ΰ‚ªΦ‚Q’–Ϊ,12,0,0,0,1,0,0,1,0,0,0,0,0,0,0,0,0,0,0,2,0,0,0,0,0,0,0,0,0,0,2,9,1,0,0,0,8
η‘γ“c‹ζ‰ΰ‚ªΦ‚R’–Ϊ,3,0,0,0,1,0,0,1,0,0,0,0,0,0,0,0,0,0,0,0,0,0,0,0,0,0,0,0,0,0,0,2,1,0,0,0,1
η‘γ“c‹ζ_“c‘¶’¬,6,0,0,0,1,0,1,0,0,0,0,0,0,0,0,0,0,0,0,4,0,0,1,0,0,0,0,0,0,0,3,1,0,1,0,0,0
η‘γ“c‹ζ_“c’WH’¬‚P’–Ϊ,5,0,0,0,1,0,0,1,0,0,0,0,0,0,0,0,0,0,0,0,0,0,0,0,0,0,0,0,0,0,0,4,1,0,0,0,3
η‘γ“c‹ζ_“c’WH’¬‚Q’–Ϊ,8,0,0,0,0,0,0,0,0,0,0,0,0,0,0,0,0,0,0,4,0,0,2,0,0,0,0,0,0,0,2,4,2,0,0,0,2
η‘γ“c‹ζ_“caς’¬,6,0,0,0,0,0,0,0,0,0,0,0,0,0,0,0,0,0,0,4,0,0,2,0,0,0,0,0,0,0,2,2,0,0,0,0,2
η‘γ“c‹ζ_“cβ–{’¬,7,0,0,0,2,0,1,1,0,0,0,0,0,0,0,0,0,0,0,3,0,0,1,0,0,0,0,0,0,2,0,2,0,0,0,0,2
η‘γ“c‹ζ_“c¬μ’¬‚P’–Ϊ,11,0,0,0,2,0,1,1,0,0,0,0,0,0,0,0,0,0,0,7,0,0,0,0,0,0,0,0,0,7,0,2,2,0,0,0,0
η‘γ“c‹ζ_“c¬μ’¬‚Q’–Ϊ,6,0,0,0,0,0,0,0,0,0,0,0,0,0,0,0,0,0,0,4,0,0,0,0,0,0,0,0,0,2,2,2,2,0,0,0,0
η‘γ“c‹ζ_“c¬μ’¬‚R’–Ϊ,6,0,0,0,0,0,0,0,0,0,0,0,0,0,0,0,0,0,0,2,0,0,1,0,0,0,0,0,0,0,1,4,1,0,1,0,2
η‘γ“c‹ζ_“c’b–θ’¬‚R’–Ϊ,3,0,0,0,0,0,0,0,0,0,0,0,0,0,0,0,0,0,0,2,0,0,0,0,0,0,0,0,0,0,2,1,0,1,0,0,0
η‘γ“c‹ζ_“c®‰®’¬,2,0,0,0,0,0,0,0,0,0,0,0,0,0,0,0,0,0,0,1,0,0,0,0,0,0,0,0,0,0,1,1,1,0,0,0,0
η‘γ“c‹ζ_“c²‹vΤ‰Νέ,4,0,0,0,0,0,0,0,0,0,0,0,0,0,0,0,0,0,0,4,0,0,0,0,0,0,0,0,0,2,2,0,0,0,0,0,0
η‘γ“c‹ζ_“c²‹vΤ’¬‚P’–Ϊ,57,0,0,0,6,0,5,1,0,0,0,0,0,0,0,0,0,0,0,39,0,0,2,0,0,0,2,0,7,17,11,12,7,1,0,0,4
η‘γ“c‹ζ_“c²‹vΤ’¬‚Q’–Ϊ,4,0,0,0,0,0,0,0,0,0,0,0,0,0,0,0,0,0,0,2,0,0,0,0,0,0,0,0,0,0,2,2,1,0,0,0,1
η‘γ“c‹ζ_“c²‹vΤ’¬‚R’–Ϊ,5,1,1,0,0,0,0,0,0,0,0,0,0,0,0,0,0,0,0,0,0,0,0,0,0,0,0,0,0,0,0,4,1,1,1,0,1
η‘γ“c‹ζ_“c²‹vΤ’¬‚S’–Ϊ,1,0,0,0,0,0,0,0,0,0,0,0,0,0,0,0,0,0,0,1,0,0,0,0,0,0,0,0,0,0,1,0,0,0,0,0,0
η‘γ“c‹ζ_“c_•Ϋ’¬‚P’–Ϊ,20,0,0,0,2,0,1,1,0,0,0,0,0,0,0,0,0,0,0,10,0,0,2,0,0,1,0,0,0,4,3,8,3,2,0,0,3
η‘γ“c‹ζ_“c_•Ϋ’¬‚Q’–Ϊ,13,0,0,0,2,0,1,1,0,0,0,0,0,0,0,0,0,0,0,5,0,0,0,0,0,0,0,0,0,0,5,6,1,1,0,0,4
η‘γ“c‹ζ_“c_•Ϋ’¬‚R’–Ϊ,6,0,0,0,1,0,0,1,0,0,0,0,0,0,0,0,0,0,0,3,0,0,1,0,0,0,0,0,0,1,1,2,0,0,0,0,2
η‘γ“c‹ζ_“c{“c’¬‚P’–Ϊ,11,0,0,0,1,0,1,0,0,0,0,0,0,0,0,0,0,0,0,5,0,0,0,0,0,0,0,0,0,4,1,5,4,0,0,0,1
η‘γ“c‹ζ_“c{“c’¬‚Q’–Ϊ,7,0,0,0,0,0,0,0,0,0,0,0,0,0,0,0,0,0,0,3,0,0,2,1,0,0,0,0,0,0,0,4,3,0,0,0,1
η‘γ“c‹ζ_“cx‰Ν‘δ‚P’–Ϊ,5,0,0,0,0,0,0,0,0,0,0,0,0,0,0,0,0,0,0,2,0,0,0,0,0,0,0,0,1,0,1,3,1,1,0,0,1
η‘γ“c‹ζ_“cx‰Ν‘δ‚Q’–Ϊ,24,0,0,0,3,0,2,1,0,0,0,0,0,0,0,0,0,0,0,13,0,0,0,0,0,0,2,0,0,5,6,8,1,4,1,0,2
η‘γ“c‹ζ_“cx‰Ν‘δ‚R’–Ϊ,5,0,0,0,1,0,1,0,0,0,0,0,0,0,0,0,0,0,0,2,0,0,0,0,0,0,1,0,0,0,1,2,0,0,0,0,2
η‘γ“c‹ζ_“cx‰Ν‘δ‚S’–Ϊ,4,0,0,0,0,0,0,0,0,0,0,0,0,0,0,0,0,0,0,3,0,0,0,0,0,0,0,0,0,3,0,1,1,0,0,0,0
η‘γ“c‹ζ_“c‘½’¬‚Q’–Ϊ,3,0,0,0,0,0,0,0,0,0,0,0,0,0,0,0,0,0,0,3,0,0,2,0,0,0,0,0,0,0,1,0,0,0,0,0,0
η‘γ“c‹ζ_“ci’¬‚Q’–Ϊ,2,0,0,0,0,0,0,0,0,0,0,0,0,0,0,0,0,0,0,2,0,1,0,0,0,0,0,0,1,0,0,0,0,0,0,0,0
η‘γ“c‹ζ_“c•xR’¬,4,0,0,0,0,0,0,0,0,0,0,0,0,0,0,0,0,0,0,1,0,0,0,0,0,0,0,0,0,0,1,3,0,0,1,0,2
η‘γ“c‹ζ_“c‹Ρ’¬‚P’–Ϊ,6,0,0,0,0,0,0,0,0,0,0,0,0,0,0,0,0,0,0,6,0,0,0,0,0,0,0,0,0,5,1,0,0,0,0,0,0
η‘γ“c‹ζ_“c‹Ρ’¬‚Q’–Ϊ,4,0,0,0,0,0,0,0,0,0,1,0,0,0,1,0,0,0,0,1,0,0,1,0,0,0,0,0,0,0,0,2,1,1,0,0,0
η‘γ“c‹ζ_“c‹Ρ’¬‚R’–Ϊ,31,0,0,0,0,0,0,0,0,0,0,0,0,0,0,0,0,0,0,2,0,0,0,0,0,0,0,0,0,0,2,29,2,0,0,0,27
η‘γ“c‹ζ_“cΌ•“c’¬,1,0,0,0,0,0,0,0,0,0,0,0,0,0,0,0,0,0,0,0,0,0,0,0,0,0,0,0,0,0,0,1,0,0,0,0,1
η‘γ“c‹ζ_“c—ϋ•»’¬,8,0,0,0,0,0,0,0,0,0,0,0,0,0,0,0,0,0,0,8,0,0,1,0,0,0,0,0,0,3,4,0,0,0,0,0,0
η‘γ“c‹ζ_“c‰Τ‰ª’¬,34,0,0,0,0,0,0,0,0,0,0,0,0,0,0,0,0,0,0,28,0,0,4,1,0,0,0,0,0,12,11,6,0,1,2,0,3
η‘γ“c‹ζ_“c“Ό‰Ί’¬,1,0,0,0,1,0,1,0,0,0,0,0,0,0,0,0,0,0,0,0,0,0,0,0,0,0,0,0,0,0,0,0,0,0,0,0,0
η‘γ“c‹ζ_“c•½‰Ν’¬,6,0,0,0,0,0,0,0,0,0,0,0,0,0,0,0,0,0,0,6,0,0,1,0,0,0,0,0,1,0,4,0,0,0,0,0,0
η‘γ“c‹ζ_“cΌ‰i’¬,4,1,0,1,0,0,0,0,0,0,0,0,0,0,0,0,0,0,0,1,0,0,0,0,0,0,0,0,0,0,1,2,1,0,0,0,1
η‘γ“c‹ζ‹I”φδ’¬,15,0,0,0,1,0,1,0,0,0,2,0,0,0,0,1,0,0,1,8,0,0,1,0,0,0,0,0,0,2,5,4,1,1,0,0,2
η‘γ“c‹ζ–k‚ΜΫφ‰€,3,0,0,0,0,0,0,0,0,0,0,0,0,0,0,0,0,0,0,1,0,0,0,0,0,0,0,0,0,0,1,2,1,0,0,0,1
η‘γ“c‹ζ‹γ’i–k‚P’–Ϊ,11,2,1,1,3,0,3,0,0,0,0,0,0,0,0,0,0,0,0,3,0,0,0,0,0,0,0,0,0,0,3,3,2,0,0,0,1
η‘γ“c‹ζ‹γ’i–k‚R’–Ϊ,5,0,0,0,2,0,1,1,0,0,0,0,0,0,0,0,0,0,0,0,0,0,0,0,0,0,0,0,0,0,0,3,1,0,0,0,2
η‘γ“c‹ζ‹γ’i–k‚S’–Ϊ,3,0,0,0,1,0,1,0,0,0,0,0,0,0,0,0,0,0,0,1,0,0,0,0,0,0,0,0,0,0,1,1,0,0,0,0,1
η‘γ“c‹ζ‹γ’i“μ‚P’–Ϊ,8,0,0,0,1,0,1,0,0,0,0,0,0,0,0,0,0,0,0,3,0,0,1,0,0,0,0,0,0,0,2,4,2,0,1,0,1
η‘γ“c‹ζ‹γ’i“μ‚Q’–Ϊ,2,0,0,0,0,0,0,0,0,0,0,0,0,0,0,0,0,0,0,2,0,0,1,0,0,0,0,0,0,1,0,0,0,0,0,0,0
η‘γ“c‹ζ‹γ’i“μ‚R’–Ϊ,6,0,0,0,1,0,0,1,0,0,1,0,0,0,0,0,0,0,1,1,0,0,1,0,0,0,0,0,0,0,0,3,2,0,0,0,1
η‘γ“c‹ζ‹γ’i“μ‚S’–Ϊ,4,0,0,0,0,0,0,0,0,0,0,0,0,0,0,0,0,0,0,3,0,0,1,0,0,0,0,0,0,0,2,1,0,0,0,0,1
η‘γ“c‹ζc‹O‰‘,1,0,0,0,0,0,0,0,0,0,0,0,0,0,0,0,0,0,0,1,0,0,0,0,0,0,0,0,0,0,1,0,0,0,0,0,0
η‘γ“c‹ζ’¬‚P’–Ϊ,4,0,0,0,0,0,0,0,0,0,0,0,0,0,0,0,0,0,0,1,0,0,1,0,0,0,0,0,0,0,0,3,2,0,0,0,1
η‘γ“c‹ζ’¬‚Q’–Ϊ,1,0,0,0,0,0,0,0,0,0,0,0,0,0,0,0,0,0,0,0,0,0,0,0,0,0,0,0,0,0,0,1,1,0,0,0,0
η‘γ“c‹ζ’¬‚R’–Ϊ,2,0,0,0,0,0,0,0,0,0,0,0,0,0,0,0,0,0,0,1,0,0,0,0,0,0,0,0,0,0,1,1,1,0,0,0,0
η‘γ“c‹ζ’¬‚S’–Ϊ,2,0,0,0,0,0,0,0,0,0,0,0,0,0,0,0,0,0,0,1,0,0,1,0,0,0,0,0,0,0,0,1,0,1,0,0,0
η‘γ“c‹ζ’¬‚T’–Ϊ,4,0,0,0,2,0,1,1,0,0,0,0,0,0,0,0,0,0,0,0,0,0,0,0,0,0,0,0,0,0,0,2,2,0,0,0,0
η‘γ“c‹ζ’¬‚U’–Ϊ,1,0,0,0,0,0,0,0,0,0,0,0,0,0,0,0,0,0,0,0,0,0,0,0,0,0,0,0,0,0,0,1,0,0,0,0,1
η‘γ“c‹ζά”Τ’¬,2,0,0,0,0,0,0,0,0,0,0,0,0,0,0,0,0,0,0,0,0,0,0,0,0,0,0,0,0,0,0,2,0,1,0,0,1
η‘γ“c‹ζ_“c‰y’¬‚P’–Ϊ,1,0,0,0,0,0,0,0,0,0,0,0,0,0,0,0,0,0,0,0,0,0,0,0,0,0,0,0,0,0,0,1,0,0,0,0,1
η‘γ“c‹ζ_“c‰y’¬‚Q’–Ϊ,1,0,0,0,0,0,0,0,0,0,0,0,0,0,0,0,0,0,0,1,0,0,1,0,0,0,0,0,0,0,0,0,0,0,0,0,0
η‘γ“c‹ζO”Τ’¬,13,0,0,0,2,0,2,0,0,0,0,0,0,0,0,0,0,0,0,8,0,0,2,0,0,0,0,0,0,1,5,3,3,0,0,0,0
η‘γ“c‹ζO_“c‚P’–Ϊ,127,0,0,0,15,0,10,5,0,0,1,0,0,0,1,0,0,0,0,83,0,0,2,0,0,0,7,1,17,31,25,28,10,1,0,0,17
η‘γ“c‹ζO_“c‚Q’–Ϊ,9,0,0,0,2,0,0,2,0,0,1,1,0,0,0,0,0,0,0,4,0,0,0,0,0,0,0,0,0,1,3,2,2,0,0,0,0
η‘γ“c‹ζO_“c‚R’–Ϊ,31,1,0,1,2,0,0,2,0,0,7,0,0,1,4,0,0,0,2,15,0,0,1,0,0,0,0,0,0,9,5,6,2,1,0,0,3
η‘γ“c‹ζO_“c‚S’–Ϊ,67,0,0,0,4,0,4,0,0,0,5,0,0,0,4,0,0,0,1,44,0,0,0,1,0,0,1,0,4,30,8,14,5,0,5,0,4
η‘γ“c‹ζO_“c‚T’–Ϊ,7,1,0,1,1,0,0,0,0,1,1,0,0,0,1,0,0,0,0,1,0,0,0,1,0,0,0,0,0,0,0,3,1,0,1,0,1
η‘γ“c‹ζO_“c‚U’–Ϊ,14,0,0,0,3,0,3,0,0,0,0,0,0,0,0,0,0,0,0,9,0,0,0,1,0,0,0,0,0,6,2,2,0,1,0,0,1
η‘γ“c‹ζη‘γ“c,1,0,0,0,0,0,0,0,0,0,0,0,0,0,0,0,0,0,0,0,0,0,0,0,0,0,0,0,0,0,0,1,0,0,0,0,1
η‘γ“c‹ζ‰i“c’¬‚P’–Ϊ,25,0,0,0,8,0,6,1,1,0,0,0,0,0,0,0,0,0,0,6,0,0,0,0,0,0,1,0,1,0,4,11,4,0,1,0,6
η‘γ“c‹ζ‰i“c’¬‚Q’–Ϊ,12,1,0,1,1,0,0,0,1,0,0,0,0,0,0,0,0,0,0,6,0,0,0,0,0,0,0,0,0,1,5,4,3,0,0,0,1
η‘γ“c‹ζΌ_“c‚P’–Ϊ,1,0,0,0,0,0,0,0,0,0,0,0,0,0,0,0,0,0,0,1,0,0,0,0,0,0,0,0,0,0,1,0,0,0,0,0,0
η‘γ“c‹ζΌ_“c‚Q’–Ϊ,3,0,0,0,0,0,0,0,0,0,0,0,0,0,0,0,0,0,0,0,0,0,0,0,0,0,0,0,0,0,0,3,1,0,0,0,2
η‘γ“c‹ζΌ_“c‚R’–Ϊ,1,0,0,0,1,0,0,1,0,0,0,0,0,0,0,0,0,0,0,0,0,0,0,0,0,0,0,0,0,0,0,0,0,0,0,0,0
η‘γ“c‹ζ“ρ”Τ’¬,6,0,0,0,0,0,0,0,0,0,0,0,0,0,0,0,0,0,0,2,0,1,0,0,0,0,0,0,0,0,1,4,1,0,1,0,2
η‘γ“c‹ζ“_“c‚P’–Ϊ,3,0,0,0,1,0,0,1,0,0,0,0,0,0,0,0,0,0,0,1,0,0,1,0,0,0,0,0,0,0,0,1,1,0,0,0,0
η‘γ“c‹ζ“_“c‚Q’–Ϊ,2,0,0,0,0,0,0,0,0,0,0,0,0,0,0,0,0,0,0,2,0,0,2,0,0,0,0,0,0,0,0,0,0,0,0,0,0
η‘γ“c‹ζ“_“c‚R’–Ϊ,1,0,0,0,0,0,0,0,0,0,0,0,0,0,0,0,0,0,0,1,0,0,0,0,0,0,0,0,0,0,1,0,0,0,0,0,0
η‘γ“c‹ζ“ϊ”δ’Jφ‰€,2,0,0,0,0,0,0,0,0,0,0,0,0,0,0,0,0,0,0,1,0,0,0,1,0,0,0,0,0,0,0,1,0,1,0,0,0
η‘γ“c‹ζ•½‰Ν’¬‚P’–Ϊ,5,0,0,0,1,0,1,0,0,0,0,0,0,0,0,0,0,0,0,0,0,0,0,0,0,0,0,0,0,0,0,4,4,0,0,0,0
η‘γ“c‹ζ•½‰Ν’¬‚Q’–Ϊ,8,0,0,0,0,0,0,0,0,0,0,0,0,0,0,0,0,0,0,2,0,0,1,0,0,0,0,0,0,1,0,6,2,0,0,0,4
η‘γ“c‹ζ•xm©‚P’–Ϊ,1,0,0,0,0,0,0,0,0,0,0,0,0,0,0,0,0,0,0,1,0,0,1,0,0,0,0,0,0,0,0,0,0,0,0,0,0
η‘γ“c‹ζ•xm©‚Q’–Ϊ,13,0,0,0,1,0,0,1,0,0,1,0,0,0,0,0,0,0,1,7,0,0,2,1,0,0,0,0,0,2,2,4,2,0,2,0,0
η‘γ“c‹ζΫ‚Μ“ΰ‚P’–Ϊ,322,0,0,0,24,0,16,7,1,0,0,0,0,0,0,0,0,0,0,158,0,0,2,0,0,1,7,0,17,70,61,140,40,18,3,0,79
η‘γ“c‹ζΫ‚Μ“ΰ‚Q’–Ϊ,31,0,0,0,3,0,2,1,0,0,0,0,0,0,0,0,0,0,0,16,1,0,2,0,0,0,0,0,2,9,2,12,4,2,0,0,6
η‘γ“c‹ζΫ‚Μ“ΰ‚R’–Ϊ,18,0,0,0,1,0,0,1,0,0,0,0,0,0,0,0,0,0,0,7,0,0,1,0,0,0,1,0,1,1,3,10,7,1,0,0,2
η‘γ“c‹ζ_“cOθ’¬‚Q’–Ϊ,14,1,0,1,3,0,3,0,0,0,0,0,0,0,0,0,0,0,0,3,0,0,1,0,0,0,0,0,0,0,2,7,4,0,1,0,2
η‘γ“c‹ζ_“cOθ’¬‚R’–Ϊ,8,0,0,0,0,0,0,0,0,0,0,0,0,0,0,0,0,0,0,3,0,0,0,0,0,0,0,0,3,0,0,5,5,0,0,0,0
η‘γ“c‹ζ—Ly’¬‚P’–Ϊ,56,1,1,0,11,0,8,3,0,0,0,0,0,0,0,0,0,0,0,22,0,0,0,0,0,0,1,0,1,13,7,22,9,5,1,0,7
η‘γ“c‹ζ—Ly’¬‚Q’–Ϊ,73,1,1,0,7,0,5,1,1,0,2,0,0,0,0,0,0,0,2,47,0,0,1,0,0,0,0,0,3,26,17,16,3,8,0,0,5
η‘γ“c‹ζl”Τ’¬,6,0,0,0,0,0,0,0,0,0,0,0,0,0,0,0,0,0,0,6,0,0,0,0,0,0,0,0,0,0,6,0,0,0,0,0,0
η‘γ“c‹ζZ”Τ’¬,4,0,0,0,0,0,0,0,0,0,0,0,0,0,0,0,0,0,0,3,0,0,1,0,0,0,0,0,0,0,2,1,1,0,0,0,0
η‘γ“c‹ζv,1505,11,5,6,160,0,104,46,8,2,31,2,0,6,11,2,0,0,10,740,2,3,67,7,0,3,26,1,65,278,288,563,218,62,27,0,256
’†‰›‹ζ–ΎΞ’¬,7,0,0,0,0,0,0,0,0,0,0,0,0,0,0,0,0,0,0,3,0,0,0,0,0,0,0,0,0,0,3,4,3,0,0,0,1
’†‰›‹ζ“ό‘D‚P’–Ϊ,2,0,0,0,0,0,0,0,0,0,0,0,0,0,0,0,0,0,0,2,0,0,1,0,0,0,0,0,0,0,1,0,0,0,0,0,0
’†‰›‹ζ“ό‘D‚Q’–Ϊ,1,0,0,0,1,0,1,0,0,0,0,0,0,0,0,0,0,0,0,0,0,0,0,0,0,0,0,0,0,0,0,0,0,0,0,0,0
’†‰›‹ζ“ό‘D‚R’–Ϊ,3,0,0,0,2,0,1,1,0,0,0,0,0,0,0,0,0,0,0,0,0,0,0,0,0,0,0,0,0,0,0,1,0,0,0,0,1
’†‰›‹ζ‚Η‚«‚P’–Ϊ,19,0,0,0,3,0,2,0,1,0,0,0,0,0,0,0,0,0,0,12,0,0,6,0,0,0,0,0,0,3,3,4,1,0,1,0,2
’†‰›‹ζ‚Η‚«‚Q’–Ϊ,9,0,0,0,1,0,0,1,0,0,0,0,0,0,0,0,0,0,0,2,0,0,2,0,0,0,0,0,0,0,0,6,1,0,0,0,5
’†‰›‹ζ‚Η‚«‚R’–Ϊ,6,0,0,0,1,0,0,1,0,0,0,0,0,0,0,0,0,0,0,2,0,0,1,0,0,0,0,0,0,0,1,3,2,0,0,0,1
’†‰›‹ζ‚Η‚«‚S’–Ϊ,7,1,0,1,2,0,2,0,0,0,0,0,0,0,0,0,0,0,0,2,0,0,1,0,0,0,0,0,0,1,0,2,1,0,0,0,1
’†‰›‹ζ‚Η‚«‚T’–Ϊ,11,0,0,0,3,0,1,2,0,0,0,0,0,0,0,0,0,0,0,7,0,0,3,1,0,0,0,0,0,1,2,1,0,0,0,0,1
’†‰›‹ζ‚Η‚«‚U’–Ϊ,17,0,0,0,1,0,0,0,0,1,0,0,0,0,0,0,0,0,0,6,0,0,3,0,0,0,0,0,0,0,3,10,1,0,0,0,9
’†‰›‹ζ‹‹΄‚P’–Ϊ,6,0,0,0,0,0,0,0,0,0,0,0,0,0,0,0,0,0,0,3,0,0,1,0,0,0,1,0,0,0,1,3,1,0,0,0,2
’†‰›‹ζ‹‹΄‚Q’–Ϊ,14,0,0,0,4,0,3,0,1,0,0,0,0,0,0,0,0,0,0,6,0,0,1,0,0,0,1,0,2,1,1,4,4,0,0,0,0
’†‰›‹ζ‹‹΄‚R’–Ϊ,3,0,0,0,0,0,0,0,0,0,1,0,0,0,1,0,0,0,0,1,0,0,0,0,0,0,0,0,0,1,0,1,1,0,0,0,0
’†‰›‹ζ‹βΐ‚P’–Ϊ,24,2,2,0,2,0,1,1,0,0,0,0,0,0,0,0,0,0,0,15,0,0,3,1,0,0,0,0,0,3,8,5,1,2,0,0,2
’†‰›‹ζ‹βΐ‚Q’–Ϊ,24,0,0,0,1,0,1,0,0,0,0,0,0,0,0,0,0,0,0,18,0,0,2,0,0,0,0,0,0,15,1,5,4,0,0,0,1
’†‰›‹ζ‹βΐ‚R’–Ϊ,48,0,0,0,4,0,3,1,0,0,1,0,0,0,1,0,0,0,0,37,0,0,5,0,0,0,0,0,0,26,6,6,1,1,0,0,4
’†‰›‹ζ‹βΐ‚S’–Ϊ,48,0,0,0,4,0,3,1,0,0,0,0,0,0,0,0,0,0,0,34,0,0,1,0,0,0,6,0,0,22,5,10,3,2,0,0,5
’†‰›‹ζ‹βΐ‚T’–Ϊ,47,0,0,0,2,0,2,0,0,0,0,0,0,0,0,0,0,0,0,33,0,0,2,1,1,0,3,0,0,14,12,12,4,4,0,0,4
’†‰›‹ζ‹βΐ‚U’–Ϊ,52,0,0,0,3,0,2,1,0,0,0,0,0,0,0,0,0,0,0,37,0,1,2,1,0,0,2,0,3,19,9,12,6,1,1,0,4
’†‰›‹ζ‹βΐ‚V’–Ϊ,31,0,0,0,10,0,4,6,0,0,0,0,0,0,0,0,0,0,0,13,0,0,0,0,0,0,2,0,0,5,6,8,3,0,0,0,5
’†‰›‹ζ‹βΐ‚W’–Ϊ,57,0,0,0,8,0,3,5,0,0,3,0,0,0,3,0,0,0,0,26,0,0,3,2,0,0,0,0,0,5,16,20,8,2,2,0,8
’†‰›‹ζVμ‚P’–Ϊ,44,0,0,0,2,0,2,0,0,0,2,0,0,0,1,0,0,0,1,9,0,0,4,0,0,0,0,0,0,5,0,31,30,0,0,0,1
’†‰›‹ζVμ‚Q’–Ϊ,10,1,0,1,3,0,2,1,0,0,0,0,0,0,0,0,0,0,0,5,0,0,2,1,0,0,0,0,0,0,2,1,0,0,0,0,1
’†‰›‹ζV•x‚P’–Ϊ,6,0,0,0,0,0,0,0,0,0,0,0,0,0,0,0,0,0,0,3,0,0,0,0,0,0,0,0,0,0,3,3,2,0,0,0,1
’†‰›‹ζV•x‚Q’–Ϊ,2,0,0,0,0,0,0,0,0,0,0,0,0,0,0,0,0,0,0,0,0,0,0,0,0,0,0,0,0,0,0,2,1,0,0,0,1
’†‰›‹ζ“‡‚P’–Ϊ,23,1,1,0,2,0,1,1,0,0,0,0,0,0,0,0,0,0,0,12,0,0,4,2,0,0,0,0,0,3,3,8,3,1,0,0,4
’†‰›‹ζ“‡‚Q’–Ϊ,8,0,0,0,2,0,0,2,0,0,0,0,0,0,0,0,0,0,0,3,0,0,2,0,0,0,0,0,0,0,1,3,0,1,0,0,2
’†‰›‹ζ“‡‚R’–Ϊ,8,0,0,0,0,0,0,0,0,0,0,0,0,0,0,0,0,0,0,4,0,0,2,0,0,0,0,0,0,0,2,4,1,0,0,0,3
’†‰›‹ζ“‡‚S’–Ϊ,7,0,0,0,0,0,0,0,0,0,0,0,0,0,0,0,0,0,0,3,0,0,2,0,0,0,0,0,0,0,1,4,2,0,0,0,2
’†‰›‹ζ’z’n‚P’–Ϊ,10,0,0,0,0,0,0,0,0,0,0,0,0,0,0,0,0,0,0,3,0,0,1,0,0,0,0,0,0,0,2,7,2,2,3,0,0
’†‰›‹ζ’z’n‚Q’–Ϊ,7,0,0,0,0,0,0,0,0,0,0,0,0,0,0,0,0,0,0,2,0,0,1,0,0,0,1,0,0,0,0,5,4,0,0,0,1
’†‰›‹ζ’z’n‚R’–Ϊ,28,0,0,0,2,0,1,1,0,0,0,0,0,0,0,0,0,0,0,2,0,0,1,0,0,0,0,0,0,0,1,24,23,0,0,0,1
’†‰›‹ζ’z’n‚S’–Ϊ,8,0,0,0,0,0,0,0,0,0,0,0,0,0,0,0,0,0,0,7,0,0,1,0,0,0,4,0,0,0,2,1,0,0,1,0,0
’†‰›‹ζ’z’n‚T’–Ϊ,3,0,0,0,2,0,2,0,0,0,0,0,0,0,0,0,0,0,0,0,0,0,0,0,0,0,0,0,0,0,0,1,0,0,0,0,1
’†‰›‹ζ’z’n‚U’–Ϊ,5,0,0,0,1,0,0,1,0,0,0,0,0,0,0,0,0,0,0,1,0,0,1,0,0,0,0,0,0,0,0,3,2,0,0,0,1
’†‰›‹ζ’z’n‚V’–Ϊ,3,0,0,0,0,0,0,0,0,0,0,0,0,0,0,0,0,0,0,2,0,0,0,0,0,0,0,0,0,0,2,1,1,0,0,0,0
’†‰›‹ζ’Ο‚P’–Ϊ,3,0,0,0,1,0,0,0,0,1,0,0,0,0,0,0,0,0,0,1,0,0,0,0,0,0,0,0,0,0,1,1,1,0,0,0,0
’†‰›‹ζ’Ο‚Q’–Ϊ,15,0,0,0,4,0,2,2,0,0,0,0,0,0,0,0,0,0,0,6,0,0,4,0,0,0,0,0,0,1,1,5,1,0,0,0,4
’†‰›‹ζ’Ο‚R’–Ϊ,4,0,0,0,0,0,0,0,0,0,0,0,0,0,0,0,0,0,0,4,0,0,2,0,0,0,0,0,0,0,2,0,0,0,0,0,0
’†‰›‹ζ–LC’¬,5,1,0,1,1,0,0,0,1,0,0,0,0,0,0,0,0,0,0,3,0,0,0,0,0,0,0,0,0,0,3,0,0,0,0,0,0
’†‰›‹ζ“ϊ–{‹΄‚P’–Ϊ,17,0,0,0,2,0,1,1,0,0,0,0,0,0,0,0,0,0,0,4,0,0,0,0,0,0,1,0,0,0,3,11,1,0,1,0,9
’†‰›‹ζ“ϊ–{‹΄‚Q’–Ϊ,29,0,0,0,0,0,0,0,0,0,1,0,0,0,0,0,0,0,1,19,0,0,3,0,0,0,0,0,1,9,6,9,4,3,0,0,2
’†‰›‹ζ“ϊ–{‹΄‚R’–Ϊ,6,0,0,0,2,0,1,1,0,0,0,0,0,0,0,0,0,0,0,0,0,0,0,0,0,0,0,0,0,0,0,4,3,0,0,0,1
’†‰›‹ζ“ϊ–{‹΄‘ε“`”n’¬,13,0,0,0,1,0,0,1,0,0,0,0,0,0,0,0,0,0,0,1,0,0,0,0,0,0,0,0,0,0,1,11,8,0,1,0,2
’†‰›‹ζ“ϊ–{‹΄ak’¬‚P’–Ϊ,13,0,0,0,0,0,0,0,0,0,1,0,0,0,0,0,0,0,1,8,0,0,3,0,0,0,0,0,0,1,4,4,4,0,0,0,0
’†‰›‹ζ“ϊ–{‹΄ak’¬‚Q’–Ϊ,6,0,0,0,2,0,0,1,1,0,0,0,0,0,0,0,0,0,0,4,0,0,1,2,0,0,0,0,0,0,1,0,0,0,0,0,0
’†‰›‹ζ“ϊ–{‹΄•’¬,7,0,0,0,0,0,0,0,0,0,0,0,0,0,0,0,0,0,0,2,0,0,1,0,0,0,0,0,0,0,1,5,3,0,1,0,1
’†‰›‹ζ“ϊ–{‹΄κ’¬‚P’–Ϊ,13,0,0,0,3,0,0,2,1,0,0,0,0,0,0,0,0,0,0,7,0,0,3,0,0,0,0,0,0,2,2,3,0,0,0,0,3
’†‰›‹ζ“ϊ–{‹΄κ’¬‚Q’–Ϊ,5,1,0,1,0,0,0,0,0,0,0,0,0,0,0,0,0,0,0,3,0,0,1,0,0,1,0,0,0,0,1,1,0,0,0,0,1
’†‰›‹ζ“ϊ–{‹΄¬–Τ’¬,8,0,0,0,1,0,0,0,0,1,0,0,0,0,0,0,0,0,0,3,0,0,1,0,0,0,0,0,0,0,2,4,2,0,0,0,2
’†‰›‹ζ“ϊ–{‹΄¬“`”n’¬,7,0,0,0,0,0,0,0,0,0,0,0,0,0,0,0,0,0,0,2,0,0,2,0,0,0,0,0,0,0,0,5,4,0,1,0,0
’†‰›‹ζ“ϊ–{‹΄¬M’¬,3,0,0,0,1,0,0,1,0,0,0,0,0,0,0,0,0,0,0,2,0,0,2,0,0,0,0,0,0,0,0,0,0,0,0,0,0
’†‰›‹ζ“ϊ–{‹΄•x‘ς’¬,4,1,0,1,0,0,0,0,0,0,0,0,0,0,0,0,0,0,0,2,0,0,1,0,0,0,0,0,0,0,1,1,0,0,0,0,1
’†‰›‹ζ“ϊ–{‹΄’†F,8,0,0,0,1,0,1,0,0,0,0,0,0,0,0,0,0,0,0,4,0,0,1,0,0,0,0,0,0,2,1,3,3,0,0,0,0
’†‰›‹ζ“ϊ–{‹΄l`’¬‚P’–Ϊ,13,2,1,1,1,0,0,1,0,0,1,0,0,0,1,0,0,0,0,4,0,0,0,0,0,0,0,0,0,4,0,5,2,0,0,0,3
’†‰›‹ζ“ϊ–{‹΄l`’¬‚Q’–Ϊ,18,0,0,0,4,0,4,0,0,0,0,0,0,0,0,0,0,0,0,7,0,0,3,2,0,0,0,0,0,0,2,7,1,1,1,0,4
’†‰›‹ζ“ϊ–{‹΄l`’¬‚R’–Ϊ,6,0,0,0,0,0,0,0,0,0,1,0,0,0,0,0,0,0,1,1,0,0,0,0,0,0,0,0,0,0,1,4,4,0,0,0,0
’†‰›‹ζ“ϊ–{‹΄” θ’¬,15,1,0,1,2,0,0,1,1,0,0,0,0,0,0,0,0,0,0,4,0,0,1,1,0,1,0,0,0,1,0,8,2,0,1,0,5
’†‰›‹ζ“ϊ–{‹΄•l’¬‚P’–Ϊ,3,0,0,0,0,0,0,0,0,0,0,0,0,0,0,0,0,0,0,1,0,0,1,0,0,0,0,0,0,0,0,2,2,0,0,0,0
’†‰›‹ζ“ϊ–{‹΄•l’¬‚Q’–Ϊ,18,1,0,1,2,0,1,1,0,0,0,0,0,0,0,0,0,0,0,9,0,0,8,0,0,0,0,0,0,0,1,6,4,0,0,0,2
’†‰›‹ζ“ϊ–{‹΄•l’¬‚R’–Ϊ,5,0,0,0,0,0,0,0,0,0,0,0,0,0,0,0,0,0,0,2,0,1,1,0,0,0,0,0,0,0,0,3,2,0,0,0,1
’†‰›‹ζ“ϊ–{‹΄”n‹ς’¬‚P’–Ϊ,4,0,0,0,1,0,1,0,0,0,0,0,0,0,0,0,0,0,0,2,0,0,1,0,0,0,0,0,0,0,1,1,0,0,0,0,1
’†‰›‹ζ“ϊ–{‹΄”n‹ς’¬‚Q’–Ϊ,6,0,0,0,1,0,1,0,0,0,0,0,0,0,0,0,0,0,0,1,0,0,0,0,0,0,0,0,0,0,1,4,2,1,0,0,1
’†‰›‹ζ“ϊ–{‹΄‹vΌ’¬,4,0,0,0,0,0,0,0,0,0,0,0,0,0,0,0,0,0,0,2,0,0,1,0,0,0,0,0,0,0,1,2,0,2,0,0,0
’†‰›‹ζ“ϊ–{‹΄–x—―’¬‚P’–Ϊ,4,0,0,0,1,0,0,1,0,0,0,0,0,0,0,0,0,0,0,2,0,0,1,0,0,0,0,0,0,0,1,1,0,0,0,0,1
’†‰›‹ζ“ϊ–{‹΄–x—―’¬‚Q’–Ϊ,3,0,0,0,1,0,0,0,1,0,0,0,0,0,0,0,0,0,0,0,0,0,0,0,0,0,0,0,0,0,0,2,1,0,0,0,1
’†‰›‹ζ“ϊ–{‹΄–{Ξ’¬‚Q’–Ϊ,11,0,0,0,0,0,0,0,0,0,0,0,0,0,0,0,0,0,0,0,0,0,0,0,0,0,0,0,0,0,0,11,0,0,11,0,0
’†‰›‹ζ“ϊ–{‹΄–{Ξ’¬‚R’–Ϊ,4,0,0,0,0,0,0,0,0,0,0,0,0,0,0,0,0,0,0,3,0,0,0,0,0,0,0,0,0,1,2,1,0,0,0,0,1
’†‰›‹ζ“ϊ–{‹΄–{’¬‚Q’–Ϊ,2,0,0,0,0,0,0,0,0,0,0,0,0,0,0,0,0,0,0,0,0,0,0,0,0,0,0,0,0,0,0,2,1,0,0,0,1
’†‰›‹ζ“ϊ–{‹΄–{’¬‚R’–Ϊ,2,0,0,0,0,0,0,0,0,0,0,0,0,0,0,0,0,0,0,0,0,0,0,0,0,0,0,0,0,0,0,2,2,0,0,0,0
’†‰›‹ζ“ϊ–{‹΄–{’¬‚S’–Ϊ,4,0,0,0,0,0,0,0,0,0,0,0,0,0,0,0,0,0,0,2,0,0,2,0,0,0,0,0,0,0,0,2,0,0,1,0,1
’†‰›‹ζ“ϊ–{‹΄Ί’¬‚P’–Ϊ,11,0,0,0,3,0,2,1,0,0,0,0,0,0,0,0,0,0,0,7,0,1,0,0,0,0,0,0,1,5,0,1,1,0,0,0,0
’†‰›‹ζ“ϊ–{‹΄Ί’¬‚Q’–Ϊ,10,0,0,0,0,0,0,0,0,0,0,0,0,0,0,0,0,0,0,3,0,0,0,0,0,0,1,0,0,1,1,7,4,0,0,0,3
’†‰›‹ζ“ϊ–{‹΄Ί’¬‚R’–Ϊ,8,0,0,0,0,0,0,0,0,0,0,0,0,0,0,0,0,0,0,7,0,0,2,0,0,0,0,0,0,3,2,1,1,0,0,0,0
’†‰›‹ζ“ϊ–{‹΄Ί’¬‚S’–Ϊ,5,0,0,0,2,0,2,0,0,0,0,0,0,0,0,0,0,0,0,3,0,0,0,0,0,0,0,0,2,0,1,0,0,0,0,0,0
’†‰›‹ζ“ϊ–{‹΄‰΅R’¬,16,0,0,0,3,0,1,2,0,0,0,0,0,0,0,0,0,0,0,9,0,0,4,0,0,0,0,0,1,1,3,4,0,1,0,0,3
’†‰›‹ζ”ª’–x‚P’–Ϊ,2,0,0,0,1,0,0,1,0,0,0,0,0,0,0,0,0,0,0,0,0,0,0,0,0,0,0,0,0,0,0,1,1,0,0,0,0
’†‰›‹ζ”ª’–x‚Q’–Ϊ,14,1,0,1,1,0,0,0,0,1,0,0,0,0,0,0,0,0,0,6,0,0,0,0,0,0,1,0,0,1,4,6,4,0,1,0,1
’†‰›‹ζ”ª’–x‚R’–Ϊ,9,0,0,0,2,0,0,2,0,0,0,0,0,0,0,0,0,0,0,3,0,0,3,0,0,0,0,0,0,0,0,4,2,0,0,0,2
’†‰›‹ζ”ª’–x‚S’–Ϊ,4,0,0,0,2,0,2,0,0,0,0,0,0,0,0,0,0,0,0,0,0,0,0,0,0,0,0,0,0,0,0,2,1,0,0,0,1
’†‰›‹ζ°C‚P’–Ϊ,10,0,0,0,0,0,0,0,0,0,0,0,0,0,0,0,0,0,0,7,0,0,2,0,0,0,0,0,0,4,1,3,3,0,0,0,0
’†‰›‹ζ°C‚Q’–Ϊ,8,0,0,0,1,0,1,0,0,0,0,0,0,0,0,0,0,0,0,2,0,0,1,0,0,0,0,0,0,0,1,5,3,1,0,0,1
’†‰›‹ζ°C‚R’–Ϊ,10,0,0,0,0,0,0,0,0,0,0,0,0,0,0,0,0,0,0,6,0,0,2,0,0,0,0,0,0,1,3,4,1,1,0,0,2
’†‰›‹ζ°C‚T’–Ϊ,33,0,0,0,6,0,2,1,3,0,0,0,0,0,0,0,0,0,0,15,0,0,3,1,0,0,0,0,0,2,9,12,1,2,0,0,9
’†‰›‹ζ““ϊ–{‹΄‚P’–Ϊ,7,0,0,0,1,0,1,0,0,0,0,0,0,0,0,0,0,0,0,3,0,0,0,0,0,0,0,0,0,3,0,3,1,0,2,0,0
’†‰›‹ζ““ϊ–{‹΄‚Q’–Ϊ,7,0,0,0,0,0,0,0,0,0,0,0,0,0,0,0,0,0,0,3,0,0,2,0,0,0,0,0,0,1,0,4,3,0,0,0,1
’†‰›‹ζ““ϊ–{‹΄‚R’–Ϊ,11,0,0,0,1,0,0,1,0,0,0,0,0,0,0,0,0,0,0,7,0,0,1,1,0,0,2,0,0,0,3,3,1,0,0,0,2
’†‰›‹ζ–©‚P’–Ϊ,4,0,0,0,0,0,0,0,0,0,0,0,0,0,0,0,0,0,0,3,0,0,1,1,0,0,0,0,0,0,1,1,0,0,0,0,1
’†‰›‹ζ–©‚Q’–Ϊ,2,0,0,0,1,0,0,1,0,0,0,0,0,0,0,0,0,0,0,0,0,0,0,0,0,0,0,0,0,0,0,1,0,1,0,0,0
’†‰›‹ζ–©‚R’–Ϊ,2,0,0,0,0,0,0,0,0,0,0,0,0,0,0,0,0,0,0,1,0,0,0,0,0,0,0,0,0,0,1,1,1,0,0,0,0
’†‰›‹ζ”ªdF‚P’–Ϊ,37,0,0,0,3,0,2,1,0,0,0,0,0,0,0,0,0,0,0,17,0,0,2,0,0,0,0,0,0,13,2,17,14,0,3,0,0
’†‰›‹ζ”ªdF‚Q’–Ϊ,21,1,1,0,3,0,2,1,0,0,2,0,0,0,0,0,0,0,2,10,0,0,0,0,0,0,1,0,2,3,4,5,1,0,1,0,3
’†‰›‹ζv,1127,14,5,9,128,0,64,50,10,4,13,0,0,0,7,0,0,0,6,542,0,3,125,17,1,2,26,0,12,183,173,430,216,29,33,0,152
`‹ζΤβ‚P’–Ϊ,12,0,0,0,1,0,0,1,0,0,0,0,0,0,0,0,0,0,0,4,0,0,0,0,0,0,0,0,0,3,1,7,6,0,0,0,1
`‹ζΤβ‚Q’–Ϊ,27,2,0,2,3,0,2,1,0,0,1,0,0,0,0,0,0,0,1,10,0,0,2,0,0,0,0,0,0,3,5,11,5,2,0,0,4
`‹ζΤβ‚R’–Ϊ,33,3,1,2,4,0,3,1,0,0,0,0,0,0,0,0,0,0,0,11,0,0,0,0,0,0,0,0,0,4,7,15,5,1,0,0,9
`‹ζΤβ‚S’–Ϊ,13,1,0,1,2,0,2,0,0,0,0,0,0,0,0,0,0,0,0,2,0,0,2,0,0,0,0,0,0,0,0,8,8,0,0,0,0
`‹ζΤβ‚T’–Ϊ,15,0,0,0,1,0,1,0,0,0,0,0,0,0,0,0,0,0,0,10,0,0,1,0,0,0,1,0,2,2,4,4,4,0,0,0,0
`‹ζΤβ‚U’–Ϊ,17,1,0,1,3,0,1,2,0,0,0,0,0,0,0,0,0,0,0,4,0,0,3,0,0,0,0,0,0,0,1,9,5,1,0,0,3
`‹ζΤβ‚V’–Ϊ,3,0,0,0,0,0,0,0,0,0,0,0,0,0,0,0,0,0,0,1,0,0,1,0,0,0,0,0,0,0,0,2,1,0,0,0,1
`‹ζΤβ‚W’–Ϊ,8,1,0,1,0,0,0,0,0,0,1,0,0,0,1,0,0,0,0,4,0,0,0,0,0,1,0,0,0,1,2,2,2,0,0,0,0
`‹ζΤβ‚X’–Ϊ,38,1,0,1,3,0,2,1,0,0,3,0,0,1,0,1,0,0,1,20,0,0,2,0,0,0,1,0,1,9,7,11,5,0,0,0,6
`‹ζ–ƒ•z\”Τ‚P’–Ϊ,23,0,0,0,7,0,4,3,0,0,0,0,0,0,0,0,0,0,0,10,0,0,3,0,0,0,2,0,1,1,3,6,0,0,1,0,5
`‹ζ–ƒ•z\”Τ‚Q’–Ϊ,20,0,0,0,4,0,1,2,1,0,0,0,0,0,0,0,0,0,0,10,0,0,4,2,0,0,0,0,0,1,3,6,5,0,0,0,1
`‹ζ–ƒ•z\”Τ‚R’–Ϊ,6,0,0,0,1,0,1,0,0,0,0,0,0,0,0,0,0,0,0,1,0,0,1,0,0,0,0,0,0,0,0,4,1,0,0,0,3
`‹ζ–ƒ•z\”Τ‚S’–Ϊ,5,0,0,0,0,0,0,0,0,0,0,0,0,0,0,0,0,0,0,2,0,0,2,0,0,0,0,0,0,0,0,3,0,0,0,0,3
`‹ζ–ƒ•z‘δ‚P’–Ϊ,13,1,1,0,0,0,0,0,0,0,0,0,0,0,0,0,0,0,0,6,0,0,0,1,0,0,0,0,0,4,1,6,4,2,0,0,0
`‹ζ–ƒ•z‘δ‚Q’–Ϊ,4,0,0,0,1,0,0,1,0,0,0,0,0,0,0,0,0,0,0,1,0,0,0,0,0,0,0,0,0,0,1,2,2,0,0,0,0
`‹ζ–ƒ•z‘δ‚R’–Ϊ,3,0,0,0,0,0,0,0,0,0,0,0,0,0,0,0,0,0,0,0,0,0,0,0,0,0,0,0,0,0,0,3,1,0,0,0,2
`‹ζ¤“†‚P’–Ϊ,3,0,0,0,0,0,0,0,0,0,0,0,0,0,0,0,0,0,0,2,0,0,1,0,0,0,0,0,0,0,1,1,1,0,0,0,0
`‹ζ¤“†‚Q’–Ϊ,4,0,0,0,0,0,0,0,0,0,0,0,0,0,0,0,0,0,0,0,0,0,0,0,0,0,0,0,0,0,0,4,3,0,0,0,1
`‹ζCέ‚P’–Ϊ,25,0,0,0,6,0,4,2,0,0,0,0,0,0,0,0,0,0,0,11,0,0,1,1,0,0,0,0,2,4,3,8,4,0,0,0,4
`‹ζCέ‚Q’–Ϊ,2,0,0,0,0,0,0,0,0,0,0,0,0,0,0,0,0,0,0,0,0,0,0,0,0,0,0,0,0,0,0,2,1,0,1,0,0
`‹ζCέ‚R’–Ϊ,28,0,0,0,2,0,2,0,0,0,1,0,0,0,0,0,0,0,1,14,0,0,1,0,0,0,0,0,0,7,6,11,3,1,0,0,7
`‹ζ–kΒR‚P’–Ϊ,7,0,0,0,3,0,2,1,0,0,0,0,0,0,0,0,0,0,0,2,0,0,1,0,0,0,1,0,0,0,0,2,2,0,0,0,0
`‹ζ–kΒR‚Q’–Ϊ,16,0,0,0,0,0,0,0,0,0,0,0,0,0,0,0,0,0,0,5,0,0,0,0,0,0,0,0,1,1,3,11,7,0,0,0,4
`‹ζ–kΒR‚R’–Ϊ,27,0,0,0,2,0,1,1,0,0,0,0,0,0,0,0,0,0,0,9,0,0,3,0,0,0,3,0,0,0,3,16,6,1,0,0,9
`‹ζ`“μ‚P’–Ϊ,10,0,0,0,1,0,1,0,0,0,0,0,0,0,0,0,0,0,0,3,0,0,0,0,0,0,0,0,0,1,2,6,3,0,2,0,1
`‹ζ`“μ‚Q’–Ϊ,70,0,0,0,5,0,4,0,1,0,0,0,0,0,0,0,0,0,0,38,0,0,4,0,0,0,2,0,0,11,21,27,14,3,0,0,10
`‹ζ`“μ‚R’–Ϊ,9,0,0,0,2,0,1,1,0,0,0,0,0,0,0,0,0,0,0,4,0,1,2,0,0,0,0,0,0,1,0,3,2,0,0,0,1
`‹ζ`“μ‚S’–Ϊ,14,0,0,0,2,0,2,0,0,0,0,0,0,0,0,0,0,0,0,5,0,0,3,0,0,0,0,0,0,1,1,7,4,0,0,0,3
`‹ζ`“μ‚T’–Ϊ,10,0,0,0,1,0,0,1,0,0,0,0,0,0,0,0,0,0,0,3,0,0,0,0,0,0,1,0,0,0,2,6,3,0,0,0,3
`‹ζΕ‚P’–Ϊ,7,0,0,0,2,0,2,0,0,0,0,0,0,0,0,0,0,0,0,2,0,0,1,0,0,0,0,0,0,0,1,3,2,0,0,0,1
`‹ζΕ‚R’–Ϊ,10,0,0,0,0,0,0,0,0,0,1,0,0,1,0,0,0,0,0,4,0,1,2,0,0,0,0,0,0,0,1,5,4,0,0,0,1
`‹ζΕ‚S’–Ϊ,17,1,0,1,1,0,1,0,0,0,1,0,0,0,0,1,0,0,0,6,0,0,1,0,0,0,0,0,0,3,2,8,5,2,0,0,1
`‹ζΕ‚T’–Ϊ,56,0,0,0,6,0,4,2,0,0,2,0,0,0,1,0,0,0,1,29,0,1,4,0,0,0,8,0,0,6,10,19,3,3,0,0,13
`‹ζΕ‰Y‚P’–Ϊ,11,0,0,0,2,0,2,0,0,0,0,0,0,0,0,0,0,0,0,8,0,2,1,0,0,0,0,0,0,1,4,1,1,0,0,0,0
`‹ζΕ‰Y‚Q’–Ϊ,4,0,0,0,0,0,0,0,0,0,1,0,0,0,0,1,0,0,0,1,0,0,0,0,0,0,0,0,0,1,0,2,1,0,0,0,1
`‹ζΕ‰Y‚R’–Ϊ,32,1,1,0,4,0,3,1,0,0,0,0,0,0,0,0,0,0,0,22,0,0,4,0,0,0,0,0,0,15,3,5,3,0,1,0,1
`‹ζΕ‰Y‚S’–Ϊ,22,0,0,0,3,0,1,2,0,0,0,0,0,0,0,0,0,0,0,4,1,0,1,1,0,0,0,0,0,0,1,15,5,1,3,0,6
`‹ζΕφ‰€‚P’–Ϊ,2,0,0,0,0,0,0,0,0,0,0,0,0,0,0,0,0,0,0,1,0,0,0,0,0,0,0,0,0,0,1,1,0,0,1,0,0
`‹ζΕφ‰€‚Q’–Ϊ,2,0,0,0,0,0,0,0,0,0,0,0,0,0,0,0,0,0,0,1,0,0,0,0,0,0,0,0,0,0,1,1,0,1,0,0,0
`‹ζΕφ‰€‚R’–Ϊ,4,0,0,0,0,0,0,0,0,0,0,0,0,0,0,0,0,0,0,1,0,0,0,0,0,0,0,0,0,0,1,3,3,0,0,0,0
`‹ζΕφ‰€‚S’–Ϊ,10,0,0,0,1,0,1,0,0,0,0,0,0,0,0,0,0,0,0,6,0,0,0,0,0,0,2,0,0,0,4,3,0,0,0,0,3
`‹ζΕ‘ε–ε‚P’–Ϊ,12,0,0,0,1,0,0,1,0,0,0,0,0,0,0,0,0,0,0,6,0,0,1,0,0,0,0,0,1,0,4,5,2,0,0,0,3
`‹ζΕ‘ε–ε‚Q’–Ϊ,4,0,0,0,0,0,0,0,0,0,0,0,0,0,0,0,0,0,0,3,0,0,2,0,0,0,0,0,0,0,1,1,1,0,0,0,0
`‹ζ”’‹ΰ‚P’–Ϊ,15,0,0,0,1,0,1,0,0,0,0,0,0,0,0,0,0,0,0,9,0,0,3,0,0,0,0,0,0,2,4,5,0,1,0,0,4
`‹ζ”’‹ΰ‚Q’–Ϊ,2,0,0,0,0,0,0,0,0,0,0,0,0,0,0,0,0,0,0,1,0,0,0,0,0,0,0,0,0,0,1,1,0,0,0,0,1
`‹ζ”’‹ΰ‚R’–Ϊ,5,0,0,0,0,0,0,0,0,0,1,0,0,0,0,0,0,0,1,2,0,0,0,0,0,0,0,0,0,0,2,2,2,0,0,0,0
`‹ζ”’‹ΰ‚S’–Ϊ,3,0,0,0,0,0,0,0,0,0,0,0,0,0,0,0,0,0,0,1,0,0,1,0,0,0,0,0,0,0,0,2,2,0,0,0,0
`‹ζ”’‹ΰ‚T’–Ϊ,8,0,0,0,0,0,0,0,0,0,0,0,0,0,0,0,0,0,0,7,0,0,1,0,0,0,0,0,0,0,6,1,0,0,0,0,1
`‹ζ”’‹ΰ‚U’–Ϊ,2,0,0,0,0,0,0,0,0,0,0,0,0,0,0,0,0,0,0,2,0,0,1,1,0,0,0,0,0,0,0,0,0,0,0,0,0
`‹ζ”’‹ΰ‘δ‚P’–Ϊ,3,0,0,0,1,0,0,1,0,0,0,0,0,0,0,0,0,0,0,1,0,0,0,0,0,0,0,0,0,0,1,1,0,0,0,0,1
`‹ζ”’‹ΰ‘δ‚Q’–Ϊ,10,1,0,1,2,0,1,1,0,0,1,0,0,0,0,1,0,0,0,4,0,0,0,0,0,0,0,0,0,1,3,2,1,1,0,0,0
`‹ζ”’‹ΰ‘δ‚R’–Ϊ,4,0,0,0,0,0,0,0,0,0,0,0,0,0,0,0,0,0,0,3,0,0,0,1,0,0,0,0,0,0,2,1,1,0,0,0,0
`‹ζ”’‹ΰ‘δ‚S’–Ϊ,6,0,0,0,0,0,0,0,0,0,0,0,0,0,0,0,0,0,0,2,0,0,1,0,0,0,1,0,0,0,0,4,2,0,0,0,2
`‹ζ”’‹ΰ‘δ‚T’–Ϊ,5,0,0,0,0,0,0,0,0,0,0,0,0,0,0,0,0,0,0,1,0,0,0,0,0,0,0,0,0,0,1,4,3,0,0,0,1
`‹ζV‹΄‚P’–Ϊ,18,2,1,1,3,0,2,1,0,0,0,0,0,0,0,0,0,0,0,6,0,0,1,0,0,0,0,0,0,1,4,7,5,0,0,0,2
`‹ζV‹΄‚Q’–Ϊ,140,1,0,1,25,0,20,5,0,0,4,0,0,1,2,0,0,0,1,72,0,0,2,2,0,0,1,0,6,13,48,38,13,4,4,0,17
`‹ζV‹΄‚R’–Ϊ,52,0,0,0,9,0,7,2,0,0,1,0,0,0,1,0,0,0,0,25,0,1,3,0,0,0,0,0,2,1,18,17,5,2,1,0,9
`‹ζV‹΄‚S’–Ϊ,17,0,0,0,2,0,2,0,0,0,1,0,0,0,0,0,0,0,1,9,0,0,2,0,0,0,1,0,0,0,6,5,2,0,0,0,3
`‹ζV‹΄‚T’–Ϊ,7,0,0,0,1,0,1,0,0,0,0,0,0,0,0,0,0,0,0,3,0,0,1,0,0,0,0,0,0,0,2,3,1,0,0,0,2
`‹ζV‹΄‚U’–Ϊ,5,0,0,0,2,0,1,1,0,0,0,0,0,0,0,0,0,0,0,1,0,0,0,0,0,0,0,0,0,1,0,2,1,0,0,0,1
`‹ζ‚—Φ‚P’–Ϊ,27,0,0,0,4,0,2,2,0,0,0,0,0,0,0,0,0,0,0,15,0,0,10,0,0,0,0,0,0,1,4,8,3,0,0,0,5
`‹ζ‚—Φ‚Q’–Ϊ,24,0,0,0,2,0,2,0,0,0,0,0,0,0,0,0,0,0,0,16,0,1,3,0,0,0,0,0,0,8,4,6,3,1,0,0,2
`‹ζ‚—Φ‚R’–Ϊ,102,0,0,0,27,0,22,5,0,0,0,0,0,0,0,0,0,0,0,56,0,0,3,0,0,0,5,0,3,4,41,19,5,6,1,0,7
`‹ζ‚—Φ‚S’–Ϊ,14,0,0,0,0,0,0,0,0,0,0,0,0,0,0,0,0,0,0,9,0,0,1,0,0,0,0,0,0,6,2,5,1,1,0,0,3
`‹ζΥƒm–ε‚P’–Ϊ,18,0,0,0,4,0,4,0,0,0,1,0,0,0,0,0,0,0,1,6,0,0,0,0,0,0,0,0,0,1,5,7,7,0,0,0,0
`‹ζΥƒm–ε‚Q’–Ϊ,16,0,0,0,0,0,0,0,0,0,0,0,0,0,0,0,0,0,0,5,0,0,0,0,0,0,0,0,0,0,5,11,3,0,8,0,0
`‹ζΥƒm–ε‚R’–Ϊ,10,0,0,0,0,0,0,0,0,0,0,0,0,0,0,0,0,0,0,5,0,0,3,1,0,0,0,0,0,1,0,5,2,0,2,0,1
`‹ζΥƒm–ε‚S’–Ϊ,6,0,0,0,1,0,0,0,1,0,0,0,0,0,0,0,0,0,0,1,0,0,0,0,0,0,0,0,0,0,1,4,2,0,1,0,1
`‹ζΥƒm–ε‚T’–Ϊ,3,0,0,0,0,0,0,0,0,0,0,0,0,0,0,0,0,0,0,1,0,0,0,0,0,0,0,0,0,1,0,2,1,0,0,0,1
`‹ζΌ–ƒ•z‚P’–Ϊ,27,1,0,1,3,0,1,2,0,0,0,0,0,0,0,0,0,0,0,13,0,0,3,0,0,0,0,0,0,0,10,10,2,0,0,0,8
`‹ζΌ–ƒ•z‚Q’–Ϊ,12,1,0,1,1,0,0,1,0,0,0,0,0,0,0,0,0,0,0,5,0,0,1,0,0,1,0,0,1,0,2,5,1,1,1,0,2
`‹ζΌ–ƒ•z‚R’–Ϊ,16,0,0,0,2,0,0,1,1,0,1,0,0,0,0,1,0,0,0,6,0,0,1,0,0,0,0,0,0,1,4,7,2,0,0,0,5
`‹ζΌ–ƒ•z‚S’–Ϊ,17,1,0,1,2,0,0,0,2,0,1,0,0,0,0,1,0,0,0,7,0,0,0,0,0,0,0,0,0,0,7,6,1,1,0,0,4
`‹ζΌV‹΄‚P’–Ϊ,8,0,0,0,2,0,1,0,1,0,0,0,0,0,0,0,0,0,0,2,0,0,1,0,0,0,0,0,0,0,1,4,2,0,1,0,1
`‹ζΌV‹΄‚Q’–Ϊ,4,0,0,0,0,0,0,0,0,0,0,0,0,0,0,0,0,0,0,3,0,0,1,0,0,2,0,0,0,0,0,1,1,0,0,0,0
`‹ζΌV‹΄‚R’–Ϊ,13,0,0,0,4,0,1,3,0,0,0,0,0,0,0,0,0,0,0,2,0,0,1,0,0,0,0,0,0,0,1,7,4,0,1,0,2
`‹ζ•lΌ’¬‚P’–Ϊ,22,1,0,1,1,0,1,0,0,0,0,0,0,0,0,0,0,0,0,16,0,0,1,1,0,0,1,0,0,2,11,4,2,1,0,0,1
`‹ζ•lΌ’¬‚Q’–Ϊ,16,0,0,0,5,0,5,0,0,0,1,0,0,0,0,0,0,0,1,7,0,0,2,1,0,0,0,0,1,0,3,3,1,1,1,0,0
`‹ζ“–ƒ•z‚P’–Ϊ,7,0,0,0,1,0,1,0,0,0,1,0,0,0,0,1,0,0,0,3,0,0,2,0,0,0,0,0,0,0,1,2,0,0,0,0,2
`‹ζ“–ƒ•z‚Q’–Ϊ,6,0,0,0,0,0,0,0,0,0,0,0,0,0,0,0,0,0,0,3,0,0,2,1,0,0,0,0,0,0,0,3,0,0,3,0,0
`‹ζ“–ƒ•z‚R’–Ϊ,11,1,0,1,1,0,0,1,0,0,0,0,0,0,0,0,0,0,0,4,0,0,4,0,0,0,0,0,0,0,0,5,3,0,0,0,2
`‹ζ“V‹΄‚P’–Ϊ,13,0,0,0,0,0,0,0,0,0,0,0,0,0,0,0,0,0,0,8,0,0,1,0,0,0,1,0,1,4,1,5,3,0,0,0,2
`‹ζ“V‹΄‚Q’–Ϊ,9,0,0,0,0,0,0,0,0,0,0,0,0,0,0,0,0,0,0,6,0,0,2,0,0,0,0,0,0,2,2,3,3,0,0,0,0
`‹ζO“c‚P’–Ϊ,14,1,1,0,3,0,2,1,0,0,0,0,0,0,0,0,0,0,0,5,0,0,0,0,0,0,0,0,0,1,4,5,3,0,1,0,1
`‹ζO“c‚Q’–Ϊ,11,0,0,0,3,0,0,1,2,0,0,0,0,0,0,0,0,0,0,5,0,1,2,0,0,0,0,0,0,0,2,3,1,1,0,0,1
`‹ζO“c‚R’–Ϊ,7,0,0,0,1,0,1,0,0,0,0,0,0,0,0,0,0,0,0,4,0,0,2,0,0,0,0,0,0,1,1,2,1,1,0,0,0
`‹ζO“c‚S’–Ϊ,9,1,1,0,0,0,0,0,0,0,0,0,0,0,0,0,0,0,0,6,0,0,2,0,0,0,0,0,0,1,3,2,0,1,0,0,1
`‹ζO“c‚T’–Ϊ,5,0,0,0,0,0,0,0,0,0,0,0,0,0,0,0,0,0,0,3,0,0,1,0,0,1,0,0,0,1,0,2,1,0,0,0,1
`‹ζ“μΒR‚P’–Ϊ,18,0,0,0,3,0,0,2,1,0,0,0,0,0,0,0,0,0,0,7,0,0,2,0,0,0,1,0,0,3,1,8,3,2,0,0,3
`‹ζ“μΒR‚Q’–Ϊ,11,0,0,0,2,0,1,1,0,0,0,0,0,0,0,0,0,0,0,3,0,0,3,0,0,0,0,0,0,0,0,6,3,0,0,0,3
`‹ζ“μΒR‚R’–Ϊ,13,0,0,0,0,0,0,0,0,0,0,0,0,0,0,0,0,0,0,6,0,0,4,0,0,0,0,0,0,2,0,7,3,0,1,0,3
`‹ζ“μΒR‚S’–Ϊ,10,0,0,0,1,0,1,0,0,0,0,0,0,0,0,0,0,0,0,6,0,0,3,0,0,0,0,0,0,0,3,3,2,0,0,0,1
`‹ζ“μΒR‚T’–Ϊ,14,0,0,0,1,0,0,1,0,0,1,0,0,0,1,0,0,0,0,8,0,0,0,0,0,0,0,0,1,5,2,4,3,0,1,0,0
`‹ζ“μΒR‚U’–Ϊ,7,0,0,0,0,0,0,0,0,0,0,0,0,0,0,0,0,0,0,3,0,0,2,0,0,0,0,0,0,1,0,4,2,1,1,0,0
`‹ζ“μΒR‚V’–Ϊ,2,0,0,0,0,0,0,0,0,0,0,0,0,0,0,0,0,0,0,0,0,0,0,0,0,0,0,0,0,0,0,2,1,0,1,0,0
`‹ζ“μ–ƒ•z‚P’–Ϊ,10,0,0,0,2,0,0,2,0,0,0,0,0,0,0,0,0,0,0,4,0,0,0,0,0,0,0,0,0,1,3,4,4,0,0,0,0
`‹ζ“μ–ƒ•z‚Q’–Ϊ,21,1,1,0,4,0,1,2,1,0,0,0,0,0,0,0,0,0,0,7,0,0,4,0,0,0,0,0,0,1,2,9,7,0,0,0,2
`‹ζ“μ–ƒ•z‚R’–Ϊ,8,0,0,0,0,0,0,0,0,0,0,0,0,0,0,0,0,0,0,6,0,0,0,0,1,0,0,0,0,0,5,2,0,0,1,0,1
`‹ζ“μ–ƒ•z‚S’–Ϊ,5,0,0,0,1,0,1,0,0,0,0,0,0,0,0,0,0,0,0,2,0,0,2,0,0,0,0,0,0,0,0,2,1,0,0,0,1
`‹ζ“μ–ƒ•z‚T’–Ϊ,9,0,0,0,1,0,0,1,0,0,0,0,0,0,0,0,0,0,0,3,0,0,2,0,0,0,0,0,0,1,0,5,0,1,0,0,4
`‹ζ³Τβ‚P’–Ϊ,1,0,0,0,1,0,1,0,0,0,0,0,0,0,0,0,0,0,0,0,0,0,0,0,0,0,0,0,0,0,0,0,0,0,0,0,0
`‹ζ³Τβ‚Q’–Ϊ,1,0,0,0,0,0,0,0,0,0,0,0,0,0,0,0,0,0,0,1,0,0,1,0,0,0,0,0,0,0,0,0,0,0,0,0,0
`‹ζ³–ƒ•z‚P’–Ϊ,3,0,0,0,1,0,0,1,0,0,1,0,0,0,0,1,0,0,0,1,0,0,0,0,0,0,0,0,0,0,1,0,0,0,0,0,0
`‹ζ³–ƒ•z‚Q’–Ϊ,2,0,0,0,1,0,1,0,0,0,0,0,0,0,0,0,0,0,0,1,0,0,1,0,0,0,0,0,0,0,0,0,0,0,0,0,0
`‹ζ³–ƒ•z‚R’–Ϊ,10,0,0,0,4,0,2,0,2,0,0,0,0,0,0,0,0,0,0,3,0,0,0,0,0,0,0,0,0,0,3,3,0,0,0,0,3
`‹ζZ–{–Ψ‚P’–Ϊ,11,0,0,0,1,0,0,0,1,0,0,0,0,0,0,0,0,0,0,4,0,1,0,1,0,0,0,0,0,0,2,6,5,0,0,0,1
`‹ζZ–{–Ψ‚Q’–Ϊ,10,0,0,0,1,0,0,1,0,0,0,0,0,0,0,0,0,0,0,4,0,3,0,1,0,0,0,0,0,0,0,5,3,1,0,0,1
`‹ζZ–{–Ψ‚R’–Ϊ,71,0,0,0,14,0,6,6,1,1,1,0,0,0,0,0,0,0,1,26,0,0,9,0,0,0,1,0,2,4,10,30,10,4,2,0,14
`‹ζZ–{–Ψ‚S’–Ϊ,38,1,0,1,7,0,4,3,0,0,1,0,0,0,1,0,0,0,0,14,0,1,1,4,0,0,3,0,0,2,3,15,2,1,1,0,11
`‹ζZ–{–Ψ‚T’–Ϊ,28,0,0,0,8,0,3,3,2,0,2,0,0,0,0,0,2,0,0,5,0,0,4,0,0,0,0,0,0,0,1,13,3,0,1,0,9
`‹ζZ–{–Ψ‚U’–Ϊ,60,2,1,1,8,0,4,3,1,0,1,0,0,0,1,0,0,0,0,23,0,0,7,1,0,0,0,0,1,8,6,26,10,3,3,0,10
`‹ζZ–{–Ψ‚V’–Ϊ,51,3,0,3,18,0,12,6,0,0,0,0,0,0,0,0,0,0,0,16,0,0,4,1,1,0,0,0,1,1,8,14,5,2,0,0,7
`‹ζ‘δκ‚P’–Ϊ,52,0,0,0,3,0,2,0,1,0,0,0,0,0,0,0,0,0,0,32,0,0,4,7,0,0,0,0,0,8,13,17,3,0,0,0,14
`‹ζ‘δκ‚Q’–Ϊ,13,0,0,0,6,0,3,2,1,0,0,0,0,0,0,0,0,0,0,2,0,0,1,0,0,0,0,0,0,1,0,5,3,1,1,0,0
`‹ζv,1886,30,8,22,275,0,168,86,20,1,31,0,0,3,8,8,2,0,10,844,1,13,173,28,2,5,36,0,27,172,387,706,306,57,47,0,296
Vh‹ζ¤Z’¬,6,0,0,0,1,0,0,1,0,0,0,0,0,0,0,0,0,0,0,3,0,0,0,1,0,0,0,0,0,0,2,2,1,0,0,0,1
Vh‹ζΤι‰Ί’¬,5,0,0,0,0,0,0,0,0,0,0,0,0,0,0,0,0,0,0,1,0,0,1,0,0,0,0,0,0,0,0,4,2,0,0,0,2
Vh‹ζ—gκ’¬,4,0,0,0,2,0,2,0,0,0,0,0,0,0,0,0,0,0,0,0,0,0,0,0,0,0,0,0,0,0,0,2,1,1,0,0,0
Vh‹ζr–Ψ’¬,15,0,0,0,1,0,0,1,0,0,0,0,0,0,0,0,0,0,0,5,0,1,0,0,0,0,0,0,1,0,3,9,7,0,0,0,2
Vh‹ζs’J‰Α‰κ’¬‚P’–Ϊ,1,0,0,0,1,0,1,0,0,0,0,0,0,0,0,0,0,0,0,0,0,0,0,0,0,0,0,0,0,0,0,0,0,0,0,0,0
Vh‹ζs’J‰Α‰κ’¬‚Q’–Ϊ,2,0,0,0,1,0,1,0,0,0,1,0,0,0,0,1,0,0,0,0,0,0,0,0,0,0,0,0,0,0,0,0,0,0,0,0,0
Vh‹ζs’Jb—Η’¬,1,0,0,0,0,0,0,0,0,0,0,0,0,0,0,0,0,0,0,1,0,0,0,0,0,0,0,0,0,0,1,0,0,0,0,0,0
Vh‹ζs’J¶“ΰ’¬,1,0,0,0,0,0,0,0,0,0,0,0,0,0,0,0,0,0,0,0,0,0,0,0,0,0,0,0,0,0,0,1,0,0,0,0,1
Vh‹ζs’J“c’¬‚P’–Ϊ,3,0,0,0,1,0,0,1,0,0,0,0,0,0,0,0,0,0,0,1,0,0,1,0,0,0,0,0,0,0,0,1,0,0,0,0,1
Vh‹ζs’J“c’¬‚Q’–Ϊ,7,0,0,0,2,0,1,1,0,0,0,0,0,0,0,0,0,0,0,2,0,0,2,0,0,0,0,0,0,0,0,3,1,1,0,0,1
Vh‹ζs’J“c’¬‚R’–Ϊ,1,0,0,0,0,0,0,0,0,0,0,0,0,0,0,0,0,0,0,0,0,0,0,0,0,0,0,0,0,0,0,1,1,0,0,0,0
Vh‹ζs’J‘δ’¬,9,0,0,0,3,0,2,0,1,0,0,0,0,0,0,0,0,0,0,3,0,0,1,0,0,0,0,0,0,0,2,3,0,0,0,0,3
Vh‹ζs’J’‡”V’¬,7,0,0,0,0,0,0,0,0,0,0,0,0,0,0,0,0,0,0,2,0,0,1,0,0,0,0,0,0,0,1,5,4,0,0,0,1
Vh‹ζs’J”ª”¦’¬,5,0,0,0,2,0,1,1,0,0,0,0,0,0,0,0,0,0,0,1,0,0,0,0,0,1,0,0,0,0,0,2,1,0,0,0,1
Vh‹ζs’J‘D‰Ν΄’¬,2,0,0,0,1,0,1,0,0,0,0,0,0,0,0,0,0,0,0,0,0,0,0,0,0,0,0,0,0,0,0,1,1,0,0,0,0
Vh‹ζs’J–{‘Ί’¬,8,0,0,0,4,0,4,0,0,0,0,0,0,0,0,0,0,0,0,1,0,1,0,0,0,0,0,0,0,0,0,3,2,0,0,0,1
Vh‹ζs’J–ς‰¤›’¬,8,0,0,0,4,0,2,1,1,0,0,0,0,0,0,0,0,0,0,1,0,1,0,0,0,0,0,0,0,0,0,3,2,1,0,0,0
Vh‹ζs’J–φ’¬,7,1,0,1,1,0,0,0,1,0,0,0,0,0,0,0,0,0,0,3,0,0,2,0,0,0,0,0,0,0,1,2,0,0,0,0,2
Vh‹ζs’JR•’¬,3,0,0,0,2,0,1,1,0,0,0,0,0,0,0,0,0,0,0,0,0,0,0,0,0,0,0,0,0,0,0,1,1,0,0,0,0
Vh‹ζβΛ’¬,1,0,0,0,1,0,1,0,0,0,0,0,0,0,0,0,0,0,0,0,0,0,0,0,0,0,0,0,0,0,0,0,0,0,0,0,0
Vh‹ζ‰|’¬,2,0,0,0,0,0,0,0,0,0,1,0,0,0,0,1,0,0,0,0,0,0,0,0,0,0,0,0,0,0,0,1,0,0,0,0,1
Vh‹ζ‘ε‹v•Ϋ‚P’–Ϊ,58,2,1,1,6,0,1,4,0,1,1,0,0,0,0,0,0,1,0,29,0,1,4,4,0,0,0,0,0,15,5,20,7,3,0,0,10
Vh‹ζ‘ε‹v•Ϋ‚Q’–Ϊ,47,0,0,0,5,0,3,1,0,1,0,0,0,0,0,0,0,0,0,28,0,0,9,4,0,0,1,1,2,1,10,14,4,1,0,0,9
Vh‹ζ‘ε‹v•Ϋ‚R’–Ϊ,28,0,0,0,7,0,3,3,0,1,0,0,0,0,0,0,0,0,0,13,0,0,6,1,0,0,0,0,0,1,5,8,2,2,1,0,3
Vh‹ζ_y‰Νέ,3,0,0,0,1,0,1,0,0,0,0,0,0,0,0,0,0,0,0,1,0,0,0,0,0,0,0,0,0,1,0,1,0,0,0,0,1
Vh‹ζ_yβ‚P’–Ϊ,7,0,0,0,2,0,2,0,0,0,0,0,0,0,0,0,0,0,0,1,0,0,0,0,0,0,0,0,0,0,1,4,2,0,0,0,2
Vh‹ζ_yβ‚Q’–Ϊ,4,0,0,0,1,0,0,1,0,0,0,0,0,0,0,0,0,0,0,2,0,0,0,0,1,0,0,0,0,0,1,1,1,0,0,0,0
Vh‹ζ_yβ‚R’–Ϊ,13,0,0,0,2,0,1,1,0,0,0,0,0,0,0,0,0,0,0,5,0,0,0,0,0,0,0,0,0,4,1,6,2,0,1,0,3
Vh‹ζ_yβ‚S’–Ϊ,2,1,0,1,0,0,0,0,0,0,0,0,0,0,0,0,0,0,0,0,0,0,0,0,0,0,0,0,0,0,0,1,0,0,0,0,1
Vh‹ζ_yβ‚T’–Ϊ,5,0,0,0,1,0,1,0,0,0,0,0,0,0,0,0,0,0,0,3,0,0,1,0,0,0,0,0,0,1,1,1,0,1,0,0,0
Vh‹ζ_yβ‚U’–Ϊ,10,0,0,0,0,0,0,0,0,0,0,0,0,0,0,0,0,0,0,6,0,0,0,0,0,0,0,0,0,6,0,4,4,0,0,0,0
Vh‹ζ•Π’¬,1,0,0,0,1,0,0,0,1,0,0,0,0,0,0,0,0,0,0,0,0,0,0,0,0,0,0,0,0,0,0,0,0,0,0,0,0
Vh‹ζ‰Μ•‘κ’¬‚P’–Ϊ,527,12,5,7,94,0,56,30,3,5,11,2,0,0,9,0,0,0,0,285,0,1,20,1,1,0,11,2,21,91,137,125,50,32,1,0,42
Vh‹ζ‰Μ•‘κ’¬‚Q’–Ϊ,340,31,3,28,74,1,35,31,3,4,20,4,0,0,10,3,0,0,3,127,1,2,28,5,0,0,2,2,6,2,79,88,22,12,2,1,51
Vh‹ζγ—‡‚P’–Ϊ,11,0,0,0,2,0,1,1,0,0,0,0,0,0,0,0,0,0,0,7,0,0,2,0,0,0,0,0,0,2,3,2,1,0,0,0,1
Vh‹ζγ—‡‚Q’–Ϊ,14,0,0,0,2,0,0,2,0,0,0,0,0,0,0,0,0,0,0,7,0,0,3,0,0,0,0,0,0,1,3,5,3,1,0,0,1
Vh‹ζγ—‡‚R’–Ϊ,14,0,0,0,2,0,0,2,0,0,1,0,0,0,0,1,0,0,0,8,0,0,3,0,0,0,0,0,0,1,4,3,1,1,0,0,1
Vh‹ζμ‹vδ’¬,6,0,0,0,1,0,0,1,0,0,0,0,0,0,0,0,0,0,0,5,0,0,1,0,0,0,0,0,0,0,4,0,0,0,0,0,0
Vh‹ζ–kVh‚P’–Ϊ,36,1,0,1,10,0,3,5,2,0,1,0,0,0,0,1,0,0,0,12,1,0,3,2,0,0,0,0,1,1,4,12,4,1,0,0,7
Vh‹ζ–kVh‚Q’–Ϊ,19,0,0,0,3,0,0,2,1,0,0,0,0,0,0,0,0,0,0,9,1,0,3,0,0,0,0,0,0,0,5,7,4,0,1,0,2
Vh‹ζ–kVh‚R’–Ϊ,29,1,0,1,6,0,3,1,2,0,1,0,0,0,0,0,0,0,1,12,0,0,4,0,0,0,0,0,0,1,7,9,3,2,0,0,4
Vh‹ζ–kVh‚S’–Ϊ,19,0,0,0,1,0,0,1,0,0,0,0,0,0,0,0,0,0,0,11,0,0,5,2,1,0,0,0,0,1,2,7,3,1,0,0,3
Vh‹ζ–k’¬,1,0,0,0,1,0,0,1,0,0,0,0,0,0,0,0,0,0,0,0,0,0,0,0,0,0,0,0,0,0,0,0,0,0,0,0,0
Vh‹ζ–kR•’¬,3,0,0,0,1,0,1,0,0,0,0,0,0,0,0,0,0,0,0,0,0,0,0,0,0,0,0,0,0,0,0,2,0,0,0,0,2
Vh‹ζΧH’¬,2,0,0,0,0,0,0,0,0,0,0,0,0,0,0,0,0,0,0,2,0,0,0,0,0,0,0,0,0,0,2,0,0,0,0,0,0
Vh‹ζ¶–ε’¬,5,0,0,0,0,0,0,0,0,0,0,0,0,0,0,0,0,0,0,1,0,0,0,0,0,0,0,0,0,0,1,4,3,1,0,0,0
Vh‹ζM”Z’¬,15,0,0,0,2,0,0,2,0,0,0,0,0,0,0,0,0,0,0,7,0,0,0,1,0,0,0,0,0,0,6,6,5,1,0,0,0
Vh‹ζ‰Ί—‡‚P’–Ϊ,11,0,0,0,1,0,1,0,0,0,0,0,0,0,0,0,0,0,0,4,0,0,1,0,0,0,0,0,0,0,3,6,3,1,0,0,2
Vh‹ζ‰Ί—‡‚Q’–Ϊ,6,0,0,0,1,0,1,0,0,0,0,0,0,0,0,0,0,0,0,2,0,0,1,0,0,0,0,0,0,0,1,3,1,0,0,0,2
Vh‹ζ‰Ί—‡‚R’–Ϊ,12,0,0,0,0,0,0,0,0,0,0,0,0,0,0,0,0,0,0,9,0,0,4,0,0,0,0,0,0,3,2,3,0,0,0,0,3
Vh‹ζ‰Ί—‡‚S’–Ϊ,13,0,0,0,0,0,0,0,0,0,0,0,0,0,0,0,0,0,0,11,0,0,3,2,0,0,0,0,0,1,5,2,1,1,0,0,0
Vh‹ζ”’‹β’¬,2,0,0,0,0,0,0,0,0,0,0,0,0,0,0,0,0,0,0,1,0,0,1,0,0,0,0,0,0,0,0,1,1,0,0,0,0
Vh‹ζV¬μ’¬,8,0,0,0,3,0,0,2,1,0,0,0,0,0,0,0,0,0,0,2,0,0,0,1,0,1,0,0,0,0,0,3,2,0,0,0,1
Vh‹ζVh‚P’–Ϊ,18,0,0,0,0,0,0,0,0,0,0,0,0,0,0,0,0,0,0,10,0,1,4,1,0,0,0,0,0,1,3,8,4,0,0,0,4
Vh‹ζVh‚Q’–Ϊ,77,1,0,1,16,0,8,7,1,0,7,3,0,0,4,0,0,0,0,32,0,0,7,1,0,0,4,0,4,3,13,21,7,4,1,0,9
Vh‹ζVh‚R’–Ϊ,522,3,2,1,62,0,42,20,0,0,15,0,0,0,1,0,0,0,14,330,0,1,16,2,0,0,28,1,19,164,99,112,32,21,2,0,57
Vh‹ζVh‚S’–Ϊ,20,0,0,0,3,0,1,2,0,0,1,0,0,0,0,0,0,1,0,10,0,0,0,0,0,1,3,0,1,1,4,6,2,0,1,0,3
Vh‹ζVh‚T’–Ϊ,64,1,0,1,9,0,5,3,0,1,1,0,0,1,0,0,0,0,0,26,0,2,7,1,0,0,1,0,0,2,13,27,19,3,0,0,5
Vh‹ζVh‚U’–Ϊ,52,0,0,0,12,0,4,6,2,0,3,0,0,0,0,3,0,0,0,29,0,2,8,2,0,0,0,1,0,13,3,8,2,1,2,0,3
Vh‹ζVh‚V’–Ϊ,34,0,0,0,5,0,1,3,1,0,2,0,0,0,0,1,0,1,0,21,0,3,7,0,0,0,0,0,0,1,10,6,1,0,0,0,5
Vh‹ζ…“Ή’¬,3,0,0,0,0,0,0,0,0,0,0,0,0,0,0,0,0,0,0,2,0,0,0,0,0,0,0,0,0,2,0,1,0,1,0,0,0
Vh‹ζ{‰κ’¬,1,0,0,0,0,0,0,0,0,0,0,0,0,0,0,0,0,0,0,0,0,0,0,0,0,0,0,0,0,0,0,1,1,0,0,0,0
Vh‹ζZ‹g’¬,13,0,0,0,2,0,1,1,0,0,0,0,0,0,0,0,0,0,0,8,0,0,4,0,0,0,0,0,0,4,0,3,2,0,0,0,1
Vh‹ζ‚“c”nκ‚P’–Ϊ,86,3,1,2,12,0,6,5,1,0,1,0,0,0,0,0,0,1,0,55,0,0,11,1,0,0,4,0,4,25,10,15,4,2,0,0,9
Vh‹ζ‚“c”nκ‚Q’–Ϊ,18,0,0,0,2,0,0,2,0,0,0,0,0,0,0,0,0,0,0,13,0,0,4,0,0,0,0,0,0,2,7,3,1,0,0,0,2
Vh‹ζ‚“c”nκ‚R’–Ϊ,48,0,0,0,3,0,2,0,1,0,0,0,0,0,0,0,0,0,0,22,0,0,4,1,0,0,0,0,1,9,7,23,2,1,0,0,20
Vh‹ζ‚“c”nκ‚S’–Ϊ,36,2,0,2,5,0,1,3,0,1,1,1,0,0,0,0,0,0,0,16,0,0,5,0,0,0,0,0,0,1,10,12,6,0,0,0,6
Vh‹ζ’\y’¬,4,0,0,0,0,0,0,0,0,0,0,0,0,0,0,0,0,0,0,1,0,0,1,0,0,0,0,0,0,0,0,3,3,0,0,0,0
Vh‹ζ‘ε‹’¬,7,0,0,0,2,0,2,0,0,0,0,0,0,0,0,0,0,0,0,3,0,0,2,0,0,0,0,0,0,0,1,2,2,0,0,0,0
Vh‹ζ’}“y”ª”¦’¬,3,0,0,0,0,0,0,0,0,0,0,0,0,0,0,0,0,0,0,3,0,0,2,0,0,0,0,0,1,0,0,0,0,0,0,0,0
Vh‹ζ’Γ‹vΛ’¬,3,0,0,0,0,0,0,0,0,0,0,0,0,0,0,0,0,0,0,1,0,0,0,1,0,0,0,0,0,0,0,2,2,0,0,0,0
Vh‹ζ“V_’¬,5,1,0,1,3,0,3,0,0,0,0,0,0,0,0,0,0,0,0,0,0,0,0,0,0,0,0,0,0,0,0,1,0,0,0,0,1
Vh‹ζΛ’Λ’¬‚P’–Ϊ,2,1,0,1,0,0,0,0,0,0,0,0,0,0,0,0,0,0,0,0,0,0,0,0,0,0,0,0,0,0,0,1,0,0,0,0,1
Vh‹ζ“ΰ“΅’¬,5,0,0,0,1,0,1,0,0,0,0,0,0,0,0,0,0,0,0,0,0,0,0,0,0,0,0,0,0,0,0,4,1,2,0,0,1
Vh‹ζ’†δ‚P’–Ϊ,7,0,0,0,2,0,1,1,0,0,0,0,0,0,0,0,0,0,0,3,0,0,1,2,0,0,0,0,0,0,0,2,1,0,0,0,1
Vh‹ζ’†δ‚Q’–Ϊ,4,0,0,0,0,0,0,0,0,0,0,0,0,0,0,0,0,0,0,2,0,0,1,0,0,0,0,0,0,0,1,2,2,0,0,0,0
Vh‹ζ’†—‡‚P’–Ϊ,13,1,1,0,4,0,3,1,0,0,0,0,0,0,0,0,0,0,0,4,0,0,3,0,0,0,0,0,0,1,0,4,0,1,0,0,3
Vh‹ζ’†—‡‚Q’–Ϊ,8,0,0,0,2,0,0,2,0,0,0,0,0,0,0,0,0,0,0,2,0,0,1,0,0,0,0,0,0,0,1,4,1,0,0,0,3
Vh‹ζ’†—‡‚R’–Ϊ,12,0,0,0,1,0,1,0,0,0,0,0,0,0,0,0,0,0,0,9,0,0,1,0,0,0,0,0,0,7,1,2,0,0,1,0,1
Vh‹ζ’†—‡‚S’–Ϊ,7,0,0,0,0,0,0,0,0,0,0,0,0,0,0,0,0,0,0,5,0,1,3,0,0,0,0,0,0,0,1,2,1,0,0,0,1
Vh‹ζ’†—Ά’¬,1,0,0,0,1,0,0,1,0,0,0,0,0,0,0,0,0,0,0,0,0,0,0,0,0,0,0,0,0,0,0,0,0,0,0,0,0
Vh‹ζ’†’¬,1,0,0,0,0,0,0,0,0,0,0,0,0,0,0,0,0,0,0,1,0,0,0,0,0,0,0,0,0,0,1,0,0,0,0,0,0
Vh‹ζ”[Λ’¬,1,0,0,0,0,0,0,0,0,0,0,0,0,0,0,0,0,0,0,1,0,0,1,0,0,0,0,0,0,0,0,0,0,0,0,0,0
Vh‹ζΌ—‡‚P’–Ϊ,8,0,0,0,1,0,0,0,1,0,0,0,0,0,0,0,0,0,0,5,0,0,3,0,0,0,0,0,0,1,1,2,2,0,0,0,0
Vh‹ζΌ—‡‚Q’–Ϊ,9,0,0,0,3,0,0,3,0,0,0,0,0,0,0,0,0,0,0,3,0,0,2,0,0,0,0,0,0,0,1,3,2,0,1,0,0
Vh‹ζΌ—‡‚R’–Ϊ,6,0,0,0,0,0,0,0,0,0,0,0,0,0,0,0,0,0,0,3,0,0,2,0,0,0,0,0,0,0,1,3,1,0,0,0,2
Vh‹ζΌ—‡‚S’–Ϊ,6,0,0,0,2,0,0,1,0,1,1,0,0,0,0,0,1,0,0,1,0,0,0,0,0,0,0,0,0,0,1,2,0,0,0,0,2
Vh‹ζΌά¬’¬,2,0,0,0,0,0,0,0,0,0,0,0,0,0,0,0,0,0,0,0,0,0,0,0,0,0,0,0,0,0,0,2,1,0,0,0,1
Vh‹ζΌVh‚P’–Ϊ,205,2,0,2,27,0,11,14,0,2,1,0,0,0,0,0,0,0,1,111,0,0,19,0,0,0,7,1,4,17,63,64,35,9,4,0,16
Vh‹ζΌVh‚Q’–Ϊ,43,1,1,0,3,0,2,1,0,0,1,0,0,0,0,0,0,0,1,13,0,0,4,0,0,0,0,0,0,1,8,25,11,3,0,0,11
Vh‹ζΌVh‚R’–Ϊ,22,0,0,0,1,0,0,1,0,0,1,0,0,0,0,0,0,0,1,12,0,0,5,1,0,0,0,0,0,3,3,8,3,1,1,0,3
Vh‹ζΌVh‚S’–Ϊ,30,0,0,0,7,0,3,4,0,0,0,0,0,0,0,0,0,0,0,13,1,1,8,0,0,1,0,0,0,0,2,10,3,0,0,0,7
Vh‹ζΌVh‚T’–Ϊ,29,0,0,0,8,0,3,4,1,0,0,0,0,0,0,0,0,0,0,11,0,1,6,0,0,0,0,0,1,0,3,10,5,2,0,0,3
Vh‹ζΌVh‚U’–Ϊ,47,2,0,2,9,0,2,4,1,2,0,0,0,0,0,0,0,0,0,16,0,1,7,0,0,0,0,0,0,1,7,20,10,2,2,0,6
Vh‹ζΌVh‚V’–Ϊ,67,2,1,1,8,0,5,3,0,0,1,0,0,0,1,0,0,0,0,30,0,1,8,3,0,0,1,0,3,0,14,26,13,3,0,0,10
Vh‹ζΌVh‚W’–Ϊ,17,1,1,0,4,0,1,3,0,0,0,0,0,0,0,0,0,0,0,4,0,0,2,0,0,0,0,0,0,0,2,8,2,1,1,0,4
Vh‹ζΌ‘ξ“c‚P’–Ϊ,19,0,0,0,1,0,1,0,0,0,2,0,0,0,0,2,0,0,0,12,0,0,6,0,0,0,0,0,0,2,4,4,1,0,0,0,3
Vh‹ζΌ‘ξ“c‚Q’–Ϊ,12,0,0,0,3,0,3,0,0,0,0,0,0,0,0,0,0,0,0,6,0,0,3,0,1,0,0,0,0,0,2,3,1,0,0,0,2
Vh‹ζΌ‘ξ“c‚R’–Ϊ,10,1,0,1,1,0,0,1,0,0,0,0,0,0,0,0,0,0,0,5,0,0,4,1,0,0,0,0,0,0,0,3,1,0,0,0,2
Vh‹ζ“ρ\‹R’¬,1,0,0,0,0,0,0,0,0,0,0,0,0,0,0,0,0,0,0,1,0,0,1,0,0,0,0,0,0,0,0,0,0,0,0,0,0
Vh‹ζ•¥•ϋ’¬,3,0,0,0,0,0,0,0,0,0,0,0,0,0,0,0,0,0,0,0,0,0,0,0,0,0,0,0,0,0,0,3,1,0,0,0,2
Vh‹ζ΄’¬‚P’–Ϊ,10,0,0,0,1,0,1,0,0,0,0,0,0,0,0,0,0,0,0,6,0,0,3,0,0,0,0,0,0,1,2,3,3,0,0,0,0
Vh‹ζ΄’¬‚Q’–Ϊ,6,0,0,0,2,0,1,1,0,0,0,0,0,0,0,0,0,0,0,1,0,0,0,0,0,0,1,0,0,0,0,3,1,0,0,0,2
Vh‹ζ΄’¬‚R’–Ϊ,2,0,0,0,0,0,0,0,0,0,1,0,0,0,0,0,0,0,1,1,0,0,0,0,0,0,0,0,0,0,1,0,0,0,0,0,0
Vh‹ζ”nκ‰Ί’¬,7,0,0,0,3,0,3,0,0,0,0,0,0,0,0,0,0,0,0,3,0,0,2,0,0,0,0,0,0,1,0,1,1,0,0,0,0
Vh‹ζ“‰|’¬,1,0,0,0,0,0,0,0,0,0,0,0,0,0,0,0,0,0,0,0,0,0,0,0,0,0,0,0,0,0,0,1,0,0,0,0,1
Vh‹ζ“ά¬’¬,4,0,0,0,1,0,0,0,1,0,0,0,0,0,0,0,0,0,0,1,0,0,1,0,0,0,0,0,0,0,0,2,2,0,0,0,0
Vh‹ζ•Sl’¬‚P’–Ϊ,93,3,1,2,19,0,10,5,3,1,6,1,0,0,1,2,0,0,2,38,0,1,10,1,0,0,2,2,2,6,14,27,8,5,3,0,11
Vh‹ζ•Sl’¬‚Q’–Ϊ,60,1,1,0,9,0,4,3,1,1,0,0,0,0,0,0,0,0,0,32,1,0,14,2,0,0,0,0,2,4,9,18,3,2,1,0,12
Vh‹ζ•Sl’¬‚R’–Ϊ,21,0,0,0,1,0,1,0,0,0,0,0,0,0,0,0,0,0,0,13,0,0,6,0,0,0,0,0,0,4,3,7,3,1,2,0,1
Vh‹ζ•Sl’¬‚S’–Ϊ,8,0,0,0,0,0,0,0,0,0,0,0,0,0,0,0,0,0,0,5,0,0,2,0,0,0,0,0,1,0,2,3,1,0,1,0,1
Vh‹ζ‘ά’¬,1,0,0,0,0,0,0,0,0,0,0,0,0,0,0,0,0,0,0,0,0,0,0,0,0,0,0,0,0,0,0,1,0,0,0,0,1
Vh‹ζM’¬,5,1,0,1,0,0,0,0,0,0,0,0,0,0,0,0,0,0,0,2,0,0,1,1,0,0,0,0,0,0,0,2,1,0,0,0,1
Vh‹ζ•Ω“V’¬,10,0,0,0,3,0,1,2,0,0,0,0,0,0,0,0,0,0,0,2,0,0,0,1,0,0,0,0,0,0,1,5,4,0,0,0,1
Vh‹ζ“μ‰|’¬,1,0,0,0,1,0,0,0,1,0,0,0,0,0,0,0,0,0,0,0,0,0,0,0,0,0,0,0,0,0,0,0,0,0,0,0,0
Vh‹ζ“μ³’¬,4,0,0,0,0,0,0,0,0,0,0,0,0,0,0,0,0,0,0,1,0,0,1,0,0,0,0,0,0,0,0,3,3,0,0,0,0
Vh‹ζ“μR•’¬,1,0,0,0,0,0,0,0,0,0,0,0,0,0,0,0,0,0,0,0,0,0,0,0,0,0,0,0,0,0,0,1,0,1,0,0,0
Vh‹ζR’¬,13,0,0,0,4,0,2,1,1,0,0,0,0,0,0,0,0,0,0,2,0,0,0,0,0,1,0,0,0,0,1,7,5,0,1,0,1
Vh‹ζ–ξ—’¬,11,0,0,0,6,0,3,1,2,0,0,0,0,0,0,0,0,0,0,2,0,0,1,0,0,0,0,0,1,0,0,3,2,0,0,0,1
Vh‹ζ‰΅›’¬,3,0,0,0,1,0,1,0,0,0,0,0,0,0,0,0,0,0,0,0,0,0,0,0,0,0,0,0,0,0,0,2,1,0,0,0,1
Vh‹ζ—]’’¬,26,1,1,0,6,0,5,1,0,0,1,0,0,0,0,1,0,0,0,8,0,0,6,0,0,0,0,0,0,1,1,10,4,0,0,0,6
Vh‹ζl’J‚P’–Ϊ,53,0,0,0,6,0,4,2,0,0,1,0,0,0,1,0,0,0,0,7,0,1,0,0,0,0,0,0,0,0,6,39,10,2,0,0,27
Vh‹ζl’J‚Q’–Ϊ,9,2,2,0,4,0,1,2,0,1,0,0,0,0,0,0,0,0,0,3,0,0,0,0,0,0,0,0,1,2,0,0,0,0,0,0,0
Vh‹ζl’J‚R’–Ϊ,21,0,0,0,0,0,0,0,0,0,1,0,0,0,0,0,0,0,1,14,0,0,4,0,0,0,0,0,1,7,2,6,3,2,0,0,1
Vh‹ζl’J‚S’–Ϊ,15,2,1,1,3,0,0,1,1,1,0,0,0,0,0,0,0,0,0,6,0,0,3,0,0,0,0,0,1,0,2,4,1,0,0,0,3
Vh‹ζα—t‚P’–Ϊ,7,0,0,0,0,0,0,0,0,0,0,0,0,0,0,0,0,0,0,3,0,0,3,0,0,0,0,0,0,0,0,4,3,0,0,0,1
Vh‹ζα—t‚Q’–Ϊ,1,0,0,0,0,0,0,0,0,0,0,0,0,0,0,0,0,0,0,1,0,0,1,0,0,0,0,0,0,0,0,0,0,0,0,0,0
Vh‹ζα—t‚R’–Ϊ,1,0,0,0,0,0,0,0,0,0,0,0,0,0,0,0,0,0,0,1,0,0,1,0,0,0,0,0,0,0,0,0,0,0,0,0,0
Vh‹ζαΌ’¬,35,0,0,0,19,0,15,3,1,0,0,0,0,0,0,0,0,0,0,6,0,1,3,0,0,0,0,0,0,0,2,10,4,0,1,0,5
Vh‹ζα‹{’¬,4,0,0,0,0,0,0,0,0,0,0,0,0,0,0,0,0,0,0,1,0,0,0,0,0,0,0,0,1,0,0,3,3,0,0,0,0
Vh‹ζ‘ξ“c’ίª’¬,21,0,0,0,3,0,2,1,0,0,2,0,0,0,0,2,0,0,0,9,0,0,3,4,0,0,0,0,0,0,2,7,2,1,0,0,4
Vh‹ζ‘ξ“c“μ’¬,5,0,0,0,1,0,0,0,1,0,0,0,0,0,0,0,0,0,0,3,0,0,1,0,0,0,1,0,0,0,1,1,1,0,0,0,0
Vh‹ζ‘ξ“c’¬,2,0,0,0,0,0,0,0,0,0,0,0,0,0,0,0,0,0,0,1,0,0,1,0,0,0,0,0,0,0,0,1,1,0,0,0,0
Vh‹ζΛR‚P’–Ϊ,11,1,0,1,2,0,1,1,0,0,1,0,1,0,0,0,0,0,0,2,0,0,0,0,0,0,0,0,0,0,2,5,1,0,0,0,4
Vh‹ζΛR‚Q’–Ϊ,15,1,0,1,3,0,2,1,0,0,0,0,0,0,0,0,0,0,0,4,0,0,4,0,0,0,0,0,0,0,0,7,5,0,0,0,2
Vh‹ζΛR‚R’–Ϊ,15,0,0,0,1,0,1,0,0,0,0,0,0,0,0,0,0,0,0,13,0,2,5,0,0,0,0,0,1,2,3,1,1,0,0,0,0
Vh‹ζ•x‹v’¬,34,1,0,1,7,0,5,2,0,0,2,0,0,0,0,2,0,0,0,16,0,1,3,0,0,0,0,0,0,7,5,8,4,1,0,0,3
Vh‹ζ‰Ν“c’¬,19,1,1,0,8,0,5,2,0,1,0,0,0,0,0,0,0,0,0,7,0,0,3,0,0,0,0,0,0,0,4,3,1,0,0,0,2
Vh‹ζ‰ΰƒ–‹u’¬,18,1,1,0,3,0,2,1,0,0,0,0,0,0,0,0,0,0,0,5,0,0,1,0,0,0,0,0,0,0,4,9,4,1,0,0,4
Vh‹ζl’Jβ’¬,5,0,0,0,0,0,0,0,0,0,0,0,0,0,0,0,0,0,0,4,0,0,1,0,0,0,1,0,0,0,2,1,1,0,0,0,0
Vh‹ζl’JO‰h’¬,7,0,0,0,0,0,0,0,0,0,0,0,0,0,0,0,0,0,0,2,0,0,1,0,0,0,0,0,0,0,1,5,4,0,0,0,1
Vh‹ζv,3565,86,24,62,599,1,313,224,37,24,90,11,1,1,27,20,1,4,25,1714,5,27,368,50,4,5,67,10,80,429,669,1076,432,137,31,1,475
•¶‹‹ζ‘ε’Λ‚P’–Ϊ,8,0,0,0,1,0,0,1,0,0,0,0,0,0,0,0,0,0,0,6,0,0,3,0,0,0,0,0,0,2,1,1,1,0,0,0,0
•¶‹‹ζ‘ε’Λ‚Q’–Ϊ,5,0,0,0,1,0,1,0,0,0,0,0,0,0,0,0,0,0,0,0,0,0,0,0,0,0,0,0,0,0,0,4,3,1,0,0,0
•¶‹‹ζ‘ε’Λ‚R’–Ϊ,14,0,0,0,0,0,0,0,0,0,0,0,0,0,0,0,0,0,0,8,0,1,5,0,0,0,0,0,0,0,2,6,4,1,0,0,1
•¶‹‹ζ‘ε’Λ‚S’–Ϊ,10,0,0,0,0,0,0,0,0,0,0,0,0,0,0,0,0,0,0,4,0,0,0,0,0,0,0,0,0,0,4,6,4,0,0,0,2
•¶‹‹ζ‘ε’Λ‚T’–Ϊ,14,1,0,1,2,0,2,0,0,0,1,0,0,0,0,1,0,0,0,4,0,0,1,0,0,1,0,0,1,0,1,6,6,0,0,0,0
•¶‹‹ζ‘ε’Λ‚U’–Ϊ,8,2,0,2,1,0,1,0,0,0,0,0,0,0,0,0,0,0,0,2,0,0,1,0,0,0,0,0,0,0,1,3,2,0,0,0,1
•¶‹‹ζ‰Ή‰H‚P’–Ϊ,9,0,0,0,0,0,0,0,0,0,0,0,0,0,0,0,0,0,0,4,0,0,1,0,0,0,0,0,0,1,2,5,4,0,0,0,1
•¶‹‹ζ‰Ή‰H‚Q’–Ϊ,5,0,0,0,1,0,1,0,0,0,0,0,0,0,0,0,0,0,0,2,0,0,1,0,0,0,0,0,0,0,1,2,0,0,1,0,1
•¶‹‹ζt“ϊ‚P’–Ϊ,39,0,0,0,5,0,3,1,0,1,1,0,0,0,1,0,0,0,0,20,0,0,4,1,0,0,1,0,0,7,7,13,5,1,0,0,7
•¶‹‹ζt“ϊ‚Q’–Ϊ,11,0,0,0,1,0,0,1,0,0,0,0,0,0,0,0,0,0,0,3,0,1,0,0,0,0,0,0,0,0,2,7,6,0,0,0,1
•¶‹‹ζ¬Ξμ‚P’–Ϊ,15,0,0,0,1,0,0,1,0,0,0,0,0,0,0,0,0,0,0,4,0,0,0,0,0,0,0,0,0,3,1,10,7,1,1,0,1
•¶‹‹ζ¬Ξμ‚Q’–Ϊ,15,0,0,0,1,0,0,0,1,0,0,0,0,0,0,0,0,0,0,4,0,0,2,0,0,0,0,0,0,0,2,10,6,0,0,0,4
•¶‹‹ζ¬Ξμ‚R’–Ϊ,9,0,0,0,0,0,0,0,0,0,0,0,0,0,0,0,0,0,0,4,0,0,1,0,0,0,0,0,0,0,3,5,3,0,0,0,2
•¶‹‹ζ¬Ξμ‚S’–Ϊ,12,0,0,0,0,0,0,0,0,0,0,0,0,0,0,0,0,0,0,7,0,0,4,0,0,0,0,0,0,1,2,5,4,0,0,0,1
•¶‹‹ζ¬Ξμ‚T’–Ϊ,15,0,0,0,0,0,0,0,0,0,2,0,0,0,0,2,0,0,0,4,0,0,0,1,0,0,0,0,0,0,3,9,6,0,1,0,2
•¶‹‹ζγy‚P’–Ϊ,61,0,0,0,10,0,9,1,0,0,0,0,0,0,0,0,0,0,0,10,0,0,1,0,0,0,1,0,2,0,6,41,27,2,2,0,10
•¶‹‹ζγy‚Q’–Ϊ,3,0,0,0,1,0,1,0,0,0,0,0,0,0,0,0,0,0,0,0,0,0,0,0,0,0,0,0,0,0,0,2,2,0,0,0,0
•¶‹‹ζ¬“ϊό‚P’–Ϊ,2,0,0,0,0,0,0,0,0,0,0,0,0,0,0,0,0,0,0,0,0,0,0,0,0,0,0,0,0,0,0,2,1,0,0,0,1
•¶‹‹ζ¬“ϊό‚R’–Ϊ,1,0,0,0,0,0,0,0,0,0,0,0,0,0,0,0,0,0,0,1,0,0,1,0,0,0,0,0,0,0,0,0,0,0,0,0,0
•¶‹‹ζ¬“ϊό‚S’–Ϊ,6,0,0,0,1,0,1,0,0,0,0,0,0,0,0,0,0,0,0,2,0,0,1,0,0,0,1,0,0,0,0,3,0,0,0,0,3
•¶‹‹ζ…“Ή‚P’–Ϊ,8,0,0,0,3,0,2,0,1,0,0,0,0,0,0,0,0,0,0,0,0,0,0,0,0,0,0,0,0,0,0,5,4,1,0,0,0
•¶‹‹ζ…“Ή‚Q’–Ϊ,16,1,0,1,2,0,1,1,0,0,3,0,0,0,0,0,0,0,3,3,0,0,2,0,0,0,0,0,0,0,1,7,5,0,0,0,2
•¶‹‹ζΦϋ‚P’–Ϊ,31,0,0,0,1,0,0,1,0,0,0,0,0,0,0,0,0,0,0,18,0,0,5,2,0,0,0,0,1,3,7,12,8,0,0,0,4
•¶‹‹ζΦϋ‚Q’–Ϊ,2,0,0,0,0,0,0,0,0,0,0,0,0,0,0,0,0,0,0,2,0,0,0,0,0,0,0,0,0,0,2,0,0,0,0,0,0
•¶‹‹ζΦϋ‚R’–Ϊ,5,0,0,0,2,0,1,1,0,0,0,0,0,0,0,0,0,0,0,1,0,0,1,0,0,0,0,0,0,0,0,2,1,0,0,0,1
•¶‹‹ζηΞ‚P’–Ϊ,10,0,0,0,2,0,1,0,1,0,0,0,0,0,0,0,0,0,0,2,0,0,0,0,0,0,0,0,0,0,2,6,4,0,0,0,2
•¶‹‹ζηΞ‚Q’–Ϊ,4,0,0,0,1,0,1,0,0,0,0,0,0,0,0,0,0,0,0,1,0,0,1,0,0,0,0,0,0,0,0,2,2,0,0,0,0
•¶‹‹ζηΞ‚R’–Ϊ,6,0,0,0,1,0,0,1,0,0,0,0,0,0,0,0,0,0,0,1,0,0,0,0,0,0,0,0,0,0,1,4,3,0,0,0,1
•¶‹‹ζηΞ‚S’–Ϊ,15,0,0,0,0,0,0,0,0,0,0,0,0,0,0,0,0,0,0,3,0,0,1,0,0,0,0,0,0,0,2,12,8,0,0,0,4
•¶‹‹ζη‘Κ–Ψ‚P’–Ϊ,4,0,0,0,0,0,0,0,0,0,0,0,0,0,0,0,0,0,0,3,0,0,2,0,0,0,0,0,0,0,1,1,1,0,0,0,0
•¶‹‹ζη‘Κ–Ψ‚Q’–Ϊ,15,0,0,0,2,0,1,1,0,0,0,0,0,0,0,0,0,0,0,7,0,0,2,0,0,0,0,1,0,0,4,6,4,0,0,0,2
•¶‹‹ζη‘Κ–Ψ‚R’–Ϊ,26,0,0,0,4,0,2,1,1,0,0,0,0,0,0,0,0,0,0,14,0,0,2,0,0,0,0,0,0,11,1,8,4,1,1,0,2
•¶‹‹ζη‘Κ–Ψ‚S’–Ϊ,8,0,0,0,2,0,0,2,0,0,1,0,0,0,0,1,0,0,0,2,0,0,2,0,0,0,0,0,0,0,0,3,1,0,0,0,2
•¶‹‹ζη‘Κ–Ψ‚T’–Ϊ,3,0,0,0,0,0,0,0,0,0,0,0,0,0,0,0,0,0,0,0,0,0,0,0,0,0,0,0,0,0,0,3,2,0,0,0,1
•¶‹‹ζΌ•Π‚P’–Ϊ,4,0,0,0,0,0,0,0,0,0,0,0,0,0,0,0,0,0,0,4,0,0,2,0,0,0,0,0,1,0,1,0,0,0,0,0,0
•¶‹‹ζΌ•Π‚Q’–Ϊ,2,0,0,0,0,0,0,0,0,0,0,0,0,0,0,0,0,0,0,0,0,0,0,0,0,0,0,0,0,0,0,2,2,0,0,0,0
•¶‹‹ζª’Γ‚P’–Ϊ,4,0,0,0,0,0,0,0,0,0,0,0,0,0,0,0,0,0,0,3,0,0,3,0,0,0,0,0,0,0,0,1,0,1,0,0,0
•¶‹‹ζª’Γ‚Q’–Ϊ,3,0,0,0,1,0,0,1,0,0,0,0,0,0,0,0,0,0,0,2,0,0,0,0,0,0,0,0,0,1,1,0,0,0,0,0,0
•¶‹‹ζ”’R‚P’–Ϊ,12,0,0,0,0,0,0,0,0,0,1,0,0,0,0,1,0,0,0,4,0,0,4,0,0,0,0,0,0,0,0,7,2,0,1,0,4
•¶‹‹ζ”’R‚Q’–Ϊ,13,1,0,1,1,0,1,0,0,0,1,0,0,0,0,1,0,0,0,2,0,0,1,0,0,0,0,0,0,0,1,8,4,0,0,0,4
•¶‹‹ζ”’R‚S’–Ϊ,5,0,0,0,1,0,0,1,0,0,0,0,0,0,0,0,0,0,0,2,0,0,0,1,0,0,0,0,0,0,1,2,2,0,0,0,0
•¶‹‹ζ”’R‚T’–Ϊ,23,0,0,0,3,0,1,1,1,0,1,0,0,0,0,0,0,0,1,8,0,0,3,0,0,0,0,1,0,1,3,11,6,1,0,0,4
•¶‹‹ζ–{‹ξ‚P’–Ϊ,7,0,0,0,0,0,0,0,0,0,0,0,0,0,0,0,0,0,0,3,0,0,1,0,0,0,0,0,0,0,2,4,2,0,0,0,2
•¶‹‹ζ–{‹ξ‚Q’–Ϊ,18,0,0,0,0,0,0,0,0,0,1,0,1,0,0,0,0,0,0,7,0,0,3,0,0,0,0,0,0,3,1,10,5,1,0,0,4
•¶‹‹ζ–{‹ξ‚R’–Ϊ,8,1,0,1,1,0,0,1,0,0,0,0,0,0,0,0,0,0,0,2,0,0,2,0,0,0,0,0,0,0,0,4,2,0,0,0,2
•¶‹‹ζ–{‹ξ‚S’–Ϊ,3,0,0,0,0,0,0,0,0,0,0,0,0,0,0,0,0,0,0,2,0,1,1,0,0,0,0,0,0,0,0,1,1,0,0,0,0
•¶‹‹ζ–{‹ξ‚T’–Ϊ,12,1,0,1,2,0,1,1,0,0,1,0,0,1,0,0,0,0,0,5,0,0,2,1,0,0,0,0,0,0,2,3,2,1,0,0,0
•¶‹‹ζ–{‹ξ‚U’–Ϊ,7,0,0,0,0,0,0,0,0,0,0,0,0,0,0,0,0,0,0,3,0,0,1,0,0,0,0,0,0,0,2,4,4,0,0,0,0
•¶‹‹ζ–{‹½‚P’–Ϊ,8,0,0,0,0,0,0,0,0,0,0,0,0,0,0,0,0,0,0,4,0,0,2,0,0,0,0,0,0,0,2,4,2,2,0,0,0
•¶‹‹ζ–{‹½‚Q’–Ϊ,10,0,0,0,1,0,0,1,0,0,0,0,0,0,0,0,0,0,0,5,0,0,3,0,0,0,0,0,0,1,1,4,4,0,0,0,0
•¶‹‹ζ–{‹½‚R’–Ϊ,11,0,0,0,0,0,0,0,0,0,0,0,0,0,0,0,0,0,0,10,0,0,3,0,0,1,0,0,0,0,6,1,0,0,0,0,1
•¶‹‹ζ–{‹½‚S’–Ϊ,10,0,0,0,2,0,2,0,0,0,0,0,0,0,0,0,0,0,0,3,0,0,0,1,0,1,0,0,0,1,0,5,3,0,0,0,2
•¶‹‹ζ–{‹½‚T’–Ϊ,6,0,0,0,2,0,0,2,0,0,0,0,0,0,0,0,0,0,0,1,0,0,1,0,0,0,0,0,0,0,0,3,2,1,0,0,0
•¶‹‹ζ–{‹½‚U’–Ϊ,3,0,0,0,0,0,0,0,0,0,1,0,0,0,1,0,0,0,0,1,0,0,0,0,0,0,0,0,0,0,1,1,1,0,0,0,0
•¶‹‹ζ–{‹½‚V’–Ϊ,19,0,0,0,1,0,0,0,1,0,0,0,0,0,0,0,0,0,0,12,0,0,7,0,0,0,0,0,0,0,5,6,3,0,0,0,3
•¶‹‹ζό‹u‚P’–Ϊ,11,0,0,0,0,0,0,0,0,0,0,0,0,0,0,0,0,0,0,8,0,0,3,0,0,2,0,0,0,0,3,3,3,0,0,0,0
•¶‹‹ζό‹u‚Q’–Ϊ,12,0,0,0,3,0,2,1,0,0,1,0,0,0,0,1,0,0,0,5,0,0,5,0,0,0,0,0,0,0,0,3,1,0,0,0,2
•¶‹‹ζ–Ϊ”’‘δ‚P’–Ϊ,6,0,0,0,0,0,0,0,0,0,0,0,0,0,0,0,0,0,0,5,0,0,0,1,0,0,0,0,0,0,4,1,1,0,0,0,0
•¶‹‹ζ–Ϊ”’‘δ‚Q’–Ϊ,6,0,0,0,0,0,0,0,0,0,1,0,0,0,0,1,0,0,0,5,0,0,1,0,0,0,0,0,0,0,4,0,0,0,0,0,0
•¶‹‹ζ–Ϊ”’‘δ‚R’–Ϊ,4,0,0,0,1,0,0,1,0,0,0,0,0,0,0,0,0,0,0,0,0,0,0,0,0,0,0,0,0,0,0,3,2,0,0,0,1
•¶‹‹ζ–ν¶‚P’–Ϊ,2,0,0,0,0,0,0,0,0,0,0,0,0,0,0,0,0,0,0,2,0,0,1,0,0,0,0,0,0,0,1,0,0,0,0,0,0
•¶‹‹ζ–ν¶‚Q’–Ϊ,4,0,0,0,0,0,0,0,0,0,0,0,0,0,0,0,0,0,0,1,0,0,1,0,0,0,0,0,0,0,0,3,3,0,0,0,0
•¶‹‹ζ“’“‡‚P’–Ϊ,5,0,0,0,1,0,1,0,0,0,0,0,0,0,0,0,0,0,0,3,0,0,1,0,0,0,0,0,0,0,2,1,1,0,0,0,0
•¶‹‹ζ“’“‡‚Q’–Ϊ,6,0,0,0,2,0,0,2,0,0,0,0,0,0,0,0,0,0,0,2,0,0,0,0,0,0,0,0,0,0,2,2,1,0,0,0,1
•¶‹‹ζ“’“‡‚R’–Ϊ,63,10,0,10,15,0,6,8,0,1,2,0,0,0,2,0,0,0,0,22,0,0,4,0,0,0,0,0,0,5,13,14,4,0,0,0,10
•¶‹‹ζ“’“‡‚S’–Ϊ,5,0,0,0,0,0,0,0,0,0,0,0,0,0,0,0,0,0,0,2,0,0,1,1,0,0,0,0,0,0,0,3,1,1,0,0,1
•¶‹‹ζv,727,17,0,17,83,0,42,33,6,2,18,0,1,1,4,8,0,0,4,284,0,3,100,9,0,5,3,2,5,40,117,325,202,16,7,0,100
‘δ“‹ζH—t΄,1,0,0,0,0,0,0,0,0,0,0,0,0,0,0,0,0,0,0,1,0,0,1,0,0,0,0,0,0,0,0,0,0,0,0,0,0
‘δ“‹ζσ‘‚P’–Ϊ,108,3,2,1,11,0,9,2,0,0,0,0,0,0,0,0,0,0,0,78,0,0,30,0,0,0,1,0,4,28,15,16,7,1,0,0,8
‘δ“‹ζσ‘‚Q’–Ϊ,59,1,0,1,13,0,8,4,0,1,1,0,0,0,1,0,0,0,0,34,0,0,13,0,0,0,0,0,1,12,8,10,3,2,0,0,5
‘δ“‹ζσ‘‚R’–Ϊ,15,0,0,0,4,0,1,3,0,0,0,0,0,0,0,0,0,0,0,8,0,0,6,1,0,0,0,0,0,0,1,3,2,0,0,0,1
‘δ“‹ζσ‘‚S’–Ϊ,12,0,0,0,0,0,0,0,0,0,1,0,0,0,1,0,0,0,0,8,0,0,3,0,0,0,0,0,0,1,4,3,1,0,1,0,1
‘δ“‹ζσ‘‚T’–Ϊ,24,0,0,0,2,0,1,1,0,0,0,0,0,0,0,0,0,0,0,19,0,0,11,1,0,0,0,0,0,1,6,3,3,0,0,0,0
‘δ“‹ζσ‘‚U’–Ϊ,12,0,0,0,2,0,1,1,0,0,0,0,0,0,0,0,0,0,0,6,0,0,5,1,0,0,0,0,0,0,0,4,1,0,0,0,3
‘δ“‹ζσ‘‚V’–Ϊ,3,0,0,0,0,0,0,0,0,0,0,0,0,0,0,0,0,0,0,2,0,0,1,0,0,0,0,0,0,0,1,1,1,0,0,0,0
‘δ“‹ζσ‘‹΄‚P’–Ϊ,28,1,0,1,7,0,4,3,0,0,2,0,0,0,2,0,0,0,0,11,0,0,8,0,0,0,0,0,0,1,2,7,2,1,0,0,4
‘δ“‹ζσ‘‹΄‚Q’–Ϊ,6,0,0,0,0,0,0,0,0,0,0,0,0,0,0,0,0,0,0,3,0,0,3,0,0,0,0,0,0,0,0,3,0,0,0,0,3
‘δ“‹ζσ‘‹΄‚R’–Ϊ,7,0,0,0,1,0,0,1,0,0,0,0,0,0,0,0,0,0,0,6,0,0,4,0,0,0,0,0,0,0,2,0,0,0,0,0,0
‘δ“‹ζσ‘‹΄‚S’–Ϊ,1,0,0,0,1,0,0,0,0,1,0,0,0,0,0,0,0,0,0,0,0,0,0,0,0,0,0,0,0,0,0,0,0,0,0,0,0
‘δ“‹ζσ‘‹΄‚T’–Ϊ,8,0,0,0,1,0,0,1,0,0,0,0,0,0,0,0,0,0,0,5,0,0,2,2,0,0,0,0,0,0,1,2,0,0,0,0,2
‘δ“‹ζ’r”V’[‚P’–Ϊ,6,0,0,0,0,0,0,0,0,0,0,0,0,0,0,0,0,0,0,3,0,0,1,0,0,0,0,0,0,0,2,3,2,0,0,0,1
‘δ“‹ζ’r”V’[‚Q’–Ϊ,6,0,0,0,0,0,0,0,0,0,0,0,0,0,0,0,0,0,0,4,0,0,2,0,0,0,0,0,0,0,2,2,2,0,0,0,0
‘δ“‹ζ’r”V’[‚R’–Ϊ,4,0,0,0,0,0,0,0,0,0,1,0,0,0,0,1,0,0,0,1,0,0,1,0,0,0,0,0,0,0,0,2,1,0,0,0,1
‘δ“‹ζ΅Λ‚P’–Ϊ,7,0,0,0,0,0,0,0,0,0,0,0,0,0,0,0,0,0,0,4,0,0,2,0,0,0,0,0,0,0,2,3,3,0,0,0,0
‘δ“‹ζ΅Λ‚Q’–Ϊ,6,0,0,0,0,0,0,0,0,0,0,0,0,0,0,0,0,0,0,4,0,0,4,0,0,0,0,0,0,0,0,2,2,0,0,0,0
‘δ“‹ζ“ό’J‚P’–Ϊ,17,0,0,0,4,0,1,3,0,0,0,0,0,0,0,0,0,0,0,11,0,0,7,0,0,0,0,0,1,2,1,2,0,0,0,0,2
‘δ“‹ζ“ό’J‚Q’–Ϊ,5,0,0,0,0,0,0,0,0,0,0,0,0,0,0,0,0,0,0,2,0,0,2,0,0,0,0,0,0,0,0,3,2,0,0,0,1
‘δ“‹ζγ–μ‚P’–Ϊ,7,0,0,0,0,0,0,0,0,0,0,0,0,0,0,0,0,0,0,5,0,0,2,0,0,0,0,0,0,1,2,2,1,0,0,0,1
‘δ“‹ζγ–μ‚Q’–Ϊ,49,5,1,4,13,0,4,7,1,1,2,0,0,0,2,0,0,0,0,17,0,0,3,0,0,0,2,0,1,2,9,12,2,0,0,0,10
‘δ“‹ζγ–μ‚R’–Ϊ,49,1,1,0,4,0,3,1,0,0,1,0,0,0,1,0,0,0,0,33,0,0,4,0,0,0,0,0,1,18,10,10,5,0,0,0,5
‘δ“‹ζγ–μ‚S’–Ϊ,79,1,0,1,6,0,4,2,0,0,0,0,0,0,0,0,0,0,0,58,0,0,9,0,0,0,2,0,5,13,29,14,6,0,2,0,6
‘δ“‹ζγ–μ‚T’–Ϊ,41,0,0,0,6,0,6,0,0,0,1,0,0,0,1,0,0,0,0,18,0,0,5,0,0,0,0,0,0,3,10,16,4,1,2,0,9
‘δ“‹ζγ–μ‚U’–Ϊ,127,1,0,1,4,0,2,2,0,0,2,0,0,0,2,0,0,0,0,94,0,0,12,1,0,0,1,0,7,35,38,26,10,2,2,0,12
‘δ“‹ζγ–μ‚V’–Ϊ,81,1,0,1,14,0,7,6,1,0,0,0,0,0,0,0,0,0,0,59,0,0,18,0,0,0,2,0,5,12,22,7,1,2,0,0,4
‘δ“‹ζγ–μφ‰€,28,0,0,0,5,0,3,1,1,0,0,0,0,0,0,0,0,0,0,17,0,0,6,0,0,0,1,0,3,1,6,6,1,4,0,0,1
‘δ“‹ζγ–μχ–Ψ‚P’–Ϊ,5,0,0,0,1,0,0,0,1,0,0,0,0,0,0,0,0,0,0,1,0,0,0,0,0,0,0,0,0,0,1,3,2,0,0,0,1
‘δ“‹ζγ–μχ–Ψ‚Q’–Ϊ,3,0,0,0,0,0,0,0,0,0,0,0,0,0,0,0,0,0,0,3,0,0,2,0,0,0,0,0,0,0,1,0,0,0,0,0,0
‘δ“‹ζ—‹–ε‚P’–Ϊ,6,0,0,0,0,0,0,0,0,0,0,0,0,0,0,0,0,0,0,4,0,0,0,0,0,0,0,0,1,0,3,2,0,0,0,0,2
‘δ“‹ζ—‹–ε‚Q’–Ϊ,22,3,0,3,3,0,1,2,0,0,0,0,0,0,0,0,0,0,0,13,0,0,1,0,0,0,0,0,0,6,6,3,1,0,0,0,2
‘δ“‹ζ–kγ–μ‚P’–Ϊ,4,0,0,0,0,0,0,0,0,0,0,0,0,0,0,0,0,0,0,2,0,0,1,0,0,0,0,0,0,0,1,2,1,0,0,0,1
‘δ“‹ζ–kγ–μ‚Q’–Ϊ,10,0,0,0,1,0,1,0,0,0,0,0,0,0,0,0,0,0,0,6,0,0,5,0,0,0,0,0,0,0,1,3,2,0,0,0,1
‘δ“‹ζ΄μ‚P’–Ϊ,4,0,0,0,2,0,2,0,0,0,0,0,0,0,0,0,0,0,0,2,0,0,1,0,0,0,1,0,0,0,0,0,0,0,0,0,0
‘δ“‹ζ΄μ‚Q’–Ϊ,36,1,0,1,3,0,0,3,0,0,0,0,0,0,0,0,0,0,0,27,0,0,4,0,0,0,0,0,1,17,5,5,2,1,0,0,2
‘δ“‹ζ‘ ‘O‚P’–Ϊ,5,0,0,0,0,0,0,0,0,0,0,0,0,0,0,0,0,0,0,3,0,0,3,0,0,0,0,0,0,0,0,2,0,0,1,0,1
‘δ“‹ζ‘ ‘O‚Q’–Ϊ,8,0,0,0,3,0,3,0,0,0,0,0,0,0,0,0,0,0,0,4,0,0,2,0,0,0,0,0,0,2,0,1,0,0,0,0,1
‘δ“‹ζ‘ ‘O‚R’–Ϊ,9,0,0,0,1,0,1,0,0,0,0,0,0,0,0,0,0,0,0,7,0,0,7,0,0,0,0,0,0,0,0,1,1,0,0,0,0
‘δ“‹ζ‘ ‘O‚S’–Ϊ,11,0,0,0,0,0,0,0,0,0,0,0,0,0,0,0,0,0,0,8,0,1,6,0,0,0,0,0,0,0,1,3,2,1,0,0,0
‘δ“‹ζ¬“‡‚P’–Ϊ,6,0,0,0,0,0,0,0,0,0,0,0,0,0,0,0,0,0,0,4,0,0,2,0,0,0,0,0,0,0,2,2,1,0,0,0,1
‘δ“‹ζ¬“‡‚Q’–Ϊ,9,0,0,0,2,0,1,1,0,0,0,0,0,0,0,0,0,0,0,4,0,0,2,0,0,0,1,0,0,0,1,3,2,0,1,0,0
‘δ“‹ζυ‚P’–Ϊ,6,0,0,0,1,0,0,0,1,0,0,0,0,0,0,0,0,0,0,4,0,0,4,0,0,0,0,0,0,0,0,1,0,0,0,0,1
‘δ“‹ζυ‚Q’–Ϊ,6,0,0,0,0,0,0,0,0,0,0,0,0,0,0,0,0,0,0,5,0,0,4,0,0,0,0,0,0,0,1,1,0,0,0,0,1
‘δ“‹ζυ‚R’–Ϊ,4,0,0,0,0,0,0,0,0,0,0,0,0,0,0,0,0,0,0,4,0,0,3,0,0,0,0,0,0,0,1,0,0,0,0,0,0
‘δ“‹ζυ‚S’–Ϊ,4,0,0,0,1,0,1,0,0,0,0,0,0,0,0,0,0,0,0,2,0,0,0,0,0,0,0,1,0,0,1,1,1,0,0,0,0
‘δ“‹ζ‹ξ`‚P’–Ϊ,11,0,0,0,2,0,1,1,0,0,0,0,0,0,0,0,0,0,0,7,0,1,3,0,0,0,0,0,0,2,1,2,0,1,0,0,1
‘δ“‹ζ‹ξ`‚Q’–Ϊ,5,0,0,0,0,0,0,0,0,0,0,0,0,0,0,0,0,0,0,4,0,0,4,0,0,0,0,0,0,0,0,1,0,0,1,0,0
‘δ“‹ζ‰Ί’J‚P’–Ϊ,4,0,0,0,0,0,0,0,0,0,0,0,0,0,0,0,0,0,0,2,0,0,1,0,0,1,0,0,0,0,0,2,1,0,0,0,1
‘δ“‹ζ‰Ί’J‚Q’–Ϊ,20,0,0,0,2,0,2,0,0,0,1,0,0,1,0,0,0,0,0,10,0,0,9,0,0,0,0,0,0,0,1,7,4,0,0,0,3
‘δ“‹ζ‰Ί’J‚R’–Ϊ,6,0,0,0,0,0,0,0,0,0,0,0,0,0,0,0,0,0,0,2,0,0,1,0,0,0,0,0,0,0,1,4,2,0,0,0,2
‘δ“‹ζη‘©‚P’–Ϊ,3,0,0,0,0,0,0,0,0,0,0,0,0,0,0,0,0,0,0,3,0,0,3,0,0,0,0,0,0,0,0,0,0,0,0,0,0
‘δ“‹ζη‘©‚Q’–Ϊ,2,0,0,0,0,0,0,0,0,0,0,0,0,0,0,0,0,0,0,2,0,0,2,0,0,0,0,0,0,0,0,0,0,0,0,0,0
‘δ“‹ζη‘©‚R’–Ϊ,12,0,0,0,1,0,0,0,1,0,0,0,0,0,0,0,0,0,0,9,0,0,4,1,0,0,0,0,1,0,3,2,0,1,0,0,1
‘δ“‹ζη‘©‚S’–Ϊ,27,1,1,0,3,0,1,1,1,0,1,1,0,0,0,0,0,0,0,11,0,0,5,1,0,0,0,0,0,3,2,11,3,0,0,0,8
‘δ“‹ζ‘δ“‚P’–Ϊ,9,1,0,1,0,0,0,0,0,0,0,0,0,0,0,0,0,0,0,6,0,0,2,0,0,0,0,0,0,0,4,2,2,0,0,0,0
‘δ“‹ζ‘δ“‚Q’–Ϊ,9,0,0,0,2,0,0,1,1,0,0,0,0,0,0,0,0,0,0,6,0,0,4,0,0,0,0,0,0,0,2,1,0,0,0,0,1
‘δ“‹ζ‘δ“‚R’–Ϊ,19,0,0,0,4,0,1,3,0,0,1,1,0,0,0,0,0,0,0,6,0,0,2,0,0,0,0,0,0,0,4,8,8,0,0,0,0
‘δ“‹ζ‘δ“‚S’–Ϊ,23,0,0,0,3,0,2,1,0,0,0,0,0,0,0,0,0,0,0,15,0,0,7,0,0,0,0,0,0,2,6,5,3,0,1,0,1
‘δ“‹ζ’Ή‰z‚P’–Ϊ,2,0,0,0,0,0,0,0,0,0,0,0,0,0,0,0,0,0,0,2,0,0,1,0,0,0,0,0,0,0,1,0,0,0,0,0,0
‘δ“‹ζ’Ή‰z‚Q’–Ϊ,2,0,0,0,0,0,0,0,0,0,0,0,0,0,0,0,0,0,0,2,0,0,2,0,0,0,0,0,0,0,0,0,0,0,0,0,0
‘δ“‹ζΌσ‘‚P’–Ϊ,9,0,0,0,2,0,1,1,0,0,0,0,0,0,0,0,0,0,0,7,0,0,4,0,0,0,1,0,0,0,2,0,0,0,0,0,0
‘δ“‹ζΌσ‘‚Q’–Ϊ,23,1,0,1,3,0,1,2,0,0,1,0,0,0,1,0,0,0,0,16,0,0,5,0,0,0,0,0,0,9,2,2,0,0,0,0,2
‘δ“‹ζΌσ‘‚R’–Ϊ,10,0,0,0,1,0,1,0,0,0,0,0,0,0,0,0,0,0,0,7,0,0,3,0,0,0,0,0,0,3,1,2,0,0,0,0,2
‘δ“‹ζ“ϊ–{’η‚P’–Ϊ,16,0,0,0,2,0,2,0,0,0,0,0,0,0,0,0,0,0,0,9,0,0,6,0,0,0,0,0,0,3,0,5,2,0,0,0,3
‘δ“‹ζ“ϊ–{’η‚Q’–Ϊ,23,0,0,0,4,0,2,2,0,0,0,0,0,0,0,0,0,0,0,13,0,0,2,0,0,0,0,0,0,9,2,6,3,0,0,0,3
‘δ“‹ζªέ‚P’–Ϊ,32,0,0,0,9,0,7,2,0,0,0,0,0,0,0,0,0,0,0,17,0,0,2,0,0,0,0,0,2,1,12,6,0,1,0,0,5
‘δ“‹ζªέ‚Q’–Ϊ,17,0,0,0,2,0,0,2,0,0,1,0,0,0,0,0,1,0,0,10,0,0,8,0,0,0,0,0,0,2,0,4,0,1,0,0,3
‘δ“‹ζªέ‚R’–Ϊ,13,0,0,0,0,0,0,0,0,0,0,0,0,0,0,0,0,0,0,12,0,0,6,0,0,0,0,0,0,1,5,1,0,0,0,0,1
‘δ“‹ζªέ‚S’–Ϊ,9,0,0,0,1,0,1,0,0,0,0,0,0,0,0,0,0,0,0,6,0,0,5,0,0,0,0,0,0,0,1,2,1,0,0,0,1
‘δ“‹ζªέ‚T’–Ϊ,20,0,0,0,3,0,3,0,0,0,0,0,0,0,0,0,0,0,0,14,0,0,4,1,0,0,0,0,0,4,5,3,1,0,0,0,2
‘δ“‹ζ‹΄κ‚P’–Ϊ,6,0,0,0,0,0,0,0,0,0,0,0,0,0,0,0,0,0,0,4,0,0,3,0,0,0,0,0,0,1,0,2,1,0,0,0,1
‘δ“‹ζ‹΄κ‚Q’–Ϊ,9,0,0,0,1,0,1,0,0,0,1,0,0,0,0,0,0,0,1,5,0,0,5,0,0,0,0,0,0,0,0,2,1,0,0,0,1
‘δ“‹ζ‰ΤμΛ‚P’–Ϊ,28,0,0,0,1,0,1,0,0,0,2,0,0,0,1,0,0,0,1,20,0,0,11,0,0,0,0,0,0,7,2,5,1,1,0,0,3
‘δ“‹ζ‰ΤμΛ‚Q’–Ϊ,7,1,0,1,1,0,1,0,0,0,0,0,0,0,0,0,0,0,0,5,0,0,4,0,0,0,0,0,0,0,1,0,0,0,0,0,0
‘δ“‹ζ“σ‘‚P’–Ϊ,10,0,0,0,1,0,0,0,1,0,1,0,0,0,0,0,0,0,1,5,0,0,3,0,0,0,0,0,0,1,1,3,1,0,0,0,2
‘δ“‹ζ“σ‘‚Q’–Ϊ,6,0,0,0,1,0,0,1,0,0,0,0,0,0,0,0,0,0,0,3,0,0,2,0,0,0,0,0,0,1,0,2,0,0,0,0,2
‘δ“‹ζ“γ–μ‚P’–Ϊ,18,2,2,0,0,0,0,0,0,0,1,0,0,0,0,0,0,0,1,14,0,0,7,2,0,0,0,0,0,1,4,1,0,0,0,0,1
‘δ“‹ζ“γ–μ‚Q’–Ϊ,12,0,0,0,1,0,0,1,0,0,0,0,0,0,0,0,0,0,0,4,0,0,2,0,0,0,0,0,0,0,2,7,2,2,0,0,3
‘δ“‹ζ“γ–μ‚R’–Ϊ,28,1,0,1,7,0,3,4,0,0,0,0,0,0,0,0,0,0,0,11,0,1,1,1,0,1,1,0,0,0,6,9,3,1,0,0,5
‘δ“‹ζ“γ–μ‚S’–Ϊ,8,0,0,0,1,0,1,0,0,0,0,0,0,0,0,0,0,0,0,4,0,0,1,0,0,0,0,0,0,0,3,3,0,1,0,0,2
‘δ“‹ζ“γ–μ‚T’–Ϊ,15,0,0,0,0,0,0,0,0,0,0,0,0,0,0,0,0,0,0,10,0,0,4,0,0,0,0,0,0,2,4,5,3,0,0,0,2
‘δ“‹ζ“γ–μ‚U’–Ϊ,10,0,0,0,0,0,0,0,0,0,0,0,0,0,0,0,0,0,0,9,0,1,6,0,0,0,0,0,0,0,2,1,1,0,0,0,0
‘δ“‹ζΌ‚ª’J‚P’–Ϊ,4,0,0,0,1,0,0,1,0,0,0,0,0,0,0,0,0,0,0,2,0,0,1,1,0,0,0,0,0,0,0,1,0,0,0,0,1
‘δ“‹ζΌ‚ª’J‚Q’–Ϊ,5,0,0,0,0,0,0,0,0,0,0,0,0,0,0,0,0,0,0,5,0,0,5,0,0,0,0,0,0,0,0,0,0,0,0,0,0
‘δ“‹ζΌ‚ª’J‚R’–Ϊ,2,0,0,0,0,0,0,0,0,0,0,0,0,0,0,0,0,0,0,0,0,0,0,0,0,0,0,0,0,0,0,2,2,0,0,0,0
‘δ“‹ζΌ‚ª’J‚S’–Ϊ,9,0,0,0,0,0,0,0,0,0,0,0,0,0,0,0,0,0,0,3,0,0,1,0,0,0,0,0,0,0,2,6,0,0,0,0,6
‘δ“‹ζO‹Ψ‚P’–Ϊ,5,0,0,0,0,0,0,0,0,0,1,0,0,0,0,1,0,0,0,0,0,0,0,0,0,0,0,0,0,0,0,4,2,0,0,0,2
‘δ“‹ζO‹Ψ‚Q’–Ϊ,7,0,0,0,1,0,1,0,0,0,0,0,0,0,0,0,0,0,0,6,0,0,3,0,0,0,0,0,0,0,3,0,0,0,0,0,0
‘δ“‹ζOƒm—Φ‚P’–Ϊ,16,0,0,0,2,0,0,1,1,0,0,0,0,0,0,0,0,0,0,14,0,0,9,1,0,0,0,0,0,2,2,0,0,0,0,0,0
‘δ“‹ζOƒm—Φ‚Q’–Ϊ,1,0,0,0,1,0,1,0,0,0,0,0,0,0,0,0,0,0,0,0,0,0,0,0,0,0,0,0,0,0,0,0,0,0,0,0,0
‘δ“‹ζ³σ‘‚P’–Ϊ,8,0,0,0,0,0,0,0,0,0,0,0,0,0,0,0,0,0,0,6,0,0,3,1,0,0,1,0,0,0,1,2,0,0,0,0,2
‘δ“‹ζ³σ‘‚R’–Ϊ,5,0,0,0,0,0,0,0,0,0,0,0,0,0,0,0,0,0,0,2,0,0,0,1,0,0,0,0,0,1,0,3,0,1,0,0,2
‘δ“‹ζ³σ‘‚S’–Ϊ,7,0,0,0,0,0,0,0,0,0,0,0,0,0,0,0,0,0,0,5,0,0,5,0,0,0,0,0,0,0,0,2,1,0,0,0,1
‘δ“‹ζ’J’†‚Q’–Ϊ,2,0,0,0,0,0,0,0,0,0,0,0,0,0,0,0,0,0,0,1,0,0,1,0,0,0,0,0,0,0,0,1,1,0,0,0,0
‘δ“‹ζ’J’†‚R’–Ϊ,5,0,0,0,0,0,0,0,0,0,0,0,0,0,0,0,0,0,0,3,0,0,0,0,0,0,0,0,1,2,0,2,1,0,0,0,1
‘δ“‹ζ’J’†‚U’–Ϊ,1,0,0,0,0,0,0,0,0,0,1,0,0,0,0,0,1,0,0,0,0,0,0,0,0,0,0,0,0,0,0,0,0,0,0,0,0
‘δ“‹ζ’J’†‚V’–Ϊ,6,0,0,0,0,0,0,0,0,0,1,0,0,0,0,0,1,0,0,3,0,0,1,0,0,0,0,0,0,1,1,2,1,0,0,0,1
‘δ“‹ζ–φ‹΄‚P’–Ϊ,10,0,0,0,0,0,0,0,0,0,1,0,0,0,0,0,0,0,1,7,0,1,2,0,0,0,0,0,1,0,3,2,1,0,0,0,1
‘δ“‹ζ–φ‹΄‚Q’–Ϊ,7,0,0,0,0,0,0,0,0,0,0,0,0,0,0,0,0,0,0,5,0,1,4,0,0,0,0,0,0,0,0,2,2,0,0,0,0
‘δ“‹ζ—³ς‚P’–Ϊ,8,0,0,0,2,0,1,1,0,0,1,0,0,0,0,0,0,0,1,5,0,0,3,0,0,0,0,0,0,0,2,0,0,0,0,0,0
‘δ“‹ζ—³ς‚Q’–Ϊ,12,0,0,0,1,0,0,0,1,0,2,0,0,1,0,1,0,0,0,5,0,0,4,0,0,0,0,0,0,0,1,4,0,1,0,0,3
‘δ“‹ζ—³ς‚R’–Ϊ,6,0,0,0,0,0,0,0,0,0,0,0,0,0,0,0,0,0,0,4,0,0,3,0,0,0,0,0,0,1,0,2,2,0,0,0,0
‘δ“‹ζv,1563,25,7,18,182,0,99,69,11,3,28,2,0,2,12,3,3,0,6,982,0,6,401,16,0,2,14,1,35,214,293,346,133,26,11,0,176
–n“c‹ζαΘ‹΄‚P’–Ϊ,17,0,0,0,1,0,0,1,0,0,0,0,0,0,0,0,0,0,0,16,0,0,4,1,0,0,0,0,0,10,1,0,0,0,0,0,0
–n“c‹ζαΘ‹΄‚Q’–Ϊ,1,0,0,0,0,0,0,0,0,0,0,0,0,0,0,0,0,0,0,0,0,0,0,0,0,0,0,0,0,0,0,1,1,0,0,0,0
–n“c‹ζαΘ‹΄‚R’–Ϊ,4,0,0,0,0,0,0,0,0,0,0,0,0,0,0,0,0,0,0,2,0,0,1,0,0,0,0,0,0,0,1,2,0,0,0,0,2
–n“c‹ζΞ΄‚P’–Ϊ,6,0,0,0,0,0,0,0,0,0,1,0,0,0,0,0,0,0,1,2,0,0,2,0,0,0,0,0,0,0,0,3,1,0,0,0,2
–n“c‹ζΞ΄‚Q’–Ϊ,2,0,0,0,1,0,0,0,1,0,0,0,0,0,0,0,0,0,0,0,0,0,0,0,0,0,0,0,0,0,0,1,0,0,1,0,0
–n“c‹ζΞ΄‚R’–Ϊ,6,0,0,0,1,0,1,0,0,0,0,0,0,0,0,0,0,0,0,4,0,0,2,0,0,0,0,0,0,0,2,1,1,0,0,0,0
–n“c‹ζΞ΄‚S’–Ϊ,6,0,0,0,0,0,0,0,0,0,0,0,0,0,0,0,0,0,0,3,0,0,1,0,0,1,0,0,0,0,1,3,0,0,1,0,2
–n“c‹ζ‰γ‚P’–Ϊ,54,0,0,0,7,0,7,0,0,0,0,0,0,0,0,0,0,0,0,39,0,0,6,0,0,0,2,0,0,23,8,8,1,1,0,0,6
–n“c‹ζ‰γ‚Q’–Ϊ,20,0,0,0,2,0,1,1,0,0,0,0,0,0,0,0,0,0,0,10,0,0,7,0,0,0,0,0,0,2,1,8,5,0,0,0,3
–n“c‹ζ‰γ‚R’–Ϊ,7,0,0,0,0,0,0,0,0,0,0,0,0,0,0,0,0,0,0,6,0,0,2,1,0,1,0,0,1,0,1,1,1,0,0,0,0
–n“c‹ζ‹T‘ς‚P’–Ϊ,7,0,0,0,0,0,0,0,0,0,0,0,0,0,0,0,0,0,0,7,0,0,3,0,0,0,0,0,0,2,2,0,0,0,0,0,0
–n“c‹ζ‹T‘ς‚Q’–Ϊ,5,0,0,0,0,0,0,0,0,0,0,0,0,0,0,0,0,0,0,3,0,0,3,0,0,0,0,0,0,0,0,2,1,0,0,0,1
–n“c‹ζ‹T‘ς‚R’–Ϊ,9,0,0,0,0,0,0,0,0,0,0,0,0,0,0,0,0,0,0,6,0,0,3,0,0,0,0,0,1,0,2,3,1,0,0,0,2
–n“c‹ζ‹T‘ς‚S’–Ϊ,6,0,0,0,1,0,1,0,0,0,0,0,0,0,0,0,0,0,0,4,0,0,2,0,0,0,0,0,0,0,2,1,0,0,0,0,1
–n“c‹ζ‹eμ‚P’–Ϊ,1,0,0,0,0,0,0,0,0,0,0,0,0,0,0,0,0,0,0,1,0,0,1,0,0,0,0,0,0,0,0,0,0,0,0,0,0
–n“c‹ζ‹eμ‚Q’–Ϊ,2,0,0,0,0,0,0,0,0,0,0,0,0,0,0,0,0,0,0,2,0,0,1,0,0,0,0,0,0,0,1,0,0,0,0,0,0
–n“c‹ζ‹eμ‚R’–Ϊ,10,0,0,0,2,0,1,1,0,0,0,0,0,0,0,0,0,0,0,6,0,0,4,0,0,0,0,0,0,0,2,2,1,0,0,0,1
–n“c‹ζ‹“‡‚P’–Ϊ,24,0,0,0,3,0,1,1,1,0,1,0,0,0,0,1,0,0,0,19,0,0,10,0,0,0,0,0,0,4,5,1,0,0,0,0,1
–n“c‹ζ‹“‡‚Q’–Ϊ,2,0,0,0,0,0,0,0,0,0,0,0,0,0,0,0,0,0,0,0,0,0,0,0,0,0,0,0,0,0,0,2,0,0,0,0,2
–n“c‹ζ‹“‡‚R’–Ϊ,12,0,0,0,2,0,2,0,0,0,0,0,0,0,0,0,0,0,0,7,0,0,3,0,0,0,0,0,0,2,2,3,0,0,0,0,3
–n“c‹ζ‹Ρ…‚P’–Ϊ,11,0,0,0,1,0,1,0,0,0,0,0,0,0,0,0,0,0,0,4,0,0,0,0,0,0,0,0,0,3,1,6,1,1,2,0,2
–n“c‹ζ‹Ρ…‚Q’–Ϊ,27,0,0,0,1,0,1,0,0,0,0,0,0,0,0,0,0,0,0,23,0,0,1,0,0,0,0,0,0,19,3,3,1,0,0,0,2
–n“c‹ζ‹Ρ…‚R’–Ϊ,14,0,0,0,1,0,0,1,0,0,1,0,0,0,1,0,0,0,0,5,0,0,3,0,0,0,0,0,1,0,1,7,2,1,0,0,4
–n“c‹ζ‹Ρ…‚S’–Ϊ,35,0,0,0,1,0,1,0,0,0,0,0,0,0,0,0,0,0,0,27,0,0,18,1,0,0,0,0,2,0,6,7,6,0,0,0,1
–n“c‹ζ]“‹΄‚P’–Ϊ,4,0,0,0,0,0,0,0,0,0,0,0,0,0,0,0,0,0,0,3,0,0,3,0,0,0,0,0,0,0,0,1,0,0,0,0,1
–n“c‹ζ]“‹΄‚Q’–Ϊ,21,1,0,1,6,0,3,2,1,0,0,0,0,0,0,0,0,0,0,10,0,0,4,0,0,0,0,0,0,1,5,4,1,1,1,0,1
–n“c‹ζ]“‹΄‚R’–Ϊ,104,2,0,2,18,0,9,6,3,0,1,0,0,1,0,0,0,0,0,64,1,1,8,1,0,0,2,1,2,15,33,19,6,4,0,2,7
–n“c‹ζ]“‹΄‚S’–Ϊ,57,5,0,5,4,0,2,2,0,0,0,0,0,0,0,0,0,0,0,37,1,0,8,0,0,0,0,1,1,17,9,11,4,2,0,0,5
–n“c‹ζ]“‹΄‚T’–Ϊ,5,0,0,0,1,0,1,0,0,0,0,0,0,0,0,0,0,0,0,3,0,0,3,0,0,0,0,0,0,0,0,1,1,0,0,0,0
–n“c‹ζ–n“c‚P’–Ϊ,17,0,0,0,2,0,1,0,1,0,0,0,0,0,0,0,0,0,0,12,0,3,4,0,0,0,0,0,0,3,2,3,0,0,0,0,3
–n“c‹ζ–n“c‚Q’–Ϊ,12,0,0,0,1,0,0,0,0,1,0,0,0,0,0,0,0,0,0,8,0,0,1,4,0,0,0,0,0,2,1,3,0,0,0,0,3
–n“c‹ζ–n“c‚R’–Ϊ,12,1,0,1,1,0,0,1,0,0,1,0,0,0,0,1,0,0,0,5,0,0,1,1,0,0,0,0,0,0,3,4,1,0,0,0,3
–n“c‹ζ–n“c‚S’–Ϊ,10,1,0,1,1,0,0,1,0,0,0,0,0,0,0,0,0,0,0,6,0,0,2,0,0,0,0,0,0,1,3,2,0,0,0,0,2
–n“c‹ζ–n“c‚T’–Ϊ,9,0,0,0,1,0,0,1,0,0,0,0,0,0,0,0,0,0,0,3,0,0,1,0,0,0,0,0,1,0,1,5,2,0,0,0,3
–n“c‹ζ‘Ύ•½‚P’–Ϊ,4,0,0,0,1,0,1,0,0,0,0,0,0,0,0,0,0,0,0,1,0,0,1,0,0,0,0,0,0,0,0,2,1,0,0,0,1
–n“c‹ζ‘Ύ•½‚Q’–Ϊ,6,0,0,0,1,0,0,1,0,0,0,0,0,0,0,0,0,0,0,3,0,0,2,0,0,0,0,0,0,0,1,2,1,0,0,0,1
–n“c‹ζ‘Ύ•½‚R’–Ϊ,15,0,0,0,2,0,1,1,0,0,0,0,0,0,0,0,0,0,0,11,0,1,6,0,0,1,0,0,0,0,3,2,0,0,0,0,2
–n“c‹ζ‘Ύ•½‚S’–Ϊ,19,0,0,0,2,0,1,1,0,0,1,0,0,0,1,0,0,0,0,14,0,1,6,0,0,0,0,0,1,2,4,2,1,0,0,0,1
–n“c‹ζ—§‰Τ‚P’–Ϊ,10,0,0,0,0,0,0,0,0,0,0,0,0,0,0,0,0,0,0,7,0,3,3,0,0,0,0,0,0,0,1,3,0,0,0,0,3
–n“c‹ζ—§‰Τ‚Q’–Ϊ,7,0,0,0,0,0,0,0,0,0,1,0,0,0,0,1,0,0,0,5,0,1,0,0,0,0,0,0,0,0,4,1,0,0,0,0,1
–n“c‹ζ—§‰Τ‚R’–Ϊ,1,0,0,0,0,0,0,0,0,0,0,0,0,0,0,0,0,0,0,0,0,0,0,0,0,0,0,0,0,0,0,1,0,0,0,0,1
–n“c‹ζ—§‰Τ‚S’–Ϊ,8,0,0,0,2,0,1,1,0,0,0,0,0,0,0,0,0,0,0,6,0,1,2,0,0,0,0,0,0,0,3,0,0,0,0,0,0
–n“c‹ζ—§‰Τ‚T’–Ϊ,6,0,0,0,2,0,1,0,1,0,0,0,0,0,0,0,0,0,0,3,0,0,1,0,0,0,0,0,0,0,2,1,1,0,0,0,0
–n“c‹ζ—§‰Τ‚U’–Ϊ,2,0,0,0,0,0,0,0,0,0,0,0,0,0,0,0,0,0,0,1,0,0,0,0,0,0,0,0,0,0,1,1,0,0,0,0,1
–n“c‹ζ—§μ‚P’–Ϊ,3,0,0,0,0,0,0,0,0,0,0,0,0,0,0,0,0,0,0,2,0,0,1,1,0,0,0,0,0,0,0,1,1,0,0,0,0
–n“c‹ζ—§μ‚Q’–Ϊ,3,0,0,0,0,0,0,0,0,0,0,0,0,0,0,0,0,0,0,2,0,0,2,0,0,0,0,0,0,0,0,1,1,0,0,0,0
–n“c‹ζ—§μ‚R’–Ϊ,5,0,0,0,0,0,0,0,0,0,0,0,0,0,0,0,0,0,0,2,0,0,1,0,0,0,0,0,0,1,0,3,2,0,0,0,1
–n“c‹ζ—§μ‚S’–Ϊ,8,0,0,0,0,0,0,0,0,0,1,0,0,0,0,0,0,0,1,7,0,0,7,0,0,0,0,0,0,0,0,0,0,0,0,0,0
–n“c‹ζηΞ‚P’–Ϊ,2,0,0,0,0,0,0,0,0,0,0,0,0,0,0,0,0,0,0,0,0,0,0,0,0,0,0,0,0,0,0,2,2,0,0,0,0
–n“c‹ζηΞ‚Q’–Ϊ,1,0,0,0,0,0,0,0,0,0,0,0,0,0,0,0,0,0,0,1,0,0,1,0,0,0,0,0,0,0,0,0,0,0,0,0,0
–n“c‹ζηΞ‚R’–Ϊ,2,0,0,0,0,0,0,0,0,0,0,0,0,0,0,0,0,0,0,2,0,0,2,0,0,0,0,0,0,0,0,0,0,0,0,0,0
–n“c‹ζ’η’Κ‚P’–Ϊ,8,0,0,0,1,0,1,0,0,0,0,0,0,0,0,0,0,0,0,4,0,0,3,0,0,0,0,0,0,0,1,3,1,0,0,0,2
–n“c‹ζ’η’Κ‚Q’–Ϊ,13,0,0,0,0,0,0,0,0,0,0,0,0,0,0,0,0,0,0,11,0,1,4,1,0,0,0,0,0,1,4,2,0,0,0,0,2
–n“c‹ζ‹Ζ•½‚P’–Ϊ,6,0,0,0,1,0,0,0,1,0,0,0,0,0,0,0,0,0,0,3,0,0,3,0,0,0,0,0,0,0,0,2,1,0,0,0,1
–n“c‹ζ‹Ζ•½‚Q’–Ϊ,2,1,1,0,0,0,0,0,0,0,0,0,0,0,0,0,0,0,0,1,0,0,1,0,0,0,0,0,0,0,0,0,0,0,0,0,0
–n“c‹ζ‹Ζ•½‚R’–Ϊ,5,0,0,0,0,0,0,0,0,0,0,0,0,0,0,0,0,0,0,5,0,0,5,0,0,0,0,0,0,0,0,0,0,0,0,0,0
–n“c‹ζ‹Ζ•½‚S’–Ϊ,5,0,0,0,0,0,0,0,0,0,0,0,0,0,0,0,0,0,0,5,0,0,2,0,0,0,0,0,0,0,3,0,0,0,0,0,0
–n“c‹ζ‹Ζ•½‚T’–Ϊ,3,0,0,0,0,0,0,0,0,0,0,0,0,0,0,0,0,0,0,3,0,0,2,0,0,0,0,0,0,1,0,0,0,0,0,0,0
–n“c‹ζ“‹ξ`‚P’–Ϊ,1,0,0,0,0,0,0,0,0,0,0,0,0,0,0,0,0,0,0,1,0,0,1,0,0,0,0,0,0,0,0,0,0,0,0,0,0
–n“c‹ζ“‹ξ`‚Q’–Ϊ,3,0,0,0,0,0,0,0,0,0,0,0,0,0,0,0,0,0,0,1,0,0,1,0,0,0,0,0,0,0,0,2,2,0,0,0,0
–n“c‹ζ“‹ξ`‚R’–Ϊ,5,0,0,0,0,0,0,0,0,0,0,0,0,0,0,0,0,0,0,3,0,0,2,0,0,0,0,0,0,0,1,2,0,0,0,0,2
–n“c‹ζ“‹ξ`‚S’–Ϊ,6,0,0,0,1,0,1,0,0,0,0,0,0,0,0,0,0,0,0,3,0,0,3,0,0,0,0,0,0,0,0,2,2,0,0,0,0
–n“c‹ζ“–n“c‚P’–Ϊ,1,0,0,0,0,0,0,0,0,0,0,0,0,0,0,0,0,0,0,1,0,0,1,0,0,0,0,0,0,0,0,0,0,0,0,0,0
–n“c‹ζ“–n“c‚Q’–Ϊ,11,0,0,0,1,0,1,0,0,0,0,0,0,0,0,0,0,0,0,7,0,0,2,0,0,0,0,0,0,3,2,3,2,1,0,0,0
–n“c‹ζ“–n“c‚R’–Ϊ,3,0,0,0,0,0,0,0,0,0,0,0,0,0,0,0,0,0,0,2,0,0,1,0,0,0,0,0,0,0,1,1,1,0,0,0,0
–n“c‹ζ“ό“‡‚P’–Ϊ,8,0,0,0,0,0,0,0,0,0,0,0,0,0,0,0,0,0,0,6,0,0,3,0,0,0,0,0,0,2,1,2,2,0,0,0,0
–n“c‹ζ“ό“‡‚Q’–Ϊ,23,0,0,0,4,0,1,3,0,0,0,0,0,0,0,0,0,0,0,15,0,0,9,1,0,0,0,0,0,3,2,4,0,0,0,0,4
–n“c‹ζ“ό“‡‚R’–Ϊ,8,0,0,0,0,0,0,0,0,0,0,0,0,0,0,0,0,0,0,5,0,0,4,0,0,0,0,0,0,0,1,3,3,0,0,0,0
–n“c‹ζ“ό“‡‚S’–Ϊ,14,0,0,0,1,0,0,0,1,0,0,0,0,0,0,0,0,0,0,8,0,0,5,0,0,0,0,0,0,1,2,5,1,1,0,0,3
–n“c‹ζ“ό“‡‚T’–Ϊ,8,0,0,0,1,0,0,1,0,0,0,0,0,0,0,0,0,0,0,5,0,0,1,1,0,0,0,0,0,0,3,2,1,0,0,0,1
–n“c‹ζ“ό“‡‚U’–Ϊ,9,0,0,0,2,0,2,0,0,0,0,0,0,0,0,0,0,0,0,5,0,0,3,0,0,0,0,0,0,0,2,2,2,0,0,0,0
–n“c‹ζ•¶‰Τ‚P’–Ϊ,24,1,0,1,0,0,0,0,0,0,0,0,0,0,0,0,0,0,0,19,0,3,7,0,0,0,0,0,0,2,7,4,1,0,0,0,3
–n“c‹ζ•¶‰Τ‚Q’–Ϊ,3,0,0,0,0,0,0,0,0,0,0,0,0,0,0,0,0,0,0,3,0,0,2,0,0,0,0,0,0,0,1,0,0,0,0,0,0
–n“c‹ζ•¶‰Τ‚R’–Ϊ,3,0,0,0,1,0,1,0,0,0,0,0,0,0,0,0,0,0,0,0,0,0,0,0,0,0,0,0,0,0,0,2,0,0,0,0,2
–n“c‹ζ–{‚P’–Ϊ,8,0,0,0,0,0,0,0,0,0,0,0,0,0,0,0,0,0,0,5,0,0,3,0,0,0,0,0,0,1,1,3,2,1,0,0,0
–n“c‹ζ–{‚Q’–Ϊ,2,0,0,0,0,0,0,0,0,0,0,0,0,0,0,0,0,0,0,2,0,0,2,0,0,0,0,0,0,0,0,0,0,0,0,0,0
–n“c‹ζ–{‚R’–Ϊ,3,0,0,0,0,0,0,0,0,0,0,0,0,0,0,0,0,0,0,2,0,0,2,0,0,0,0,0,0,0,0,1,1,0,0,0,0
–n“c‹ζ–{‚S’–Ϊ,6,0,0,0,0,0,0,0,0,0,0,0,0,0,0,0,0,0,0,3,0,0,3,0,0,0,0,0,0,0,0,3,3,0,0,0,0
–n“c‹ζ—Ξ‚P’–Ϊ,12,0,0,0,0,0,0,0,0,0,1,0,0,0,1,0,0,0,0,8,0,0,5,0,0,0,0,0,0,0,3,3,2,0,0,0,1
–n“c‹ζ—Ξ‚Q’–Ϊ,12,0,0,0,1,0,0,0,1,0,0,0,0,0,0,0,0,0,0,8,0,0,4,0,0,0,0,0,0,0,4,3,0,1,0,0,2
–n“c‹ζ—Ξ‚R’–Ϊ,8,0,0,0,1,0,1,0,0,0,0,0,0,0,0,0,0,0,0,3,0,0,1,0,0,0,0,0,0,0,2,4,3,1,0,0,0
–n“c‹ζ—Ξ‚S’–Ϊ,11,0,0,0,1,0,0,1,0,0,0,0,0,0,0,0,0,0,0,9,0,1,6,1,0,0,0,0,0,0,1,1,1,0,0,0,0
–n“c‹ζό“‡‚P’–Ϊ,4,0,0,0,0,0,0,0,0,0,0,0,0,0,0,0,0,0,0,2,0,0,2,0,0,0,0,0,0,0,0,2,2,0,0,0,0
–n“c‹ζό“‡‚Q’–Ϊ,3,0,0,0,1,0,1,0,0,0,0,0,0,0,0,0,0,0,0,1,0,0,1,0,0,0,0,0,0,0,0,1,0,0,0,0,1
–n“c‹ζό“‡‚R’–Ϊ,5,0,0,0,0,0,0,0,0,0,0,0,0,0,0,0,0,0,0,4,0,0,1,0,0,0,0,0,0,0,3,1,1,0,0,0,0
–n“c‹ζό“‡‚S’–Ϊ,2,0,0,0,0,0,0,0,0,0,0,0,0,0,0,0,0,0,0,1,0,0,1,0,0,0,0,0,0,0,0,1,1,0,0,0,0
–n“c‹ζό“‡‚T’–Ϊ,3,0,0,0,1,0,0,1,0,0,0,0,0,0,0,0,0,0,0,2,0,0,1,0,0,0,0,0,0,0,1,0,0,0,0,0,0
–n“c‹ζ”ªL‚P’–Ϊ,13,0,0,0,0,0,0,0,0,0,0,0,0,0,0,0,0,0,0,9,0,0,5,0,0,0,0,0,0,0,4,4,2,0,0,0,2
–n“c‹ζ”ªL‚Q’–Ϊ,6,0,0,0,0,0,0,0,0,0,0,0,0,0,0,0,0,0,0,5,0,1,2,0,0,0,0,0,0,0,2,1,1,0,0,0,0
–n“c‹ζ”ªL‚R’–Ϊ,6,0,0,0,0,0,0,0,0,0,0,0,0,0,0,0,0,0,0,3,0,0,3,0,0,0,0,0,0,0,0,3,2,0,0,0,1
–n“c‹ζ”ªL‚S’–Ϊ,9,1,0,1,0,0,0,0,0,0,1,0,0,0,0,0,0,0,1,4,0,0,2,0,0,0,0,0,0,1,1,3,1,0,0,0,2
–n“c‹ζ”ªL‚T’–Ϊ,5,0,0,0,1,0,0,0,1,0,0,0,0,0,0,0,0,0,0,3,0,1,0,0,0,0,0,0,0,0,2,1,0,0,0,0,1
–n“c‹ζ”ªL‚U’–Ϊ,10,0,0,0,0,0,0,0,0,0,1,0,0,1,0,0,0,0,0,8,0,0,8,0,0,0,0,0,0,0,0,1,0,1,0,0,0
–n“c‹ζ‰΅–Τ‚P’–Ϊ,13,0,0,0,3,0,3,0,0,0,0,0,0,0,0,0,0,0,0,5,0,0,0,0,0,0,0,0,0,1,4,5,0,0,1,0,4
–n“c‹ζ‰΅–Τ‚Q’–Ϊ,4,0,0,0,1,0,1,0,0,0,0,0,0,0,0,0,0,0,0,2,0,0,2,0,0,0,0,0,0,0,0,1,1,0,0,0,0
–n“c‹ζ‰΅μ‚P’–Ϊ,3,0,0,0,1,0,0,1,0,0,0,0,0,0,0,0,0,0,0,2,0,0,1,0,0,0,0,0,0,0,1,0,0,0,0,0,0
–n“c‹ζ‰΅μ‚Q’–Ϊ,3,0,0,0,0,0,0,0,0,0,0,0,0,0,0,0,0,0,0,2,0,0,1,0,0,0,0,0,0,0,1,1,1,0,0,0,0
–n“c‹ζ‰΅μ‚R’–Ϊ,1,0,0,0,0,0,0,0,0,0,0,0,0,0,0,0,0,0,0,1,0,0,1,0,0,0,0,0,0,0,0,0,0,0,0,0,0
–n“c‹ζ‰΅μ‚S’–Ϊ,4,0,0,0,0,0,0,0,0,0,0,0,0,0,0,0,0,0,0,1,0,0,0,0,0,1,0,0,0,0,0,3,0,0,0,0,3
–n“c‹ζ‰΅μ‚T’–Ϊ,22,1,1,0,2,0,0,2,0,0,0,0,0,0,0,0,0,0,0,16,0,0,4,0,0,0,0,0,0,10,2,3,3,0,0,0,0
–n“c‹ζ—Ό‘‚P’–Ϊ,4,0,0,0,1,0,1,0,0,0,2,0,0,2,0,0,0,0,0,1,0,0,1,0,0,0,0,0,0,0,0,0,0,0,0,0,0
–n“c‹ζ—Ό‘‚Q’–Ϊ,15,0,0,0,0,0,0,0,0,0,1,0,0,0,0,1,0,0,0,12,0,0,6,1,0,0,0,0,0,1,4,2,2,0,0,0,0
–n“c‹ζ—Ό‘‚R’–Ϊ,9,0,0,0,0,0,0,0,0,0,0,0,0,0,0,0,0,0,0,8,0,0,3,0,0,0,0,0,0,1,4,1,1,0,0,0,0
–n“c‹ζ—Ό‘‚S’–Ϊ,19,0,0,0,3,0,2,1,0,0,2,1,0,0,1,0,0,0,0,12,0,0,5,0,0,0,0,0,0,1,6,2,1,0,1,0,0
–n“c‹ζv,1038,14,2,12,99,0,54,32,12,1,16,1,0,4,4,4,0,0,3,674,2,18,288,15,0,4,4,2,10,136,195,235,98,16,7,2,112
]“‹ζ—L–Ύ‚P’–Ϊ,28,0,0,0,3,0,1,2,0,0,0,0,0,0,0,0,0,0,0,9,0,0,2,2,0,0,0,0,1,0,4,16,14,0,1,0,1
]“‹ζ—L–Ύ‚Q’–Ϊ,11,0,0,0,0,0,0,0,0,0,0,0,0,0,0,0,0,0,0,4,0,0,0,0,0,0,0,0,2,1,1,7,4,2,0,0,1
]“‹ζ—L–Ύ‚R’–Ϊ,69,2,0,2,6,0,5,1,0,0,0,0,0,0,0,0,0,0,0,46,0,0,3,0,0,0,3,0,0,13,27,15,9,3,0,0,3
]“‹ζ—L–Ύ‚S’–Ϊ,2,0,0,0,0,0,0,0,0,0,0,0,0,0,0,0,0,0,0,0,0,0,0,0,0,0,0,0,0,0,0,2,1,0,0,0,1
]“‹ζΞ“‡,5,0,0,0,0,0,0,0,0,0,0,0,0,0,0,0,0,0,0,3,0,0,2,1,0,0,0,0,0,0,0,2,1,0,1,0,0
]“‹ζC•Σ,5,0,0,0,0,0,0,0,0,0,0,0,0,0,0,0,0,0,0,4,0,0,1,2,0,0,0,0,0,0,1,1,0,0,0,0,1
]“‹ζ‰i‘γ‚P’–Ϊ,3,0,0,0,0,0,0,0,0,0,0,0,0,0,0,0,0,0,0,3,0,0,2,0,0,0,0,0,0,0,1,0,0,0,0,0,0
]“‹ζ‰i‘γ‚Q’–Ϊ,6,0,0,0,0,0,0,0,0,0,0,0,0,0,0,0,0,0,0,3,0,0,2,0,0,0,0,0,0,0,1,3,3,0,0,0,0
]“‹ζ}μ‚P’–Ϊ,4,0,0,0,1,0,1,0,0,0,0,0,0,0,0,0,0,0,0,2,0,1,1,0,0,0,0,0,0,0,0,1,1,0,0,0,0
]“‹ζ}μ‚Q’–Ϊ,7,0,0,0,0,0,0,0,0,0,0,0,0,0,0,0,0,0,0,5,0,0,1,1,0,0,0,0,0,2,1,2,1,0,0,0,1
]“‹ζ}μ‚R’–Ϊ,1,0,0,0,0,0,0,0,0,0,0,0,0,0,0,0,0,0,0,0,0,0,0,0,0,0,0,0,0,0,0,1,1,0,0,0,0
]“‹ζ‰z’†“‡‚P’–Ϊ,1,0,0,0,0,0,0,0,0,0,0,0,0,0,0,0,0,0,0,0,0,0,0,0,0,0,0,0,0,0,0,1,1,0,0,0,0
]“‹ζ‰z’†“‡‚Q’–Ϊ,10,1,0,1,1,0,0,1,0,0,0,0,0,0,0,0,0,0,0,7,0,1,6,0,0,0,0,0,0,0,0,1,0,0,0,0,1
]“‹ζ‰z’†“‡‚R’–Ϊ,6,0,0,0,0,0,0,0,0,0,0,0,0,0,0,0,0,0,0,6,0,0,2,0,0,0,0,0,0,3,1,0,0,0,0,0,0
]“‹ζξ‹΄‚P’–Ϊ,3,0,0,0,0,0,0,0,0,0,0,0,0,0,0,0,0,0,0,2,0,0,1,0,0,0,0,0,0,0,1,1,1,0,0,0,0
]“‹ζξ‹΄‚Q’–Ϊ,5,0,0,0,0,0,0,0,0,0,0,0,0,0,0,0,0,0,0,2,0,0,0,0,0,0,0,0,0,0,2,3,0,0,0,0,3
]“‹ζξ‹΄‚R’–Ϊ,7,0,0,0,0,0,0,0,0,0,0,0,0,0,0,0,0,0,0,6,0,0,3,1,0,0,0,0,0,0,2,1,0,0,0,0,1
]“‹ζ‘ε“‡‚P’–Ϊ,12,0,0,0,2,0,1,1,0,0,0,0,0,0,0,0,0,0,0,9,0,0,4,1,0,2,0,0,0,0,2,1,1,0,0,0,0
]“‹ζ‘ε“‡‚Q’–Ϊ,12,0,0,0,2,0,1,0,1,0,1,0,0,0,0,1,0,0,0,4,0,0,2,0,0,0,0,0,0,0,2,5,2,0,0,0,3
]“‹ζ‘ε“‡‚R’–Ϊ,12,0,0,0,1,0,0,1,0,0,0,0,0,0,0,0,0,0,0,4,0,0,2,0,0,0,0,0,0,1,1,7,0,1,0,0,6
]“‹ζ‘ε“‡‚S’–Ϊ,23,0,0,0,1,0,0,1,0,0,0,0,0,0,0,0,0,0,0,15,0,2,10,2,0,0,0,0,0,0,1,7,1,3,0,0,3
]“‹ζ‘ε“‡‚T’–Ϊ,22,0,0,0,2,0,1,1,0,0,0,0,0,0,0,0,0,0,0,16,0,1,6,0,0,0,0,0,0,5,4,4,2,1,0,0,1
]“‹ζ‘ε“‡‚U’–Ϊ,21,1,0,1,3,0,2,1,0,0,0,0,0,0,0,0,0,0,0,15,0,2,6,1,0,0,0,0,0,3,3,2,2,0,0,0,0
]“‹ζ‘ε“‡‚V’–Ϊ,13,0,0,0,2,0,2,0,0,0,0,0,0,0,0,0,0,0,0,7,0,0,2,0,0,0,0,0,0,1,4,4,0,2,0,0,2
]“‹ζ‘ε“‡‚W’–Ϊ,15,0,0,0,2,0,1,1,0,0,0,0,0,0,0,0,0,0,0,12,0,0,7,0,0,0,0,0,0,1,4,1,0,0,1,0,0
]“‹ζ‘ε“‡‚X’–Ϊ,14,0,0,0,1,0,0,1,0,0,0,0,0,0,0,0,0,0,0,12,0,1,9,2,0,0,0,0,0,0,0,1,0,1,0,0,0
]“‹ζ‹TΛ‚P’–Ϊ,23,0,0,0,0,0,0,0,0,0,0,0,0,0,0,0,0,0,0,13,0,0,9,0,0,0,0,0,0,0,4,10,7,0,0,0,3
]“‹ζ‹TΛ‚Q’–Ϊ,35,0,0,0,2,0,2,0,0,0,2,0,0,0,0,1,0,0,1,26,0,0,6,1,0,0,0,0,0,15,4,5,0,0,0,0,5
]“‹ζ‹TΛ‚R’–Ϊ,14,0,0,0,2,0,1,1,0,0,0,0,0,0,0,0,0,0,0,11,1,0,8,1,0,0,0,0,0,0,1,1,1,0,0,0,0
]“‹ζ‹TΛ‚S’–Ϊ,11,0,0,0,2,0,2,0,0,0,0,0,0,0,0,0,0,0,0,6,0,0,5,1,0,0,0,0,0,0,0,3,3,0,0,0,0
]“‹ζ‹TΛ‚T’–Ϊ,46,0,0,0,2,0,2,0,0,0,0,0,0,0,0,0,0,0,0,36,0,0,15,0,0,0,0,0,0,13,8,8,1,0,0,0,7
]“‹ζ‹TΛ‚U’–Ϊ,31,0,0,0,1,0,1,0,0,0,0,0,0,0,0,0,0,0,0,24,0,2,9,1,0,0,0,0,0,9,3,6,2,2,0,0,2
]“‹ζ‹TΛ‚V’–Ϊ,14,1,0,1,4,0,1,1,2,0,0,0,0,0,0,0,0,0,0,4,0,1,1,1,0,0,0,0,0,1,0,5,2,0,0,0,3
]“‹ζ‹TΛ‚W’–Ϊ,5,0,0,0,0,0,0,0,0,0,0,0,0,0,0,0,0,0,0,5,0,0,4,0,0,0,0,0,0,0,1,0,0,0,0,0,0
]“‹ζ‹TΛ‚X’–Ϊ,17,0,0,0,3,0,1,1,1,0,0,0,0,0,0,0,0,0,0,6,0,0,6,0,0,0,0,0,0,0,0,8,4,0,0,0,4
]“‹ζ–k»‚P’–Ϊ,7,0,0,0,0,0,0,0,0,0,0,0,0,0,0,0,0,0,0,5,0,0,3,0,0,0,0,0,0,0,2,2,1,0,0,0,1
]“‹ζ–k»‚Q’–Ϊ,53,0,0,0,1,0,1,0,0,0,0,0,0,0,0,0,0,0,0,47,0,0,6,0,0,0,0,0,0,39,2,5,2,0,0,0,3
]“‹ζ–k»‚R’–Ϊ,16,0,0,0,0,0,0,0,0,0,0,0,0,0,0,0,0,0,0,13,0,0,7,0,0,0,0,0,0,3,3,3,1,0,0,0,2
]“‹ζ–k»‚S’–Ϊ,7,0,0,0,1,0,0,0,1,0,0,0,0,0,0,0,0,0,0,5,0,0,3,0,0,0,0,0,0,0,2,1,0,0,0,0,1
]“‹ζ–k»‚T’–Ϊ,29,0,0,0,0,0,0,0,0,0,1,0,0,0,0,1,0,0,0,25,0,3,10,7,0,0,0,0,0,0,5,3,1,0,0,0,2
]“‹ζ–k»‚U’–Ϊ,5,0,0,0,0,0,0,0,0,0,0,0,0,0,0,0,0,0,0,4,0,0,1,0,0,0,0,0,0,1,2,1,0,0,0,0,1
]“‹ζ–k»‚V’–Ϊ,7,0,0,0,0,0,0,0,0,0,0,0,0,0,0,0,0,0,0,7,0,0,5,0,0,0,0,0,0,0,2,0,0,0,0,0,0
]“‹ζ–Ψκ‚P’–Ϊ,24,0,0,0,0,0,0,0,0,0,0,0,0,0,0,0,0,0,0,17,0,0,4,0,0,0,0,0,0,11,2,7,5,0,0,0,2
]“‹ζ–Ψκ‚Q’–Ϊ,9,1,1,0,1,0,0,1,0,0,0,0,0,0,0,0,0,0,0,3,0,0,3,0,0,0,0,0,0,0,0,4,4,0,0,0,0
]“‹ζ–Ψκ‚R’–Ϊ,8,0,0,0,2,0,1,1,0,0,0,0,0,0,0,0,0,0,0,3,0,0,2,1,0,0,0,0,0,0,0,3,0,0,0,0,3
]“‹ζ–Ψκ‚S’–Ϊ,7,0,0,0,0,0,0,0,0,0,0,0,0,0,0,0,0,0,0,5,0,0,0,2,0,0,0,0,0,0,3,2,1,0,0,0,1
]“‹ζ–Ψκ‚T’–Ϊ,20,0,0,0,2,0,2,0,0,0,0,0,0,0,0,0,0,0,0,11,0,0,2,0,0,0,0,0,0,8,1,7,4,0,0,0,3
]“‹ζ–Ψκ‚U’–Ϊ,2,0,0,0,0,0,0,0,0,0,0,0,0,0,0,0,0,0,0,1,0,0,0,0,0,0,0,0,0,0,1,1,1,0,0,0,0
]“‹ζ΄‚P’–Ϊ,2,0,0,0,0,0,0,0,0,0,0,0,0,0,0,0,0,0,0,0,0,0,0,0,0,0,0,0,0,0,0,2,1,0,0,0,1
]“‹ζ΄‚Q’–Ϊ,4,0,0,0,0,0,0,0,0,0,0,0,0,0,0,0,0,0,0,2,0,0,2,0,0,0,0,0,0,0,0,2,1,0,0,0,1
]“‹ζ΄‚R’–Ϊ,6,0,0,0,0,0,0,0,0,0,0,0,0,0,0,0,0,0,0,4,0,0,0,0,0,0,0,0,0,3,1,2,1,0,0,0,1
]“‹ζ²‰κ‚P’–Ϊ,1,0,0,0,1,0,1,0,0,0,0,0,0,0,0,0,0,0,0,0,0,0,0,0,0,0,0,0,0,0,0,0,0,0,0,0,0
]“‹ζ²‰κ‚Q’–Ϊ,2,1,0,1,0,0,0,0,0,0,0,0,0,0,0,0,0,0,0,1,0,0,0,0,0,0,0,0,0,0,1,0,0,0,0,0,0
]“‹ζ‰]‚P’–Ϊ,2,0,0,0,0,0,0,0,0,0,0,0,0,0,0,0,0,0,0,1,0,0,0,0,0,0,0,0,0,0,1,1,1,0,0,0,0
]“‹ζ‰]‚Q’–Ϊ,10,0,0,0,0,0,0,0,0,0,0,0,0,0,0,0,0,0,0,6,0,0,1,0,0,0,0,0,0,5,0,4,3,0,0,0,1
]“‹ζ‰–•l‚P’–Ϊ,10,0,0,0,2,0,0,1,1,0,0,0,0,0,0,0,0,0,0,5,0,0,1,0,0,0,0,0,0,0,4,3,3,0,0,0,0
]“‹ζ‰–•l‚Q’–Ϊ,27,0,0,0,0,0,0,0,0,0,0,0,0,0,0,0,0,0,0,16,0,1,7,0,0,0,0,0,0,3,5,11,6,0,0,0,5
]“‹ζ’ª©‚P’–Ϊ,10,1,1,0,0,0,0,0,0,0,0,0,0,0,0,0,0,0,0,4,0,0,0,1,0,0,0,0,0,2,1,5,3,0,0,0,2
]“‹ζ’ª©‚Q’–Ϊ,9,0,0,0,1,0,0,1,0,0,0,0,0,0,0,0,0,0,0,3,0,0,2,0,0,0,0,0,0,0,1,5,3,0,0,0,2
]“‹ζ“‰_‚P’–Ϊ,52,0,0,0,3,0,2,1,0,0,0,0,0,0,0,0,0,0,0,37,1,0,13,0,0,0,0,0,0,14,9,12,7,1,0,0,4
]“‹ζ“‰_‚Q’–Ϊ,24,1,0,1,2,0,1,1,0,0,1,0,0,0,0,0,0,0,1,11,0,1,4,0,0,0,0,0,0,0,6,9,4,1,0,0,4
]“‹ζ”’‰Ν‚P’–Ϊ,9,0,0,0,1,0,1,0,0,0,0,0,0,0,0,0,0,0,0,6,0,1,1,0,0,0,0,0,0,1,3,2,0,0,0,0,2
]“‹ζ”’‰Ν‚Q’–Ϊ,4,0,0,0,0,0,0,0,0,0,0,0,0,0,0,0,0,0,0,2,0,0,2,0,0,0,0,0,0,0,0,2,2,0,0,0,0
]“‹ζ”’‰Ν‚R’–Ϊ,3,0,0,0,0,0,0,0,0,0,0,0,0,0,0,0,0,0,0,0,0,0,0,0,0,0,0,0,0,0,0,3,1,0,0,0,2
]“‹ζ”’‰Ν‚S’–Ϊ,7,0,0,0,1,0,0,1,0,0,0,0,0,0,0,0,0,0,0,3,0,0,2,0,0,0,0,0,0,0,1,3,2,0,0,0,1
]“‹ζV‘ε‹΄‚P’–Ϊ,3,0,0,0,0,0,0,0,0,0,0,0,0,0,0,0,0,0,0,2,0,0,1,0,0,0,0,0,0,0,1,1,1,0,0,0,0
]“‹ζV‘ε‹΄‚Q’–Ϊ,2,0,0,0,0,0,0,0,0,0,0,0,0,0,0,0,0,0,0,2,0,0,1,0,0,0,0,0,0,0,1,0,0,0,0,0,0
]“‹ζV‘ε‹΄‚R’–Ϊ,2,0,0,0,0,0,0,0,0,0,0,0,0,0,0,0,0,0,0,2,0,0,1,1,0,0,0,0,0,0,0,0,0,0,0,0,0
]“‹ζV–Ψκ‚P’–Ϊ,18,0,0,0,3,0,3,0,0,0,0,0,0,0,0,0,0,0,0,10,0,0,4,0,0,0,2,0,0,1,3,5,2,2,0,0,1
]“‹ζV–Ψκ‚Q’–Ϊ,6,0,0,0,0,0,0,0,0,0,0,0,0,0,0,0,0,0,0,5,0,0,0,0,0,0,0,0,0,2,3,1,1,0,0,0,0
]“‹ζV–Ψκ‚R’–Ϊ,2,0,0,0,0,0,0,0,0,0,0,0,0,0,0,0,0,0,0,1,0,0,0,0,0,0,0,0,0,0,1,1,0,0,1,0,0
]“‹ζV»‚P’–Ϊ,5,0,0,0,0,0,0,0,0,0,0,0,0,0,0,0,0,0,0,2,0,0,1,0,0,0,0,0,0,0,1,3,0,2,1,0,0
]“‹ζV»‚R’–Ϊ,28,3,0,3,7,0,5,1,1,0,0,0,0,0,0,0,0,0,0,10,0,1,4,0,0,1,0,0,0,3,1,8,4,0,0,0,4
]“‹ζZ‹g‚P’–Ϊ,7,1,0,1,0,0,0,0,0,0,0,0,0,0,0,0,0,0,0,4,0,0,2,0,0,0,0,0,0,0,2,2,1,0,0,0,1
]“‹ζZ‹g‚Q’–Ϊ,10,0,0,0,1,0,0,1,0,0,0,0,0,0,0,0,0,0,0,7,0,0,2,0,0,1,0,0,0,1,3,2,1,0,0,0,1
]“‹ζηΞ‚P’–Ϊ,4,0,0,0,0,0,0,0,0,0,0,0,0,0,0,0,0,0,0,4,0,0,2,0,0,0,0,0,0,1,1,0,0,0,0,0,0
]“‹ζηΞ‚Q’–Ϊ,2,0,0,0,1,0,0,0,1,0,0,0,0,0,0,0,0,0,0,1,0,0,1,0,0,0,0,0,0,0,0,0,0,0,0,0,0
]“‹ζηΞ‚R’–Ϊ,2,0,0,0,0,0,0,0,0,0,0,0,0,0,0,0,0,0,0,1,0,0,0,0,0,0,0,0,0,0,1,1,1,0,0,0,0
]“‹ζη“c,3,0,0,0,0,0,0,0,0,0,0,0,0,0,0,0,0,0,0,3,0,0,2,0,0,0,0,0,0,0,1,0,0,0,0,0,0
]“‹ζ‚‹΄,5,0,0,0,0,0,0,0,0,0,0,0,0,0,0,0,0,0,0,5,0,0,3,1,0,0,0,0,0,0,1,0,0,0,0,0,0
]“‹ζ’C–¤‚P’–Ϊ,17,0,0,0,1,0,1,0,0,0,0,0,0,0,0,0,0,0,0,11,0,1,6,0,0,0,0,0,0,3,1,5,2,0,0,0,3
]“‹ζ’C–¤‚Q’–Ϊ,5,0,0,0,1,0,1,0,0,0,0,0,0,0,0,0,0,0,0,2,0,0,0,0,0,0,0,0,0,0,2,2,2,0,0,0,0
]“‹ζ“—z‚P’–Ϊ,13,0,0,0,0,0,0,0,0,0,0,0,0,0,0,0,0,0,0,11,0,0,4,0,0,0,0,0,0,0,7,2,2,0,0,0,0
]“‹ζ“—z‚Q’–Ϊ,6,0,0,0,0,0,0,0,0,0,0,0,0,0,0,0,0,0,0,3,0,0,3,0,0,0,0,0,0,0,0,3,3,0,0,0,0
]“‹ζ“—z‚R’–Ϊ,17,0,0,0,2,0,1,1,0,0,0,0,0,0,0,0,0,0,0,9,0,0,4,1,0,0,0,0,0,4,0,6,2,2,0,0,2
]“‹ζ“—z‚S’–Ϊ,36,0,0,0,2,0,1,1,0,0,0,0,0,0,0,0,0,0,0,23,0,1,9,0,0,0,0,0,0,7,6,11,5,3,0,0,3
]“‹ζ“—z‚T’–Ϊ,10,0,0,0,0,0,0,0,0,0,0,0,0,0,0,0,0,0,0,6,0,0,2,0,0,1,0,0,0,3,0,4,1,0,0,0,3
]“‹ζ“—z‚U’–Ϊ,6,0,0,0,0,0,0,0,0,0,0,0,0,0,0,0,0,0,0,6,0,1,1,0,0,0,0,0,1,1,2,0,0,0,0,0,0
]“‹ζ“—z‚V’–Ϊ,3,0,0,0,0,0,0,0,0,0,0,0,0,0,0,0,0,0,0,1,0,0,1,0,0,0,0,0,0,0,0,2,1,0,0,0,1
]“‹ζν”Υ‚P’–Ϊ,3,0,0,0,2,0,1,1,0,0,0,0,0,0,0,0,0,0,0,0,0,0,0,0,0,0,0,0,0,0,0,1,1,0,0,0,0
]“‹ζν”Υ‚Q’–Ϊ,2,0,0,0,0,0,0,0,0,0,0,0,0,0,0,0,0,0,0,1,0,0,1,0,0,0,0,0,0,0,0,1,1,0,0,0,0
]“‹ζ•x‰ª‚P’–Ϊ,19,0,0,0,5,0,2,1,1,1,2,0,0,0,0,0,0,0,2,6,0,0,2,1,0,0,0,0,0,0,3,6,5,0,0,0,1
]“‹ζ•x‰ª‚Q’–Ϊ,4,0,0,0,2,0,1,1,0,0,1,0,0,0,0,1,0,0,0,0,0,0,0,0,0,0,0,0,0,0,0,1,1,0,0,0,0
]“‹ζ–LF‚P’–Ϊ,3,0,0,0,0,0,0,0,0,0,0,0,0,0,0,0,0,0,0,2,0,0,0,0,0,0,0,0,0,0,2,1,0,0,0,0,1
]“‹ζ–LF‚Q’–Ϊ,34,0,0,0,1,0,1,0,0,0,0,0,0,0,0,0,0,0,0,25,0,0,3,0,0,0,0,0,0,18,4,8,3,0,1,0,4
]“‹ζ–LF‚R’–Ϊ,17,0,0,0,0,0,0,0,0,0,0,0,0,0,0,0,0,0,0,10,0,0,3,0,0,0,0,0,0,1,6,7,3,1,1,0,2
]“‹ζ–LF‚S’–Ϊ,20,0,0,0,4,0,2,2,0,0,0,0,0,0,0,0,0,0,0,8,0,0,2,0,0,0,0,0,0,2,4,8,3,0,0,0,5
]“‹ζ–LF‚T’–Ϊ,22,0,0,0,0,0,0,0,0,0,1,0,0,0,0,1,0,0,0,13,0,0,6,0,0,0,0,0,0,0,7,8,7,0,0,0,1
]“‹ζ–LF‚U’–Ϊ,35,0,0,0,9,0,5,3,1,0,0,0,0,0,0,0,0,0,0,16,0,0,4,3,0,0,0,0,0,1,8,10,7,0,1,0,2
]“‹ζ“»‚P’–Ϊ,8,0,0,0,0,0,0,0,0,0,1,0,0,0,0,1,0,0,0,6,0,0,2,0,0,0,0,0,0,3,1,1,0,0,0,0,1
]“‹ζ“»‚Q’–Ϊ,15,0,0,0,3,0,0,2,0,1,0,0,0,0,0,0,0,0,0,11,0,2,6,0,0,0,0,0,0,1,2,1,0,0,0,0,1
]“‹ζ“»‚R’–Ϊ,12,0,0,0,1,0,1,0,0,0,0,0,0,0,0,0,0,0,0,11,0,2,4,0,0,0,0,0,0,0,5,0,0,0,0,0,0
]“‹ζ“»‚S’–Ϊ,4,0,0,0,0,0,0,0,0,0,0,0,0,0,0,0,0,0,0,3,0,0,2,0,0,0,0,0,0,0,1,1,0,0,0,0,1
]“‹ζ“»‚T’–Ϊ,3,0,0,0,0,0,0,0,0,0,0,0,0,0,0,0,0,0,0,1,0,0,1,0,0,0,0,0,0,0,0,2,0,0,0,0,2
]“‹ζ“»‚U’–Ϊ,3,0,0,0,0,0,0,0,0,0,0,0,0,0,0,0,0,0,0,2,0,0,1,0,0,0,0,0,0,0,1,1,0,0,0,0,1
]“‹ζ“»‚V’–Ϊ,15,0,0,0,1,0,0,1,0,0,1,0,0,0,0,1,0,0,0,10,0,1,6,1,0,0,0,0,0,0,2,3,1,0,0,0,2
]“‹ζ“»‚W’–Ϊ,56,0,0,0,0,0,0,0,0,0,42,0,0,0,0,42,0,0,0,10,0,1,9,0,0,0,0,0,0,0,0,4,1,0,0,0,3
]“‹ζ•½–μ‚P’–Ϊ,2,0,0,0,0,0,0,0,0,0,0,0,0,0,0,0,0,0,0,1,0,0,1,0,0,0,0,0,0,0,0,1,0,0,0,0,1
]“‹ζ•½–μ‚Q’–Ϊ,5,0,0,0,0,0,0,0,0,0,0,0,0,0,0,0,0,0,0,4,0,0,2,0,0,0,0,0,0,2,0,1,0,0,0,0,1
]“‹ζ•½–μ‚R’–Ϊ,11,0,0,0,0,0,0,0,0,0,0,0,0,0,0,0,0,0,0,7,0,0,3,0,0,0,0,0,0,1,3,4,3,0,0,0,1
]“‹ζ•½–μ‚S’–Ϊ,8,0,0,0,1,0,0,1,0,0,0,0,0,0,0,0,0,0,0,6,0,0,0,2,0,0,0,0,0,0,4,1,0,0,0,0,1
]“‹ζ[μ‚P’–Ϊ,8,0,0,0,1,0,0,1,0,0,0,0,0,0,0,0,0,0,0,2,0,0,2,0,0,0,0,0,0,0,0,5,5,0,0,0,0
]“‹ζ[μ‚Q’–Ϊ,6,0,0,0,0,0,0,0,0,0,0,0,0,0,0,0,0,0,0,6,0,0,3,0,0,1,0,0,0,2,0,0,0,0,0,0,0
]“‹ζ•Z‚P’–Ϊ,1,1,1,0,0,0,0,0,0,0,0,0,0,0,0,0,0,0,0,0,0,0,0,0,0,0,0,0,0,0,0,0,0,0,0,0,0
]“‹ζ•Z‚Q’–Ϊ,2,0,0,0,1,0,0,1,0,0,0,0,0,0,0,0,0,0,0,1,0,0,1,0,0,0,0,0,0,0,0,0,0,0,0,0,0
]“‹ζ“~–Ψ,1,0,0,0,0,0,0,0,0,0,0,0,0,0,0,0,0,0,0,0,0,0,0,0,0,0,0,0,0,0,0,1,1,0,0,0,0
]“‹ζΓΞκ‚P’–Ϊ,7,0,0,0,1,0,1,0,0,0,0,0,0,0,0,0,0,0,0,4,0,0,4,0,0,0,0,0,0,0,0,2,1,0,0,0,1
]“‹ζΓΞκ‚Q’–Ϊ,2,0,0,0,0,0,0,0,0,0,0,0,0,0,0,0,0,0,0,1,0,0,0,0,0,0,0,0,0,0,1,1,1,0,0,0,0
]“‹ζΓΞκ‚R’–Ϊ,1,0,0,0,0,0,0,0,0,0,0,0,0,0,0,0,0,0,0,1,0,0,1,0,0,0,0,0,0,0,0,0,0,0,0,0,0
]“‹ζ‰²’O‚P’–Ϊ,2,0,0,0,0,0,0,0,0,0,0,0,0,0,0,0,0,0,0,1,0,0,0,0,0,0,0,0,0,1,0,1,1,0,0,0,0
]“‹ζ‰²’O‚Q’–Ϊ,2,0,0,0,0,0,0,0,0,0,0,0,0,0,0,0,0,0,0,2,0,0,2,0,0,0,0,0,0,0,0,0,0,0,0,0,0
]“‹ζ‰²’O‚R’–Ϊ,6,0,0,0,0,0,0,0,0,0,0,0,0,0,0,0,0,0,0,3,0,0,0,1,0,0,0,0,0,0,2,3,1,0,0,0,2
]“‹ζ“μ»‚P’–Ϊ,17,0,0,0,4,0,2,2,0,0,1,0,0,0,0,0,0,0,1,5,0,0,4,0,0,0,0,0,0,0,1,7,3,0,0,0,4
]“‹ζ“μ»‚Q’–Ϊ,38,0,0,0,0,0,0,0,0,0,0,0,0,0,0,0,0,0,0,28,0,0,6,0,0,0,0,0,1,12,9,10,1,0,0,0,9
]“‹ζ“μ»‚R’–Ϊ,11,0,0,0,1,0,1,0,0,0,0,0,0,0,0,0,0,0,0,10,0,0,6,0,0,0,0,0,0,0,4,0,0,0,0,0,0
]“‹ζ“μ»‚S’–Ϊ,19,0,0,0,0,0,0,0,0,0,0,0,0,0,0,0,0,0,0,14,0,0,3,0,0,2,0,0,1,3,5,5,4,0,0,0,1
]“‹ζ“μ»‚T’–Ϊ,9,0,0,0,0,0,0,0,0,0,0,0,0,0,0,0,0,0,0,7,0,0,3,0,0,0,0,0,0,3,1,2,0,0,0,0,2
]“‹ζ“μ»‚U’–Ϊ,38,0,0,0,1,0,1,0,0,0,0,0,0,0,0,0,0,0,0,30,0,1,15,0,0,0,0,0,2,11,1,7,2,1,1,0,3
]“‹ζ“μ»‚V’–Ϊ,7,0,0,0,3,0,0,0,3,0,0,0,0,0,0,0,0,0,0,3,0,0,2,0,0,0,0,0,0,0,1,1,0,0,0,0,1
]“‹ζOD‚P’–Ϊ,2,0,0,0,0,0,0,0,0,0,0,0,0,0,0,0,0,0,0,2,0,0,2,0,0,0,0,0,0,0,0,0,0,0,0,0,0
]“‹ζOD‚R’–Ϊ,3,0,0,0,0,0,0,0,0,0,0,0,0,0,0,0,0,0,0,2,0,0,0,0,0,0,0,0,0,0,2,1,1,0,0,0,0
]“‹ζOD‚S’–Ϊ,2,0,0,0,0,0,0,0,0,0,0,0,0,0,0,0,0,0,0,2,0,0,2,0,0,0,0,0,0,0,0,0,0,0,0,0,0
]“‹ζ–Ρ—‚P’–Ϊ,4,1,1,0,0,0,0,0,0,0,0,0,0,0,0,0,0,0,0,3,0,0,2,0,0,0,0,0,0,0,1,0,0,0,0,0,0
]“‹ζ–Ρ—‚Q’–Ϊ,4,0,0,0,1,0,0,1,0,0,0,0,0,0,0,0,0,0,0,2,0,0,2,0,0,0,0,0,0,0,0,1,0,1,0,0,0
]“‹ζX‰Ί‚P’–Ϊ,6,0,0,0,1,0,1,0,0,0,0,0,0,0,0,0,0,0,0,4,0,0,1,0,0,0,0,0,0,1,2,1,0,0,0,0,1
]“‹ζX‰Ί‚Q’–Ϊ,12,0,0,0,2,0,1,1,0,0,0,0,0,0,0,0,0,0,0,8,0,1,3,0,0,0,0,0,0,2,2,2,1,1,0,0,0
]“‹ζX‰Ί‚R’–Ϊ,6,0,0,0,0,0,0,0,0,0,0,0,0,0,0,0,0,0,0,4,0,0,2,0,0,0,0,0,0,0,2,2,1,0,0,0,1
]“‹ζX‰Ί‚S’–Ϊ,7,1,0,1,0,0,0,0,0,0,0,0,0,0,0,0,0,0,0,2,0,0,1,0,0,0,0,0,0,1,0,4,4,0,0,0,0
]“‹ζX‰Ί‚T’–Ϊ,1,0,0,0,0,0,0,0,0,0,0,0,0,0,0,0,0,0,0,1,0,0,0,0,0,0,0,0,0,0,1,0,0,0,0,0,0
]“‹ζ–ε‘O’‡’¬‚P’–Ϊ,20,0,0,0,3,0,3,0,0,0,0,0,0,0,0,0,0,0,0,10,0,0,3,0,0,0,1,0,0,6,0,7,5,0,0,0,2
]“‹ζ–ε‘O’‡’¬‚Q’–Ϊ,15,1,0,1,4,0,3,1,0,0,0,0,0,0,0,0,0,0,0,7,0,0,2,0,0,0,0,0,0,4,1,3,0,0,0,0,3
]“‹ζ–²‚Μ“‡‚P’–Ϊ,4,0,0,0,0,0,0,0,0,0,0,0,0,0,0,0,0,0,0,0,0,0,0,0,0,0,0,0,0,0,0,4,0,0,0,0,4
]“‹ζΒC‚P’–Ϊ,44,0,0,0,2,0,2,0,0,0,0,0,0,0,0,0,0,0,0,30,0,0,2,2,0,0,1,0,0,12,13,12,4,5,0,0,3
]“‹ζΒC‚Q’–Ϊ,7,0,0,0,3,0,2,1,0,0,0,0,0,0,0,0,0,0,0,2,0,0,1,0,0,0,0,0,0,0,1,2,2,0,0,0,0
]“‹ζΒC‚R’–Ϊ,6,0,0,0,1,0,0,1,0,0,0,0,0,0,0,0,0,0,0,0,0,0,0,0,0,0,0,0,0,0,0,5,1,1,0,0,3
]“‹ζΒC‚S’–Ϊ,1,0,0,0,0,0,0,0,0,0,0,0,0,0,0,0,0,0,0,1,0,0,0,0,0,0,0,0,0,0,1,0,0,0,0,0,0
]“‹ζC‚ΜX‚R’–Ϊ,1,0,0,0,0,0,0,0,0,0,0,0,0,0,0,0,0,0,0,1,0,0,0,0,0,0,0,0,0,0,1,0,0,0,0,0,0
]“‹ζv,1724,17,4,13,137,0,76,46,13,2,54,0,0,0,0,49,0,0,5,1057,2,29,405,42,0,8,7,0,8,271,285,459,227,36,9,0,187
•iμ‹ζ‰`΄‚P’–Ϊ,4,0,0,0,0,0,0,0,0,0,0,0,0,0,0,0,0,0,0,2,0,0,2,0,0,0,0,0,0,0,0,2,0,0,0,0,2
•iμ‹ζ‰`΄‚Q’–Ϊ,1,0,0,0,1,0,0,1,0,0,0,0,0,0,0,0,0,0,0,0,0,0,0,0,0,0,0,0,0,0,0,0,0,0,0,0,0
•iμ‹ζ‰`΄‚R’–Ϊ,13,0,0,0,0,0,0,0,0,0,0,0,0,0,0,0,0,0,0,11,0,0,1,1,0,0,0,0,0,6,3,2,1,0,1,0,0
•iμ‹ζ‰`΄‚S’–Ϊ,8,0,0,0,1,0,1,0,0,0,0,0,0,0,0,0,0,0,0,7,0,0,2,0,0,0,0,0,0,3,2,0,0,0,0,0,0
•iμ‹ζ‰`΄‚T’–Ϊ,3,0,0,0,0,0,0,0,0,0,0,0,0,0,0,0,0,0,0,1,0,0,1,0,0,0,0,0,0,0,0,2,1,0,0,0,1
•iμ‹ζ‰`΄‚U’–Ϊ,5,0,0,0,0,0,0,0,0,0,0,0,0,0,0,0,0,0,0,2,0,0,2,0,0,0,0,0,0,0,0,3,0,0,1,0,2
•iμ‹ζ‰`΄‚V’–Ϊ,2,0,0,0,0,0,0,0,0,0,0,0,0,0,0,0,0,0,0,2,0,0,2,0,0,0,0,0,0,0,0,0,0,0,0,0,0
•iμ‹ζ‘εδ‚P’–Ϊ,54,1,1,0,7,0,4,2,1,0,3,0,0,0,3,0,0,0,0,33,0,0,7,0,0,0,0,0,2,14,10,10,4,0,0,0,6
•iμ‹ζ‘εδ‚Q’–Ϊ,5,0,0,0,1,0,0,1,0,0,0,0,0,0,0,0,0,0,0,3,0,0,2,0,0,0,0,0,0,0,1,1,1,0,0,0,0
•iμ‹ζ‘εδ‚R’–Ϊ,7,0,0,0,0,0,0,0,0,0,0,0,0,0,0,0,0,0,0,4,0,0,2,0,0,0,0,0,0,0,2,3,2,0,0,0,1
•iμ‹ζ‘εδ‚S’–Ϊ,13,0,0,0,1,0,1,0,0,0,0,0,0,0,0,0,0,0,0,11,0,0,8,0,0,0,0,0,0,0,3,1,1,0,0,0,0
•iμ‹ζ‘εδ‚T’–Ϊ,9,0,0,0,1,0,1,0,0,0,1,0,0,0,0,0,0,0,1,6,0,1,2,0,0,0,0,0,0,1,2,1,1,0,0,0,0
•iμ‹ζ‘εδ‚U’–Ϊ,2,0,0,0,0,0,0,0,0,0,0,0,0,0,0,0,0,0,0,0,0,0,0,0,0,0,0,0,0,0,0,2,1,0,0,0,1
•iμ‹ζ‘εδ‚V’–Ϊ,3,0,0,0,0,0,0,0,0,0,0,0,0,0,0,0,0,0,0,3,0,0,1,1,0,0,0,0,0,0,1,0,0,0,0,0,0
•iμ‹ζ‘εθ‚P’–Ϊ,69,0,0,0,8,0,3,5,0,0,0,0,0,0,0,0,0,0,0,52,0,0,4,0,0,0,4,0,0,2,42,9,3,2,0,0,4
•iμ‹ζ‘εθ‚Q’–Ϊ,9,0,0,0,2,0,2,0,0,0,0,0,0,0,0,0,0,0,0,2,0,0,1,0,0,0,0,0,0,0,1,5,3,1,0,0,1
•iμ‹ζ‘εθ‚R’–Ϊ,12,0,0,0,1,0,1,0,0,0,0,0,0,0,0,0,0,0,0,10,0,0,7,0,0,0,0,0,1,1,1,1,0,0,0,0,1
•iμ‹ζ‘εθ‚S’–Ϊ,7,0,0,0,0,0,0,0,0,0,0,0,0,0,0,0,0,0,0,5,0,0,2,0,0,1,0,0,0,1,1,2,0,0,1,0,1
•iμ‹ζ‘εθ‚T’–Ϊ,2,0,0,0,1,0,1,0,0,0,0,0,0,0,0,0,0,0,0,0,0,0,0,0,0,0,0,0,0,0,0,1,0,0,0,0,1
•iμ‹ζ“‡‚P’–Ϊ,21,0,0,0,1,0,0,0,0,1,0,0,0,0,0,0,0,0,0,16,0,1,4,1,0,0,0,0,0,5,5,4,0,1,0,0,3
•iμ‹ζ“‡‚Q’–Ϊ,7,0,0,0,1,0,0,1,0,0,0,0,0,0,0,0,0,0,0,6,0,1,0,1,0,0,0,0,0,0,4,0,0,0,0,0,0
•iμ‹ζ“‡‚R’–Ϊ,1,0,0,0,0,0,0,0,0,0,0,0,0,0,0,0,0,0,0,1,0,0,1,0,0,0,0,0,0,0,0,0,0,0,0,0,0
•iμ‹ζγ‘εθ‚P’–Ϊ,5,0,0,0,0,0,0,0,0,0,0,0,0,0,0,0,0,0,0,2,0,0,1,0,0,0,0,0,0,0,1,3,2,0,0,0,1
•iμ‹ζγ‘εθ‚Q’–Ϊ,25,0,0,0,4,0,2,2,0,0,0,0,0,0,0,0,0,0,0,14,0,0,4,0,0,0,0,0,2,3,5,7,2,4,0,0,1
•iμ‹ζγ‘εθ‚R’–Ϊ,16,1,0,1,1,0,0,1,0,0,0,0,0,0,0,0,0,0,0,8,0,0,1,1,0,0,0,0,0,3,3,6,2,1,0,0,3
•iμ‹ζγ‘εθ‚S’–Ϊ,4,0,0,0,1,0,0,1,0,0,0,0,0,0,0,0,0,0,0,1,0,0,0,0,0,0,0,0,0,0,1,2,1,1,0,0,0
•iμ‹ζ–k•iμ‚P’–Ϊ,11,0,0,0,1,0,0,1,0,0,0,0,0,0,0,0,0,0,0,3,0,0,1,1,0,1,0,0,0,0,0,7,2,1,0,0,4
•iμ‹ζ–k•iμ‚Q’–Ϊ,8,0,0,0,0,0,0,0,0,0,1,0,0,0,0,0,0,0,1,4,0,0,1,0,0,0,0,0,0,1,2,3,1,0,0,0,2
•iμ‹ζ–k•iμ‚R’–Ϊ,10,0,0,0,1,0,0,1,0,0,0,0,0,0,0,0,0,0,0,3,0,0,2,1,0,0,0,0,0,0,0,6,3,1,0,0,2
•iμ‹ζ–k•iμ‚S’–Ϊ,7,0,0,0,0,0,0,0,0,0,1,0,0,0,0,0,0,0,1,2,0,0,1,0,0,0,0,0,0,0,1,4,2,0,0,0,2
•iμ‹ζ–k•iμ‚T’–Ϊ,13,0,0,0,1,0,1,0,0,0,0,0,0,0,0,0,0,0,0,6,0,0,1,0,0,0,0,0,0,0,5,6,6,0,0,0,0
•iμ‹ζ–k•iμ‚U’–Ϊ,5,0,0,0,0,0,0,0,0,0,0,0,0,0,0,0,0,0,0,3,0,0,1,1,0,0,0,0,0,0,1,2,1,0,0,0,1
•iμ‹ζ¬R‚Q’–Ϊ,11,2,0,2,0,0,0,0,0,0,0,0,0,0,0,0,0,0,0,6,0,0,2,0,0,0,0,0,0,3,1,3,2,1,0,0,0
•iμ‹ζ¬R‚R’–Ϊ,30,0,0,0,4,0,2,2,0,0,0,0,0,0,0,0,0,0,0,20,0,0,11,0,0,0,0,0,1,4,4,6,3,0,0,0,3
•iμ‹ζ¬R‚S’–Ϊ,1,0,0,0,0,0,0,0,0,0,0,0,0,0,0,0,0,0,0,1,0,0,1,0,0,0,0,0,0,0,0,0,0,0,0,0,0
•iμ‹ζ¬R‚T’–Ϊ,9,0,0,0,0,0,0,0,0,0,1,0,0,0,0,1,0,0,0,5,0,0,2,1,0,0,0,0,0,0,2,3,2,0,0,0,1
•iμ‹ζ¬R‚U’–Ϊ,10,0,0,0,1,0,1,0,0,0,0,0,0,0,0,0,0,0,0,6,0,0,3,0,0,0,0,0,0,1,2,3,0,2,0,0,1
•iμ‹ζ¬R‘δ‚P’–Ϊ,3,0,0,0,0,0,0,0,0,0,0,0,0,0,0,0,0,0,0,1,0,0,0,0,0,0,0,0,0,0,1,2,0,0,0,0,2
•iμ‹ζΛ‰z‚P’–Ϊ,11,0,0,0,2,0,0,1,0,1,0,0,0,0,0,0,0,0,0,6,0,0,2,0,0,0,0,0,0,3,1,3,2,0,0,0,1
•iμ‹ζΛ‰z‚Q’–Ϊ,3,0,0,0,1,0,0,0,1,0,0,0,0,0,0,0,0,0,0,1,0,0,0,0,0,0,0,0,0,1,0,1,0,1,0,0,0
•iμ‹ζΛ‰z‚R’–Ϊ,12,0,0,0,3,0,1,2,0,0,2,1,0,0,0,1,0,0,0,4,0,0,2,0,0,0,0,0,0,2,0,3,1,0,0,0,2
•iμ‹ζΛ‰z‚S’–Ϊ,4,0,0,0,0,0,0,0,0,0,0,0,0,0,0,0,0,0,0,4,0,0,2,0,0,0,0,0,0,1,1,0,0,0,0,0,0
•iμ‹ζΛ‰z‚T’–Ϊ,5,0,0,0,0,0,0,0,0,0,0,0,0,0,0,0,0,0,0,4,0,0,4,0,0,0,0,0,0,0,0,1,0,0,0,0,1
•iμ‹ζΛ‰z‚U’–Ϊ,2,0,0,0,0,0,0,0,0,0,0,0,0,0,0,0,0,0,0,1,0,0,0,0,0,0,0,0,0,0,1,1,0,0,0,0,1
•iμ‹ζ’†‰„‚Q’–Ϊ,1,0,0,0,0,0,0,0,0,0,0,0,0,0,0,0,0,0,0,1,0,0,0,0,0,0,0,0,0,0,1,0,0,0,0,0,0
•iμ‹ζ’†‰„‚S’–Ϊ,6,0,0,0,1,0,1,0,0,0,0,0,0,0,0,0,0,0,0,3,0,0,0,0,0,0,0,0,0,2,1,2,1,0,0,0,1
•iμ‹ζ’†‰„‚T’–Ϊ,7,0,0,0,0,0,0,0,0,0,1,0,0,0,0,1,0,0,0,5,0,0,2,1,0,0,0,0,0,0,2,1,0,0,0,0,1
•iμ‹ζ’†‰„‚U’–Ϊ,4,0,0,0,1,0,1,0,0,0,0,0,0,0,0,0,0,0,0,2,0,0,1,0,0,0,0,0,0,0,1,1,0,0,0,0,1
•iμ‹ζΌ‘εδ‚P’–Ϊ,8,0,0,0,2,0,2,0,0,0,0,0,0,0,0,0,0,0,0,4,0,0,3,0,0,0,0,0,0,1,0,2,0,0,0,0,2
•iμ‹ζΌ‘εδ‚Q’–Ϊ,9,0,0,0,0,0,0,0,0,0,0,0,0,0,0,0,0,0,0,4,0,1,1,0,0,0,0,0,0,1,1,5,4,0,0,0,1
•iμ‹ζΌ‘εδ‚R’–Ϊ,4,0,0,0,0,0,0,0,0,0,0,0,0,0,0,0,0,0,0,1,0,0,1,0,0,0,0,0,0,0,0,3,0,0,0,0,3
•iμ‹ζΌ‘εδ‚S’–Ϊ,4,0,0,0,0,0,0,0,0,0,0,0,0,0,0,0,0,0,0,1,0,0,1,0,0,0,0,0,0,0,0,3,2,0,0,0,1
•iμ‹ζΌ‘εδ‚T’–Ϊ,2,0,0,0,0,0,0,0,0,0,0,0,0,0,0,0,0,0,0,1,0,0,1,0,0,0,0,0,0,0,0,1,1,0,0,0,0
•iμ‹ζΌ‘εδ‚U’–Ϊ,7,0,0,0,0,0,0,0,0,0,1,0,0,0,0,1,0,0,0,5,0,1,2,0,0,0,0,0,0,0,2,1,1,0,0,0,0
•iμ‹ζΌά”½“c‚P’–Ϊ,12,0,0,0,1,0,0,1,0,0,0,0,0,0,0,0,0,0,0,3,0,0,2,0,0,0,0,0,0,0,1,8,5,0,0,0,3
•iμ‹ζΌά”½“c‚Q’–Ϊ,22,1,0,1,2,0,1,1,0,0,1,0,0,0,1,0,0,0,0,9,0,0,2,0,0,0,0,0,0,0,7,9,6,0,0,0,3
•iμ‹ζΌά”½“c‚R’–Ϊ,10,0,0,0,2,0,1,0,1,0,0,0,0,0,0,0,0,0,0,6,0,0,2,1,0,0,0,0,0,0,3,2,1,0,0,0,1
•iμ‹ζΌά”½“c‚S’–Ϊ,7,0,0,0,1,0,0,0,1,0,0,0,0,0,0,0,0,0,0,2,0,0,1,0,0,0,0,0,0,0,1,4,2,1,0,0,1
•iμ‹ζΌά”½“c‚T’–Ϊ,8,0,0,0,1,0,1,0,0,0,0,0,0,0,0,0,0,0,0,2,0,0,1,0,0,0,0,0,0,0,1,5,3,1,0,0,1
•iμ‹ζΌά”½“c‚U’–Ϊ,7,1,0,1,0,0,0,0,0,0,0,0,0,0,0,0,0,0,0,4,0,1,0,0,0,0,0,0,1,0,2,2,0,0,0,0,2
•iμ‹ζΌά”½“c‚V’–Ϊ,18,0,0,0,1,0,0,0,1,0,0,0,0,0,0,0,0,0,0,11,0,0,3,0,1,1,0,0,0,3,3,6,2,0,0,0,4
•iμ‹ζΌά”½“c‚W’–Ϊ,8,0,0,0,1,0,0,1,0,0,1,0,0,0,0,1,0,0,0,3,0,0,2,0,0,0,0,0,0,0,1,3,3,0,0,0,0
•iμ‹ζΌ•iμ‚P’–Ϊ,11,0,0,0,3,0,1,0,2,0,0,0,0,0,0,0,0,0,0,2,0,0,1,0,0,0,0,0,0,0,1,6,2,0,0,0,4
•iμ‹ζΌ•iμ‚Q’–Ϊ,5,1,0,1,0,0,0,0,0,0,0,0,0,0,0,0,0,0,0,3,0,0,2,0,0,0,0,0,0,0,1,1,0,0,0,0,1
•iμ‹ζΌ•iμ‚R’–Ϊ,3,0,0,0,1,0,0,1,0,0,0,0,0,0,0,0,0,0,0,2,0,0,1,0,0,0,0,0,0,0,1,0,0,0,0,0,0
•iμ‹ζΌ’†‰„‚P’–Ϊ,5,0,0,0,0,0,0,0,0,0,1,0,0,0,0,1,0,0,0,4,0,0,0,1,0,0,0,0,0,0,3,0,0,0,0,0,0
•iμ‹ζΌ’†‰„‚Q’–Ϊ,2,0,0,0,0,0,0,0,0,0,0,0,0,0,0,0,0,0,0,1,0,0,1,0,0,0,0,0,0,0,0,1,1,0,0,0,0
•iμ‹ζΌ’†‰„‚R’–Ϊ,5,0,0,0,0,0,0,0,0,0,1,0,0,0,1,0,0,0,0,3,0,0,1,0,0,0,0,0,0,1,1,1,1,0,0,0,0
•iμ‹ζψ‚Μ‘δ‚P’–Ϊ,5,0,0,0,0,0,0,0,0,0,0,0,0,0,0,0,0,0,0,1,0,0,1,0,0,0,0,0,0,0,0,4,2,0,1,0,1
•iμ‹ζψ‚Μ‘δ‚Q’–Ϊ,12,0,0,0,0,0,0,0,0,0,0,0,0,0,0,0,0,0,0,7,0,0,5,0,0,0,0,0,0,0,2,5,2,0,0,0,3
•iμ‹ζψ‚Μ‘δ‚R’–Ϊ,2,0,0,0,0,0,0,0,0,0,0,0,0,0,0,0,0,0,0,1,0,0,1,0,0,0,0,0,0,0,0,1,1,0,0,0,0
•iμ‹ζψ‚Μ‘δ‚S’–Ϊ,6,1,0,1,0,0,0,0,0,0,0,0,0,0,0,0,0,0,0,4,0,0,1,0,0,0,0,0,0,1,2,1,1,0,0,0,0
•iμ‹ζψ‚Μ‘δ‚T’–Ϊ,3,0,0,0,0,0,0,0,0,0,0,0,0,0,0,0,0,0,0,3,0,0,2,0,0,0,0,0,0,0,1,0,0,0,0,0,0
•iμ‹ζψ‚Μ‘δ‚U’–Ϊ,2,0,0,0,1,0,0,0,1,0,0,0,0,0,0,0,0,0,0,0,0,0,0,0,0,0,0,0,0,0,0,1,1,0,0,0,0
•iμ‹ζ“‘εδ‚P’–Ϊ,13,0,0,0,0,0,0,0,0,0,0,0,0,0,0,0,0,0,0,7,0,0,4,1,0,0,0,0,0,0,2,6,2,1,2,0,1
•iμ‹ζ“‘εδ‚Q’–Ϊ,12,0,0,0,0,0,0,0,0,0,0,0,0,0,0,0,0,0,0,9,0,0,2,0,0,0,0,0,0,2,5,3,2,0,0,0,1
•iμ‹ζ“‘εδ‚R’–Ϊ,13,0,0,0,0,0,0,0,0,0,2,0,0,0,1,1,0,0,0,4,0,0,3,0,0,0,0,0,0,0,1,7,2,0,0,0,5
•iμ‹ζ“‘εδ‚S’–Ϊ,6,0,0,0,1,0,0,1,0,0,0,0,0,0,0,0,0,0,0,1,0,0,0,0,0,0,0,0,0,1,0,4,1,2,0,0,1
•iμ‹ζ“‘εδ‚T’–Ϊ,40,1,0,1,5,0,1,2,1,1,0,0,0,0,0,0,0,0,0,19,0,0,7,0,0,0,0,0,1,6,5,15,4,2,1,3,5
•iμ‹ζ“‘εδ‚U’–Ϊ,6,0,0,0,0,0,0,0,0,0,1,0,0,0,0,0,0,0,1,1,0,0,1,0,0,0,0,0,0,0,0,4,2,1,0,0,1
•iμ‹ζ“ά”½“c‚P’–Ϊ,39,1,1,0,7,0,4,3,0,0,3,0,0,0,3,0,0,0,0,14,0,0,0,0,0,0,1,0,1,0,12,14,7,0,0,0,7
•iμ‹ζ“ά”½“c‚Q’–Ϊ,32,1,0,1,1,0,0,1,0,0,0,0,0,0,0,0,0,0,0,24,0,0,2,0,0,1,0,0,0,17,4,6,2,0,1,0,3
•iμ‹ζ“ά”½“c‚R’–Ϊ,5,0,0,0,3,0,2,1,0,0,0,0,0,0,0,0,0,0,0,1,0,0,0,0,0,0,0,0,0,0,1,1,0,0,0,0,1
•iμ‹ζ“ά”½“c‚S’–Ϊ,2,0,0,0,0,0,0,0,0,0,0,0,0,0,0,0,0,0,0,2,0,0,0,0,0,0,0,0,0,1,1,0,0,0,0,0,0
•iμ‹ζ“ά”½“c‚T’–Ϊ,11,0,0,0,1,0,1,0,0,0,0,0,0,0,0,0,0,0,0,6,0,0,2,1,0,0,0,0,0,1,2,4,0,0,0,0,4
•iμ‹ζ“•iμ‚P’–Ϊ,11,0,0,0,2,0,1,0,1,0,1,0,0,0,0,1,0,0,0,4,0,0,3,0,0,0,0,0,0,0,1,4,1,0,0,0,3
•iμ‹ζ“•iμ‚Q’–Ϊ,13,0,0,0,2,0,2,0,0,0,0,0,0,0,0,0,0,0,0,4,0,0,1,0,0,0,0,0,0,1,2,7,5,0,0,0,2
•iμ‹ζ“•iμ‚R’–Ϊ,13,0,0,0,1,0,0,1,0,0,0,0,0,0,0,0,0,0,0,6,0,1,3,0,0,0,0,0,1,0,1,6,4,0,1,0,1
•iμ‹ζ“•iμ‚S’–Ϊ,19,0,0,0,1,0,1,0,0,0,0,0,0,0,0,0,0,0,0,13,0,0,2,0,0,0,0,0,0,3,8,5,2,0,0,0,3
•iμ‹ζ“•iμ‚T’–Ϊ,1,0,0,0,0,0,0,0,0,0,0,0,0,0,0,0,0,0,0,1,0,0,0,0,0,0,0,0,0,0,1,0,0,0,0,0,0
•iμ‹ζ“’†‰„‚P’–Ϊ,2,0,0,0,0,0,0,0,0,0,0,0,0,0,0,0,0,0,0,2,0,0,1,0,0,0,0,0,0,0,1,0,0,0,0,0,0
•iμ‹ζ“’†‰„‚Q’–Ϊ,6,0,0,0,1,0,1,0,0,0,0,0,0,0,0,0,0,0,0,5,0,0,0,0,0,0,0,0,0,5,0,0,0,0,0,0,0
•iμ‹ζ•½’Λ‚P’–Ϊ,11,0,0,0,1,0,1,0,0,0,0,0,0,0,0,0,0,0,0,7,0,0,1,0,0,0,0,0,0,2,4,3,1,0,0,0,2
•iμ‹ζ•½’Λ‚Q’–Ϊ,8,0,0,0,0,0,0,0,0,0,0,0,0,0,0,0,0,0,0,6,0,0,6,0,0,0,0,0,0,0,0,2,1,0,0,0,1
•iμ‹ζ•½’Λ‚R’–Ϊ,4,0,0,0,2,0,1,1,0,0,0,0,0,0,0,0,0,0,0,1,0,0,1,0,0,0,0,0,0,0,0,1,1,0,0,0,0
•iμ‹ζL’¬‚Q’–Ϊ,5,0,0,0,0,0,0,0,0,0,0,0,0,0,0,0,0,0,0,4,0,0,0,0,0,0,0,0,0,0,4,1,0,0,1,0,0
•iμ‹ζ“ρ—t‚P’–Ϊ,4,0,0,0,1,0,1,0,0,0,0,0,0,0,0,0,0,0,0,2,0,0,1,0,0,0,0,0,0,0,1,1,0,0,0,0,1
•iμ‹ζ“ρ—t‚Q’–Ϊ,4,0,0,0,0,0,0,0,0,0,0,0,0,0,0,0,0,0,0,3,0,0,2,0,0,0,0,0,0,0,1,1,0,0,0,0,1
•iμ‹ζ“ρ—t‚R’–Ϊ,4,0,0,0,0,0,0,0,0,0,0,0,0,0,0,0,0,0,0,3,0,0,3,0,0,0,0,0,0,0,0,1,1,0,0,0,0
•iμ‹ζ“ρ—t‚S’–Ϊ,3,0,0,0,0,0,0,0,0,0,0,0,0,0,0,0,0,0,0,1,0,0,1,0,0,0,0,0,0,0,0,2,1,0,0,0,1
•iμ‹ζ“μ‘εδ‚P’–Ϊ,8,0,0,0,0,0,0,0,0,0,0,0,0,0,0,0,0,0,0,5,0,0,4,0,0,0,0,0,0,0,1,3,0,0,0,0,3
•iμ‹ζ“μ‘εδ‚Q’–Ϊ,3,0,0,0,2,0,2,0,0,0,0,0,0,0,0,0,0,0,0,1,0,0,1,0,0,0,0,0,0,0,0,0,0,0,0,0,0
•iμ‹ζ“μ‘εδ‚R’–Ϊ,17,0,0,0,0,0,0,0,0,0,0,0,0,0,0,0,0,0,0,11,0,0,6,0,0,1,0,0,0,0,4,6,2,0,0,0,4
•iμ‹ζ“μ‘εδ‚S’–Ϊ,14,0,0,0,2,0,0,2,0,0,0,0,0,0,0,0,0,0,0,6,0,0,6,0,0,0,0,0,0,0,0,6,6,0,0,0,0
•iμ‹ζ“μ‘εδ‚T’–Ϊ,10,0,0,0,0,0,0,0,0,0,0,0,0,0,0,0,0,0,0,8,0,0,5,0,0,0,0,0,0,0,3,2,1,0,0,0,1
•iμ‹ζ“μ‘εδ‚U’–Ϊ,42,1,1,0,1,0,1,0,0,0,0,0,0,0,0,0,0,0,0,31,0,1,11,1,0,0,0,0,0,17,1,9,3,2,1,0,3
•iμ‹ζ“μ•iμ‚P’–Ϊ,4,0,0,0,0,0,0,0,0,0,0,0,0,0,0,0,0,0,0,3,0,0,1,0,0,0,0,0,0,1,1,1,0,1,0,0,0
•iμ‹ζ“μ•iμ‚Q’–Ϊ,13,0,0,0,1,0,1,0,0,0,0,0,0,0,0,0,0,0,0,10,0,0,6,0,0,0,0,0,1,2,1,2,2,0,0,0,0
•iμ‹ζ“μ•iμ‚R’–Ϊ,19,0,0,0,1,0,1,0,0,0,0,0,0,0,0,0,0,0,0,17,0,0,2,0,0,0,1,0,0,11,3,1,1,0,0,0,0
•iμ‹ζ“μ•iμ‚S’–Ϊ,4,0,0,0,0,0,0,0,0,0,0,0,0,0,0,0,0,0,0,1,0,0,0,0,0,0,0,0,0,0,1,3,2,0,0,0,1
•iμ‹ζ“μ•iμ‚T’–Ϊ,5,0,0,0,0,0,0,0,0,0,0,0,0,0,0,0,0,0,0,4,0,1,2,0,0,0,0,0,0,0,1,1,1,0,0,0,0
•iμ‹ζ“μ•iμ‚U’–Ϊ,5,0,0,0,1,0,1,0,0,0,0,0,0,0,0,0,0,0,0,0,0,0,0,0,0,0,0,0,0,0,0,4,3,0,0,0,1
•iμ‹ζ”ª’ª‚Q’–Ϊ,2,0,0,0,0,0,0,0,0,0,0,0,0,0,0,0,0,0,0,0,0,0,0,0,0,0,0,0,0,0,0,2,2,0,0,0,0
•iμ‹ζ”ª’ª‚R’–Ϊ,4,0,0,0,2,0,2,0,0,0,0,0,0,0,0,0,0,0,0,1,0,0,0,0,0,0,0,0,0,0,1,1,0,0,0,0,1
•iμ‹ζ”ª’ª‚T’–Ϊ,17,0,0,0,2,0,1,1,0,0,0,0,0,0,0,0,0,0,0,10,0,0,3,1,0,0,0,0,0,1,5,5,2,1,0,0,2
•iμ‹ζ–L’¬‚P’–Ϊ,4,0,0,0,0,0,0,0,0,0,0,0,0,0,0,0,0,0,0,2,0,0,2,0,0,0,0,0,0,0,0,2,2,0,0,0,0
•iμ‹ζ–L’¬‚Q’–Ϊ,4,0,0,0,0,0,0,0,0,0,0,0,0,0,0,0,0,0,0,1,0,0,0,0,0,0,0,0,0,0,1,3,1,0,0,0,2
•iμ‹ζ–L’¬‚R’–Ϊ,2,0,0,0,0,0,0,0,0,0,0,0,0,0,0,0,0,0,0,1,0,0,0,1,0,0,0,0,0,0,0,1,0,0,0,0,1
•iμ‹ζ–L’¬‚S’–Ϊ,1,0,0,0,0,0,0,0,0,0,0,0,0,0,0,0,0,0,0,1,0,0,0,0,0,0,0,0,0,0,1,0,0,0,0,0,0
•iμ‹ζ–L’¬‚U’–Ϊ,4,1,0,1,0,0,0,0,0,0,0,0,0,0,0,0,0,0,0,2,0,0,2,0,0,0,0,0,0,0,0,1,0,1,0,0,0
•iμ‹ζ“”ª’ª,1,0,0,0,0,0,0,0,0,0,0,0,0,0,0,0,0,0,0,1,0,0,0,0,0,0,0,0,1,0,0,0,0,0,0,0,0
•iμ‹ζv,1137,13,3,10,105,0,54,38,10,3,22,1,0,0,9,8,0,0,4,646,0,9,231,17,1,5,6,0,12,135,230,351,159,29,11,3,149
–Ϊ•‹ζΒ—t‘δ‚P’–Ϊ,15,1,0,1,1,0,1,0,0,0,0,0,0,0,0,0,0,0,0,6,0,0,1,0,0,0,0,0,0,2,3,7,1,0,1,0,5
–Ϊ•‹ζΒ—t‘δ‚Q’–Ϊ,9,0,0,0,1,0,0,1,0,0,0,0,0,0,0,0,0,0,0,8,0,1,3,0,0,0,0,0,0,2,2,0,0,0,0,0,0
–Ϊ•‹ζΒ—t‘δ‚R’–Ϊ,11,0,0,0,1,0,1,0,0,0,0,0,0,0,0,0,0,0,0,7,0,1,5,0,0,0,0,0,0,0,1,3,0,0,0,0,3
–Ϊ•‹ζΒ—t‘δ‚S’–Ϊ,13,1,0,1,2,0,2,0,0,0,0,0,0,0,0,0,0,0,0,1,0,0,0,0,0,0,0,0,0,1,0,9,6,1,1,0,1
–Ϊ•‹ζ‘ε‰ªR‚P’–Ϊ,6,0,0,0,0,0,0,0,0,0,0,0,0,0,0,0,0,0,0,2,0,0,2,0,0,0,0,0,0,0,0,4,1,0,0,0,3
–Ϊ•‹ζ‘ε‰ªR‚Q’–Ϊ,20,0,0,0,1,0,1,0,0,0,0,0,0,0,0,0,0,0,0,1,0,0,1,0,0,0,0,0,0,0,0,18,1,0,0,0,17
–Ϊ•‹ζ‘ε‹΄‚P’–Ϊ,6,0,0,0,2,0,2,0,0,0,0,0,0,0,0,0,0,0,0,2,0,0,1,0,0,0,0,0,0,1,0,2,1,0,0,0,1
–Ϊ•‹ζ‘ε‹΄‚Q’–Ϊ,10,0,0,0,0,0,0,0,0,0,0,0,0,0,0,0,0,0,0,6,0,0,4,0,0,0,0,0,0,0,2,4,1,0,0,0,3
–Ϊ•‹ζ`‚Μ–Ψβ‚P’–Ϊ,10,0,0,0,0,0,0,0,0,0,0,0,0,0,0,0,0,0,0,6,0,1,2,0,0,0,0,0,0,0,3,4,4,0,0,0,0
–Ϊ•‹ζ`‚Μ–Ψβ‚Q’–Ϊ,8,0,0,0,2,0,1,1,0,0,0,0,0,0,0,0,0,0,0,5,0,0,1,0,0,0,0,0,0,0,4,1,1,0,0,0,0
–Ϊ•‹ζ`‚Μ–Ψβ‚R’–Ϊ,5,0,0,0,0,0,0,0,0,0,0,0,0,0,0,0,0,0,0,3,0,0,1,0,0,0,0,0,0,1,1,2,1,0,0,0,1
–Ϊ•‹ζγ–Ϊ•‚P’–Ϊ,15,0,0,0,1,0,0,1,0,0,1,0,0,0,1,0,0,0,0,6,0,0,2,0,0,0,0,0,0,1,3,7,2,0,0,0,5
–Ϊ•‹ζγ–Ϊ•‚Q’–Ϊ,18,0,0,0,2,0,2,0,0,0,0,0,0,0,0,0,0,0,0,12,0,0,5,0,0,0,0,0,0,2,5,4,2,0,0,0,2
–Ϊ•‹ζγ–Ϊ•‚R’–Ϊ,38,0,0,0,8,0,6,1,1,0,0,0,0,0,0,0,0,0,0,16,0,0,3,1,0,0,1,0,2,1,8,14,6,2,0,0,6
–Ϊ•‹ζγ–Ϊ•‚S’–Ϊ,9,0,0,0,0,0,0,0,0,0,0,0,0,0,0,0,0,0,0,4,0,0,2,0,0,0,0,0,0,0,2,5,2,1,0,0,2
–Ϊ•‹ζγ–Ϊ•‚T’–Ϊ,11,1,0,1,1,0,0,0,1,0,0,0,0,0,0,0,0,0,0,3,0,0,1,0,1,0,0,0,0,0,1,6,0,0,0,0,6
–Ϊ•‹ζ‹ξκ‚P’–Ϊ,10,0,0,0,1,0,0,1,0,0,0,0,0,0,0,0,0,0,0,8,0,0,6,0,0,0,0,0,0,0,2,1,0,0,0,0,1
–Ϊ•‹ζ‹ξκ‚R’–Ϊ,2,0,0,0,0,0,0,0,0,0,0,0,0,0,0,0,0,0,0,0,0,0,0,0,0,0,0,0,0,0,0,2,1,0,0,0,1
–Ϊ•‹ζ‹ξκ‚S’–Ϊ,2,0,0,0,1,0,0,1,0,0,0,0,0,0,0,0,0,0,0,1,0,0,1,0,0,0,0,0,0,0,0,0,0,0,0,0,0
–Ϊ•‹ζά–{–Ψ‚P’–Ϊ,10,0,0,0,0,0,0,0,0,0,0,0,0,0,0,0,0,0,0,6,0,0,4,0,0,0,0,0,0,1,1,4,3,0,0,0,1
–Ϊ•‹ζά–{–Ψ‚Q’–Ϊ,4,0,0,0,1,0,1,0,0,0,0,0,0,0,0,0,0,0,0,1,0,0,1,0,0,0,0,0,0,0,0,2,2,0,0,0,0
–Ϊ•‹ζά–{–Ψ‚R’–Ϊ,6,0,0,0,1,0,0,1,0,0,0,0,0,0,0,0,0,0,0,3,0,0,2,0,0,0,0,0,0,0,1,2,1,1,0,0,0
–Ϊ•‹ζ‰Ί–Ϊ•‚P’–Ϊ,7,0,0,0,2,0,1,1,0,0,1,0,0,0,0,1,0,0,0,1,0,0,0,0,0,0,0,0,1,0,0,3,2,0,1,0,0
–Ϊ•‹ζ‰Ί–Ϊ•‚Q’–Ϊ,11,0,0,0,2,0,1,1,0,0,0,0,0,0,0,0,0,0,0,5,0,0,3,0,0,0,0,0,0,0,2,4,3,0,0,0,1
–Ϊ•‹ζ‰Ί–Ϊ•‚R’–Ϊ,6,0,0,0,0,0,0,0,0,0,0,0,0,0,0,0,0,0,0,1,0,0,1,0,0,0,0,0,0,0,0,5,0,1,0,0,4
–Ϊ•‹ζ‰Ί–Ϊ•‚S’–Ϊ,7,0,0,0,0,0,0,0,0,0,0,0,0,0,0,0,0,0,0,3,0,0,3,0,0,0,0,0,0,0,0,4,2,0,1,0,1
–Ϊ•‹ζ‰Ί–Ϊ•‚T’–Ϊ,4,0,0,0,0,0,0,0,0,0,0,0,0,0,0,0,0,0,0,3,0,0,2,0,0,0,0,0,0,0,1,1,1,0,0,0,0
–Ϊ•‹ζ‰Ί–Ϊ•‚U’–Ϊ,5,0,0,0,0,0,0,0,0,0,0,0,0,0,0,0,0,0,0,3,0,1,2,0,0,0,0,0,0,0,0,2,2,0,0,0,0
–Ϊ•‹ζ©—R‚ª‹u‚P’–Ϊ,35,0,0,0,11,0,9,2,0,0,0,0,0,0,0,0,0,0,0,11,0,0,3,0,0,0,0,0,1,5,2,13,4,1,0,0,8
–Ϊ•‹ζ©—R‚ª‹u‚Q’–Ϊ,37,1,0,1,2,0,1,0,1,0,1,0,0,0,0,0,0,0,1,26,0,0,8,0,0,0,0,0,1,14,3,7,3,0,0,0,4
–Ϊ•‹ζ©—R‚ª‹u‚R’–Ϊ,1,0,0,0,1,0,1,0,0,0,0,0,0,0,0,0,0,0,0,0,0,0,0,0,0,0,0,0,0,0,0,0,0,0,0,0,0
–Ϊ•‹ζτ‘«‚P’–Ϊ,6,0,0,0,0,0,0,0,0,0,0,0,0,0,0,0,0,0,0,3,0,0,2,0,0,0,0,0,0,0,1,3,2,0,0,0,1
–Ϊ•‹ζτ‘«‚Q’–Ϊ,4,0,0,0,0,0,0,0,0,0,0,0,0,0,0,0,0,0,0,3,0,0,1,0,0,0,0,0,0,2,0,1,1,0,0,0,0
–Ϊ•‹ζ•½’¬‚P’–Ϊ,14,0,0,0,0,0,0,0,0,0,0,0,0,0,0,0,0,0,0,11,0,0,6,0,0,0,0,0,1,0,4,3,2,0,0,0,1
–Ϊ•‹ζ•½’¬‚Q’–Ϊ,6,1,0,1,0,0,0,0,0,0,0,0,0,0,0,0,0,0,0,4,0,0,1,0,0,0,0,0,0,0,3,1,1,0,0,0,0
–Ϊ•‹ζ‘ι”Τ‚P’–Ϊ,7,0,0,0,1,0,0,1,0,0,0,0,0,0,0,0,0,0,0,2,0,0,1,0,0,0,0,0,0,1,0,4,3,0,0,0,1
–Ϊ•‹ζ‘ι”Τ‚Q’–Ϊ,10,0,0,0,1,0,0,1,0,0,0,0,0,0,0,0,0,0,0,2,0,0,0,0,0,0,0,0,0,0,2,7,3,0,2,0,2
–Ϊ•‹ζ‘ι”Τ‚R’–Ϊ,34,0,0,0,2,0,1,1,0,0,1,0,0,0,0,1,0,0,0,22,0,0,14,0,0,0,0,0,2,3,3,9,4,0,0,0,5
–Ϊ•‹ζ’†‰›’¬‚P’–Ϊ,4,0,0,0,0,0,0,0,0,0,0,0,0,0,0,0,0,0,0,3,0,0,2,0,0,0,0,0,0,0,1,1,0,0,0,0,1
–Ϊ•‹ζ’†‰›’¬‚Q’–Ϊ,8,0,0,0,0,0,0,0,0,0,0,0,0,0,0,0,0,0,0,5,0,0,4,0,0,0,0,0,0,0,1,3,0,1,0,0,2
–Ϊ•‹ζ’†’¬‚P’–Ϊ,8,1,0,1,0,0,0,0,0,0,0,0,0,0,0,0,0,0,0,3,0,0,2,0,0,0,0,0,0,0,1,4,3,0,0,0,1
–Ϊ•‹ζ’†’¬‚Q’–Ϊ,7,0,0,0,0,0,0,0,0,0,0,0,0,0,0,0,0,0,0,4,1,0,0,0,0,0,0,0,0,1,2,3,1,0,0,0,2
–Ϊ•‹ζ’†ª‚P’–Ϊ,13,0,0,0,1,0,0,0,1,0,0,0,0,0,0,0,0,0,0,8,0,0,5,0,0,0,0,1,0,2,0,4,1,0,0,0,3
–Ϊ•‹ζ’†ª‚Q’–Ϊ,3,0,0,0,1,0,0,0,1,0,0,0,0,0,0,0,0,0,0,0,0,0,0,0,0,0,0,0,0,0,0,2,2,0,0,0,0
–Ϊ•‹ζ’†–Ϊ•‚P’–Ϊ,6,0,0,0,1,0,1,0,0,0,0,0,0,0,0,0,0,0,0,2,0,0,1,0,0,0,0,0,0,0,1,3,2,0,0,0,1
–Ϊ•‹ζ’†–Ϊ•‚Q’–Ϊ,9,0,0,0,1,0,0,0,1,0,1,0,0,0,1,0,0,0,0,5,0,0,0,0,0,0,0,0,1,0,4,2,2,0,0,0,0
–Ϊ•‹ζ’†–Ϊ•‚R’–Ϊ,7,0,0,0,1,0,1,0,0,0,0,0,0,0,0,0,0,0,0,3,0,0,2,0,0,1,0,0,0,0,0,3,1,0,1,0,1
–Ϊ•‹ζ’†–Ϊ•‚S’–Ϊ,6,0,0,0,1,0,1,0,0,0,0,0,0,0,0,0,0,0,0,2,0,1,0,0,0,0,0,0,0,0,1,3,3,0,0,0,0
–Ϊ•‹ζ’†–Ϊ•‚T’–Ϊ,4,0,0,0,0,0,0,0,0,0,0,0,0,0,0,0,0,0,0,1,0,0,1,0,0,0,0,0,0,0,0,3,1,0,0,0,2
–Ϊ•‹ζ΄’¬‚P’–Ϊ,9,0,0,0,0,0,0,0,0,0,0,0,0,0,0,0,0,0,0,5,0,0,1,0,0,0,0,0,0,4,0,4,4,0,0,0,0
–Ϊ•‹ζ΄’¬‚Q’–Ϊ,2,0,0,0,0,0,0,0,0,0,0,0,0,0,0,0,0,0,0,1,0,0,0,0,0,1,0,0,0,0,0,1,1,0,0,0,0
–Ϊ•‹ζ“‚ª‹u‚P’–Ϊ,9,1,0,1,1,0,1,0,0,0,2,0,0,0,0,1,0,0,1,0,0,0,0,0,0,0,0,0,0,0,0,5,4,0,0,0,1
–Ϊ•‹ζ“‚ª‹u‚Q’–Ϊ,12,0,0,0,1,0,1,0,0,0,0,0,0,0,0,0,0,0,0,7,0,0,5,0,0,0,0,0,0,0,2,4,3,0,0,0,1
–Ϊ•‹ζ“R‚P’–Ϊ,9,0,0,0,0,0,0,0,0,0,1,0,0,0,0,1,0,0,0,3,0,0,3,0,0,0,0,0,0,0,0,5,0,3,0,0,2
–Ϊ•‹ζ“R‚Q’–Ϊ,6,0,0,0,1,0,0,1,0,0,0,0,0,0,0,0,0,0,0,2,0,0,0,0,0,0,0,0,0,0,2,3,2,1,0,0,0
–Ϊ•‹ζ“R‚R’–Ϊ,7,0,0,0,1,0,0,1,0,0,0,0,0,0,0,0,0,0,0,4,0,0,2,0,0,0,0,0,0,1,1,2,1,0,0,0,1
–Ϊ•‹ζ”θ•¶’J‚P’–Ϊ,5,0,0,0,0,0,0,0,0,0,0,0,0,0,0,0,0,0,0,4,0,0,3,0,0,0,0,0,0,0,1,1,0,0,0,0,1
–Ϊ•‹ζ”θ•¶’J‚Q’–Ϊ,9,1,0,1,0,0,0,0,0,0,0,0,0,0,0,0,0,0,0,5,1,0,1,1,0,0,0,0,0,1,1,3,3,0,0,0,0
–Ϊ•‹ζ”θ•¶’J‚R’–Ϊ,2,0,0,0,0,0,0,0,0,0,0,0,0,0,0,0,0,0,0,1,0,0,1,0,0,0,0,0,0,0,0,1,0,0,0,0,1
–Ϊ•‹ζ”θ•¶’J‚S’–Ϊ,14,0,0,0,0,0,0,0,0,0,0,0,0,0,0,0,0,0,0,11,0,0,3,0,0,0,0,0,0,7,1,3,3,0,0,0,0
–Ϊ•‹ζ”θ•¶’J‚T’–Ϊ,9,0,0,0,0,0,0,0,0,0,0,0,0,0,0,0,0,0,0,2,0,0,2,0,0,0,0,0,0,0,0,7,4,1,0,0,2
–Ϊ•‹ζ”θ•¶’J‚U’–Ϊ,8,0,0,0,3,0,1,2,0,0,0,0,0,0,0,0,0,0,0,3,0,0,1,0,0,0,0,0,0,0,2,2,1,0,0,0,1
–Ϊ•‹ζO“c‚P’–Ϊ,5,0,0,0,0,0,0,0,0,0,0,0,0,0,0,0,0,0,0,2,0,1,1,0,0,0,0,0,0,0,0,3,3,0,0,0,0
–Ϊ•‹ζO“c‚Q’–Ϊ,8,0,0,0,0,0,0,0,0,0,1,0,0,0,0,1,0,0,0,4,0,0,4,0,0,0,0,0,0,0,0,3,1,0,0,0,2
–Ϊ•‹ζ—Ξ‚ª‹u‚P’–Ϊ,1,0,0,0,0,0,0,0,0,0,0,0,0,0,0,0,0,0,0,1,0,0,1,0,0,0,0,0,0,0,0,0,0,0,0,0,0
–Ϊ•‹ζ—Ξ‚ª‹u‚Q’–Ϊ,16,0,0,0,0,0,0,0,0,0,0,0,0,0,0,0,0,0,0,12,0,0,3,0,0,0,0,0,0,7,2,4,3,0,0,0,1
–Ϊ•‹ζ—Ξ‚ª‹u‚R’–Ϊ,4,0,0,0,0,0,0,0,0,0,1,0,0,0,0,0,0,1,0,0,0,0,0,0,0,0,0,0,0,0,0,3,0,0,0,0,3
–Ϊ•‹ζ“μ‚P’–Ϊ,5,0,0,0,0,0,0,0,0,0,0,0,0,0,0,0,0,0,0,2,0,0,1,0,0,0,0,0,0,0,1,3,1,0,0,0,2
–Ϊ•‹ζ“μ‚Q’–Ϊ,5,0,0,0,0,0,0,0,0,0,0,0,0,0,0,0,0,0,0,2,0,0,1,0,0,0,0,0,0,0,1,3,2,1,0,0,0
–Ϊ•‹ζ“μ‚R’–Ϊ,2,0,0,0,0,0,0,0,0,0,0,0,0,0,0,0,0,0,0,0,0,0,0,0,0,0,0,0,0,0,0,2,2,0,0,0,0
–Ϊ•‹ζ–Ϊ•‚P’–Ϊ,9,0,0,0,0,0,0,0,0,0,1,0,0,0,1,0,0,0,0,6,0,0,1,0,0,0,0,0,0,1,4,2,1,0,0,0,1
–Ϊ•‹ζ–Ϊ•‚Q’–Ϊ,10,0,0,0,3,0,1,2,0,0,0,0,0,0,0,0,0,0,0,5,0,0,2,0,0,0,0,0,1,0,2,2,2,0,0,0,0
–Ϊ•‹ζ–Ϊ•‚R’–Ϊ,3,0,0,0,0,0,0,0,0,0,0,0,0,0,0,0,0,0,0,3,0,0,1,0,0,0,0,0,0,0,2,0,0,0,0,0,0
–Ϊ•‹ζ–Ϊ•‚S’–Ϊ,6,0,0,0,0,0,0,0,0,0,0,0,0,0,0,0,0,0,0,4,0,0,3,0,0,0,0,0,0,0,1,2,1,0,0,0,1
–Ϊ•‹ζ–Ϊ•–{’¬‚P’–Ϊ,5,0,0,0,0,0,0,0,0,0,0,0,0,0,0,0,0,0,0,4,0,0,3,0,0,0,0,0,0,0,1,1,1,0,0,0,0
–Ϊ•‹ζ–Ϊ•–{’¬‚Q’–Ϊ,5,0,0,0,0,0,0,0,0,0,0,0,0,0,0,0,0,0,0,2,0,0,2,0,0,0,0,0,0,0,0,3,2,1,0,0,0
–Ϊ•‹ζ–Ϊ•–{’¬‚R’–Ϊ,11,0,0,0,0,0,0,0,0,0,0,0,0,0,0,0,0,0,0,5,0,0,4,0,0,0,0,0,0,0,1,6,2,0,0,0,4
–Ϊ•‹ζ–Ϊ•–{’¬‚S’–Ϊ,5,0,0,0,0,0,0,0,0,0,0,0,0,0,0,0,0,0,0,3,0,0,2,0,0,0,0,0,0,0,1,2,1,0,0,0,1
–Ϊ•‹ζ–Ϊ•–{’¬‚T’–Ϊ,5,0,0,0,0,0,0,0,0,0,0,0,0,0,0,0,0,0,0,3,0,0,3,0,0,0,0,0,0,0,0,2,0,0,0,0,2
–Ϊ•‹ζ–Ϊ•–{’¬‚U’–Ϊ,10,0,0,0,2,0,0,1,0,1,0,0,0,0,0,0,0,0,0,4,0,0,3,0,0,0,0,0,0,0,1,4,3,0,0,0,1
–Ϊ•‹ζ”ª‰_‚P’–Ϊ,10,0,0,0,0,0,0,0,0,0,0,0,0,0,0,0,0,0,0,6,0,0,6,0,0,0,0,0,0,0,0,4,1,0,0,0,3
–Ϊ•‹ζ”ª‰_‚Q’–Ϊ,4,0,0,0,0,0,0,0,0,0,0,0,0,0,0,0,0,0,0,0,0,0,0,0,0,0,0,0,0,0,0,4,0,0,0,0,4
–Ϊ•‹ζ”ª‰_‚R’–Ϊ,9,0,0,0,0,0,0,0,0,0,0,0,0,0,0,0,0,0,0,4,0,0,2,0,0,0,0,0,0,1,1,5,1,0,0,0,4
–Ϊ•‹ζ”ª‰_‚S’–Ϊ,2,0,0,0,0,0,0,0,0,0,0,0,0,0,0,0,0,0,0,1,0,0,1,0,0,0,0,0,0,0,0,1,0,1,0,0,0
–Ϊ•‹ζ”ª‰_‚T’–Ϊ,12,0,0,0,3,0,2,1,0,0,0,0,0,0,0,0,0,0,0,5,0,0,3,0,0,0,0,0,1,0,1,4,2,0,0,0,2
–Ϊ•‹ζ—S“V›‚P’–Ϊ,6,0,0,0,1,0,0,1,0,0,0,0,0,0,0,0,0,0,0,2,0,0,0,0,0,0,0,0,0,0,2,3,2,0,0,0,1
–Ϊ•‹ζ—S“V›‚Q’–Ϊ,9,0,0,0,1,0,0,1,0,0,0,0,0,0,0,0,0,0,0,4,0,0,0,0,0,0,0,0,0,3,1,4,0,0,0,0,4
–Ϊ•‹ζv,775,8,0,8,71,0,40,24,6,1,11,0,0,0,3,5,0,1,2,375,2,6,181,2,1,2,1,1,11,65,103,310,142,16,7,0,145
‘ε“c‹ζ’rγ‚P’–Ϊ,5,0,0,0,0,0,0,0,0,0,0,0,0,0,0,0,0,0,0,3,0,0,3,0,0,0,0,0,0,0,0,2,1,0,0,0,1
‘ε“c‹ζ’rγ‚Q’–Ϊ,4,0,0,0,0,0,0,0,0,0,0,0,0,0,0,0,0,0,0,3,0,0,3,0,0,0,0,0,0,0,0,1,0,0,0,0,1
‘ε“c‹ζ’rγ‚R’–Ϊ,19,0,0,0,0,0,0,0,0,0,0,0,0,0,0,0,0,0,0,7,0,0,2,0,0,0,0,0,0,4,1,12,5,3,3,0,1
‘ε“c‹ζ’rγ‚S’–Ϊ,9,0,0,0,3,0,3,0,0,0,0,0,0,0,0,0,0,0,0,3,0,0,1,0,0,0,0,0,0,0,2,3,1,0,0,0,2
‘ε“c‹ζ’rγ‚T’–Ϊ,4,0,0,0,1,0,1,0,0,0,0,0,0,0,0,0,0,0,0,0,0,0,0,0,0,0,0,0,0,0,0,3,1,1,0,0,1
‘ε“c‹ζ’rγ‚U’–Ϊ,21,2,1,1,2,0,1,1,0,0,0,0,0,0,0,0,0,0,0,9,0,0,4,1,0,0,0,0,0,3,1,8,3,0,0,0,5
‘ε“c‹ζ’rγ‚V’–Ϊ,10,0,0,0,1,0,1,0,0,0,1,0,0,1,0,0,0,0,0,5,0,0,0,2,0,2,0,0,0,0,1,3,0,0,0,0,3
‘ε“c‹ζ’rγ‚W’–Ϊ,3,0,0,0,0,0,0,0,0,0,0,0,0,0,0,0,0,0,0,1,0,0,0,0,0,0,0,0,0,0,1,2,1,0,1,0,0
‘ε“c‹ζΞμ’¬‚P’–Ϊ,2,0,0,0,0,0,0,0,0,0,0,0,0,0,0,0,0,0,0,0,0,0,0,0,0,0,0,0,0,0,0,2,0,0,0,0,2
‘ε“c‹ζΞμ’¬‚Q’–Ϊ,4,0,0,0,0,0,0,0,0,0,0,0,0,0,0,0,0,0,0,1,0,0,0,0,0,0,0,0,0,0,1,3,1,0,0,0,2
‘ε“c‹ζ‰L‚Μ–Ψ‚P’–Ϊ,4,0,0,0,0,0,0,0,0,0,0,0,0,0,0,0,0,0,0,3,0,0,3,0,0,0,0,0,0,0,0,1,1,0,0,0,0
‘ε“c‹ζ‰L‚Μ–Ψ‚Q’–Ϊ,7,0,0,0,0,0,0,0,0,0,0,0,0,0,0,0,0,0,0,5,0,0,2,0,0,2,0,0,0,0,1,2,2,0,0,0,0
‘ε“c‹ζ‰L‚Μ–Ψ‚R’–Ϊ,6,0,0,0,0,0,0,0,0,0,0,0,0,0,0,0,0,0,0,2,0,0,1,0,0,0,0,0,0,0,1,4,3,0,0,0,1
‘ε“c‹ζ‘εX–k‚P’–Ϊ,48,0,0,0,5,0,3,2,0,0,0,0,0,0,0,0,0,0,0,34,0,1,18,1,0,0,1,0,0,8,5,9,4,2,0,0,3
‘ε“c‹ζ‘εX–k‚Q’–Ϊ,25,1,0,1,0,0,0,0,0,0,0,0,0,0,0,0,0,0,0,21,0,0,3,1,0,1,0,0,0,15,1,3,1,0,0,0,2
‘ε“c‹ζ‘εX–k‚R’–Ϊ,19,0,0,0,2,0,2,0,0,0,2,0,0,0,0,2,0,0,0,13,0,0,4,0,0,1,0,0,0,3,5,2,1,0,0,0,1
‘ε“c‹ζ‘εX–k‚S’–Ϊ,10,0,0,0,0,0,0,0,0,0,0,0,0,0,0,0,0,0,0,6,0,0,5,1,0,0,0,0,0,0,0,4,1,0,0,0,3
‘ε“c‹ζ‘εX–k‚T’–Ϊ,3,0,0,0,0,0,0,0,0,0,0,0,0,0,0,0,0,0,0,3,0,0,0,0,0,0,0,0,0,1,2,0,0,0,0,0,0
‘ε“c‹ζ‘εX–k‚U’–Ϊ,12,1,1,0,1,0,1,0,0,0,2,0,0,0,1,1,0,0,0,8,0,1,4,1,0,0,0,0,0,2,0,0,0,0,0,0,0
‘ε“c‹ζ‘εX’†‚P’–Ϊ,8,0,0,0,2,0,1,1,0,0,0,0,0,0,0,0,0,0,0,6,0,0,1,0,0,0,0,0,0,5,0,0,0,0,0,0,0
‘ε“c‹ζ‘εX’†‚Q’–Ϊ,8,0,0,0,1,0,1,0,0,0,0,0,0,0,0,0,0,0,0,6,0,0,3,0,0,0,0,0,0,2,1,1,0,0,0,0,1
‘ε“c‹ζ‘εX’†‚R’–Ϊ,6,0,0,0,0,0,0,0,0,0,0,0,0,0,0,0,0,0,0,6,0,0,2,2,0,0,0,0,0,0,2,0,0,0,0,0,0
‘ε“c‹ζ‘εXΌ‚P’–Ϊ,12,0,0,0,3,0,1,1,1,0,0,0,0,0,0,0,0,0,0,7,0,0,4,0,0,0,0,0,0,0,3,2,1,0,0,0,1
‘ε“c‹ζ‘εXΌ‚Q’–Ϊ,15,0,0,0,2,0,0,1,1,0,0,0,0,0,0,0,0,0,0,10,0,0,2,0,0,0,0,0,0,6,2,3,2,1,0,0,0
‘ε“c‹ζ‘εXΌ‚R’–Ϊ,23,0,0,0,1,0,0,1,0,0,0,0,0,0,0,0,0,0,0,19,0,0,6,1,0,0,0,0,0,10,2,3,3,0,0,0,0
‘ε“c‹ζ‘εXΌ‚S’–Ϊ,6,0,0,0,1,0,0,1,0,0,0,0,0,0,0,0,0,0,0,4,0,0,3,0,0,0,0,0,0,0,1,1,1,0,0,0,0
‘ε“c‹ζ‘εXΌ‚T’–Ϊ,5,0,0,0,0,0,0,0,0,0,0,0,0,0,0,0,0,0,0,3,0,0,0,3,0,0,0,0,0,0,0,2,1,0,0,0,1
‘ε“c‹ζ‘εXΌ‚U’–Ϊ,10,0,0,0,0,0,0,0,0,0,0,0,0,0,0,0,0,0,0,8,0,0,7,0,0,0,0,0,0,0,1,2,2,0,0,0,0
‘ε“c‹ζ‘εXΌ‚V’–Ϊ,4,0,0,0,0,0,0,0,0,0,1,0,0,0,0,0,1,0,0,1,0,0,1,0,0,0,0,0,0,0,0,2,1,0,0,0,1
‘ε“c‹ζ‘εX“‚P’–Ϊ,12,0,0,0,2,0,0,2,0,0,0,0,0,0,0,0,0,0,0,7,0,0,4,1,0,0,0,0,0,2,0,3,1,0,0,0,2
‘ε“c‹ζ‘εX“‚Q’–Ϊ,6,0,0,0,1,0,0,1,0,0,0,0,0,0,0,0,0,0,0,5,0,1,1,0,0,0,0,0,0,0,3,0,0,0,0,0,0
‘ε“c‹ζ‘εX“‚R’–Ϊ,4,0,0,0,1,0,0,1,0,0,0,0,0,0,0,0,0,0,0,2,0,0,2,0,0,0,0,0,0,0,0,1,1,0,0,0,0
‘ε“c‹ζ‘εX“‚S’–Ϊ,5,0,0,0,0,0,0,0,0,0,0,0,0,0,0,0,0,0,0,3,0,0,3,0,0,0,0,0,0,0,0,2,2,0,0,0,0
‘ε“c‹ζ‘εX“‚T’–Ϊ,9,0,0,0,1,0,0,1,0,0,0,0,0,0,0,0,0,0,0,6,0,0,4,1,0,0,0,0,0,0,1,2,1,0,0,0,1
‘ε“c‹ζ‘εX–{’¬‚P’–Ϊ,7,0,0,0,0,0,0,0,0,0,0,0,0,0,0,0,0,0,0,3,0,0,1,1,0,0,0,0,0,0,1,4,1,0,0,0,3
‘ε“c‹ζ‘εX–{’¬‚Q’–Ϊ,7,0,0,0,1,0,0,0,0,1,0,0,0,0,0,0,0,0,0,3,0,1,0,0,0,0,0,0,0,0,2,3,2,1,0,0,0
‘ε“c‹ζ‘εX“μ‚P’–Ϊ,7,0,0,0,0,0,0,0,0,0,0,0,0,0,0,0,0,0,0,7,0,1,6,0,0,0,0,0,0,0,0,0,0,0,0,0,0
‘ε“c‹ζ‘εX“μ‚Q’–Ϊ,11,1,0,1,1,0,0,1,0,0,0,0,0,0,0,0,0,0,0,9,0,1,3,0,0,0,0,0,0,2,3,0,0,0,0,0,0
‘ε“c‹ζ‘εX“μ‚R’–Ϊ,3,0,0,0,0,0,0,0,0,0,0,0,0,0,0,0,0,0,0,3,0,1,2,0,0,0,0,0,0,0,0,0,0,0,0,0,0
‘ε“c‹ζ‘εX“μ‚S’–Ϊ,6,0,0,0,1,0,0,1,0,0,0,0,0,0,0,0,0,0,0,2,0,0,1,0,0,0,0,0,0,0,1,3,1,0,0,0,2
‘ε“c‹ζ‘εX“μ‚T’–Ϊ,4,0,0,0,1,0,0,1,0,0,0,0,0,0,0,0,0,0,0,3,0,0,1,1,0,0,0,0,0,0,1,0,0,0,0,0,0
‘ε“c‹ζ—“c‚P’–Ϊ,31,1,0,1,1,0,1,0,0,0,0,0,0,0,0,0,0,0,0,27,0,0,8,1,0,0,0,0,0,11,7,2,2,0,0,0,0
‘ε“c‹ζ—“c‚Q’–Ϊ,16,0,0,0,1,0,1,0,0,0,0,0,0,0,0,0,0,0,0,9,0,1,5,0,0,0,0,0,0,0,3,6,3,0,0,0,3
‘ε“c‹ζ—“c‚R’–Ϊ,9,0,0,0,1,0,1,0,0,0,0,0,0,0,0,0,0,0,0,8,0,2,4,0,0,0,0,0,0,2,0,0,0,0,0,0,0
‘ε“c‹ζ—“c‚S’–Ϊ,43,2,0,2,2,0,2,0,0,0,0,0,0,0,0,0,0,0,0,35,1,1,19,2,0,0,1,0,1,5,5,4,3,1,0,0,0
‘ε“c‹ζ—“c‚T’–Ϊ,151,0,0,0,19,0,11,7,0,1,1,0,0,0,1,0,0,0,0,104,0,2,46,0,0,0,2,0,1,23,30,27,12,3,0,0,12
‘ε“c‹ζ—“c–{’¬‚P’–Ϊ,3,0,0,0,1,0,0,1,0,0,0,0,0,0,0,0,0,0,0,1,0,0,1,0,0,0,0,0,0,0,0,1,0,0,0,0,1
‘ε“c‹ζ—“c–{’¬‚Q’–Ϊ,7,0,0,0,0,0,0,0,0,0,0,0,0,0,0,0,0,0,0,5,0,0,2,1,0,0,0,0,0,1,1,2,1,0,0,0,1
‘ε“c‹ζγ’r‘δ‚P’–Ϊ,15,0,0,0,2,0,2,0,0,0,1,0,0,0,0,1,0,0,0,6,0,0,5,0,0,0,0,0,0,1,0,6,2,0,0,0,4
‘ε“c‹ζγ’r‘δ‚Q’–Ϊ,2,0,0,0,0,0,0,0,0,0,0,0,0,0,0,0,0,0,0,1,0,0,1,0,0,0,0,0,0,0,0,1,1,0,0,0,0
‘ε“c‹ζγ’r‘δ‚R’–Ϊ,3,0,0,0,1,0,0,1,0,0,0,0,0,0,0,0,0,0,0,1,0,0,0,0,0,0,0,0,0,0,1,1,1,0,0,0,0
‘ε“c‹ζγ’r‘δ‚S’–Ϊ,7,0,0,0,0,0,0,0,0,0,0,0,0,0,0,0,0,0,0,2,0,0,2,0,0,0,0,0,0,0,0,5,2,0,0,0,3
‘ε“c‹ζγ’r‘δ‚T’–Ϊ,9,0,0,0,0,0,0,0,0,0,1,0,0,0,0,0,0,0,1,5,0,0,3,1,0,0,0,0,0,1,0,3,3,0,0,0,0
‘ε“c‹ζ–kβο’J‚P’–Ϊ,6,0,0,0,0,0,0,0,0,0,0,0,0,0,0,0,0,0,0,5,0,2,2,0,0,0,0,0,0,1,0,1,1,0,0,0,0
‘ε“c‹ζ–kβο’J‚Q’–Ϊ,5,0,0,0,0,0,0,0,0,0,0,0,0,0,0,0,0,0,0,5,0,0,5,0,0,0,0,0,0,0,0,0,0,0,0,0,0
‘ε“c‹ζ–kη‘©‚P’–Ϊ,13,0,0,0,2,0,1,0,0,1,0,0,0,0,0,0,0,0,0,7,0,0,4,0,0,0,0,0,0,2,1,4,2,1,0,0,1
‘ε“c‹ζ–kη‘©‚Q’–Ϊ,6,0,0,0,0,0,0,0,0,0,0,0,0,0,0,0,0,0,0,1,0,0,0,0,0,0,0,0,0,0,1,5,4,1,0,0,0
‘ε“c‹ζ–kη‘©‚R’–Ϊ,2,0,0,0,0,0,0,0,0,0,0,0,0,0,0,0,0,0,0,1,0,0,1,0,0,0,0,0,0,0,0,1,1,0,0,0,0
‘ε“c‹ζ–k”n‚P’–Ϊ,2,0,0,0,1,0,1,0,0,0,0,0,0,0,0,0,0,0,0,1,0,0,0,0,0,0,0,0,0,0,1,0,0,0,0,0,0
‘ε“c‹ζ–k”n‚Q’–Ϊ,12,0,0,0,1,0,1,0,0,0,1,0,0,0,1,0,0,0,0,7,0,0,5,0,0,0,0,0,0,1,1,3,1,1,0,0,1
‘ε“c‹ζ–k—δ’¬,15,0,0,0,3,0,0,3,0,0,1,0,0,0,0,1,0,0,0,8,0,0,1,1,0,0,1,0,0,2,3,3,2,0,0,0,1
‘ε“c‹ζ‹v‚ª΄‚P’–Ϊ,4,0,0,0,0,0,0,0,0,0,0,0,0,0,0,0,0,0,0,2,0,0,1,1,0,0,0,0,0,0,0,2,0,0,0,0,2
‘ε“c‹ζ‹v‚ª΄‚Q’–Ϊ,7,0,0,0,2,0,1,1,0,0,0,0,0,0,0,0,0,0,0,4,0,0,0,0,0,0,0,0,0,3,1,1,0,0,0,0,1
‘ε“c‹ζ‹v‚ª΄‚R’–Ϊ,4,0,0,0,0,0,0,0,0,0,0,0,0,0,0,0,0,0,0,1,0,0,0,0,0,0,0,0,0,0,1,3,2,1,0,0,0
‘ε“c‹ζ‹v‚ª΄‚S’–Ϊ,3,0,0,0,1,0,0,0,1,0,0,0,0,0,0,0,0,0,0,1,0,0,1,0,0,0,0,0,0,0,0,1,1,0,0,0,0
‘ε“c‹ζ‹v‚ª΄‚T’–Ϊ,8,0,0,0,1,0,0,1,0,0,0,0,0,0,0,0,0,0,0,6,0,0,5,0,0,0,0,0,0,0,1,1,1,0,0,0,0
‘ε“c‹ζ‹v‚ª΄‚U’–Ϊ,3,0,0,0,0,0,0,0,0,0,0,0,0,0,0,0,0,0,0,3,0,0,2,0,0,0,0,0,0,0,1,0,0,0,0,0,0
‘ε“c‹ζ‹•l“‡‚P’–Ϊ,3,0,0,0,1,0,0,0,0,1,0,0,0,0,0,0,0,0,0,2,0,1,0,1,0,0,0,0,0,0,0,0,0,0,0,0,0
‘ε“c‹ζ‹•l“‡‚Q’–Ϊ,1,0,0,0,0,0,0,0,0,0,1,0,0,0,0,0,0,0,1,0,0,0,0,0,0,0,0,0,0,0,0,0,0,0,0,0,0
‘ε“c‹ζR‰¤‚P’–Ϊ,7,0,0,0,0,0,0,0,0,0,2,0,0,0,0,2,0,0,0,1,0,0,0,0,0,0,0,0,0,0,1,4,2,1,0,0,1
‘ε“c‹ζR‰¤‚Q’–Ϊ,33,0,0,0,0,0,0,0,0,0,1,0,0,0,0,0,0,0,1,23,0,0,8,0,0,0,1,0,2,8,4,9,2,1,0,0,6
‘ε“c‹ζR‰¤‚R’–Ϊ,12,0,0,0,0,0,0,0,0,0,0,0,0,0,0,0,0,0,0,12,0,0,5,0,0,0,0,0,0,3,4,0,0,0,0,0,0
‘ε“c‹ζR‰¤‚S’–Ϊ,4,0,0,0,0,0,0,0,0,0,0,0,0,0,0,0,0,0,0,2,0,0,0,0,0,0,0,0,0,2,0,2,1,1,0,0,0
‘ε“c‹ζ‰ΊΫq‚P’–Ϊ,2,0,0,0,0,0,0,0,0,0,0,0,0,0,0,0,0,0,0,2,0,0,0,0,0,0,0,0,0,1,1,0,0,0,0,0,0
‘ε“c‹ζ‰ΊΫq‚Q’–Ϊ,16,0,0,0,0,0,0,0,0,0,0,0,0,0,0,0,0,0,0,5,0,0,2,0,0,0,0,0,0,1,2,11,4,2,1,0,4
‘ε“c‹ζ‰ΊΫq‚R’–Ϊ,7,0,0,0,0,0,0,0,0,0,0,0,0,0,0,0,0,0,0,3,0,0,2,1,0,0,0,0,0,0,0,4,3,0,0,0,1
‘ε“c‹ζ‰ΊΫq‚S’–Ϊ,10,0,0,0,1,0,0,1,0,0,1,0,0,0,0,0,0,0,1,3,0,0,1,2,0,0,0,0,0,0,0,5,4,0,0,0,1
‘ε“c‹ζΊa“‡‚Q’–Ϊ,1,0,0,0,0,0,0,0,0,0,0,0,0,0,0,0,0,0,0,1,0,0,1,0,0,0,0,0,0,0,0,0,0,0,0,0,0
‘ε“c‹ζV—“c‚P’–Ϊ,6,0,0,0,0,0,0,0,0,0,0,0,0,0,0,0,0,0,0,6,0,1,3,1,0,0,0,0,0,0,1,0,0,0,0,0,0
‘ε“c‹ζV—“c‚Q’–Ϊ,6,0,0,0,0,0,0,0,0,0,0,0,0,0,0,0,0,0,0,5,0,0,4,0,0,0,0,0,0,0,1,1,1,0,0,0,0
‘ε“c‹ζV—“c‚R’–Ϊ,6,0,0,0,0,0,0,0,0,0,0,0,0,0,0,0,0,0,0,3,0,1,1,1,0,0,0,0,0,0,0,3,2,0,0,0,1
‘ε“c‹ζι“μ“‡‚Q’–Ϊ,5,0,0,0,1,0,0,1,0,0,0,0,0,0,0,0,0,0,0,4,0,0,0,0,0,0,0,0,0,0,4,0,0,0,0,0,0
‘ε“c‹ζι“μ“‡‚V’–Ϊ,1,0,0,0,1,0,0,1,0,0,0,0,0,0,0,0,0,0,0,0,0,0,0,0,0,0,0,0,0,0,0,0,0,0,0,0,0
‘ε“c‹ζ‘½–€μ‚P’–Ϊ,17,0,0,0,2,0,2,0,0,0,0,0,0,0,0,0,0,0,0,9,0,0,4,4,0,0,0,0,0,0,1,6,5,1,0,0,0
‘ε“c‹ζ‘½–€μ‚Q’–Ϊ,14,0,0,0,0,0,0,0,0,0,1,0,0,0,0,0,0,0,1,7,0,0,3,1,0,0,0,0,0,2,1,6,2,0,0,0,4
‘ε“c‹ζη’Ή‚P’–Ϊ,6,0,0,0,0,0,0,0,0,0,0,0,0,0,0,0,0,0,0,2,0,0,0,0,0,0,0,0,1,0,1,4,1,1,0,0,2
‘ε“c‹ζη’Ή‚Q’–Ϊ,8,0,0,0,1,0,1,0,0,0,0,0,0,0,0,0,0,0,0,3,0,0,2,0,0,0,0,0,0,0,1,4,0,0,0,0,4
‘ε“c‹ζη’Ή‚R’–Ϊ,5,0,0,0,0,0,0,0,0,0,0,0,0,0,0,0,0,0,0,3,0,0,1,1,0,0,0,0,0,1,0,2,2,0,0,0,0
‘ε“c‹ζ’†‰›‚P’–Ϊ,2,0,0,0,0,0,0,0,0,0,0,0,0,0,0,0,0,0,0,2,0,0,2,0,0,0,0,0,0,0,0,0,0,0,0,0,0
‘ε“c‹ζ’†‰›‚Q’–Ϊ,2,0,0,0,1,0,0,1,0,0,0,0,0,0,0,0,0,0,0,1,0,0,1,0,0,0,0,0,0,0,0,0,0,0,0,0,0
‘ε“c‹ζ’†‰›‚R’–Ϊ,8,0,0,0,0,0,0,0,0,0,0,0,0,0,0,0,0,0,0,4,0,0,4,0,0,0,0,0,0,0,0,4,3,0,0,0,1
‘ε“c‹ζ’†‰›‚S’–Ϊ,2,0,0,0,0,0,0,0,0,0,0,0,0,0,0,0,0,0,0,1,0,0,1,0,0,0,0,0,0,0,0,1,1,0,0,0,0
‘ε“c‹ζ’†‰›‚T’–Ϊ,5,0,0,0,1,0,0,0,0,1,0,0,0,0,0,0,0,0,0,2,0,0,0,0,0,0,0,0,0,0,2,2,2,0,0,0,0
‘ε“c‹ζ’†‰›‚U’–Ϊ,5,0,0,0,0,0,0,0,0,0,1,0,0,0,0,1,0,0,0,4,0,0,3,0,0,0,0,0,0,0,1,0,0,0,0,0,0
‘ε“c‹ζ’†‰›‚V’–Ϊ,2,0,0,0,0,0,0,0,0,0,0,0,0,0,0,0,0,0,0,1,0,0,1,0,0,0,0,0,0,0,0,1,1,0,0,0,0
‘ε“c‹ζ’†‰›‚W’–Ϊ,8,0,0,0,1,0,1,0,0,0,0,0,0,0,0,0,0,0,0,4,0,0,3,0,0,0,0,1,0,0,0,3,2,0,0,0,1
‘ε“c‹ζ“c‰€’²•z‚P’–Ϊ,20,0,0,0,1,0,1,0,0,0,1,0,0,0,0,0,0,0,1,12,0,0,9,0,0,0,0,0,1,0,2,6,4,0,0,0,2
‘ε“c‹ζ“c‰€’²•z‚Q’–Ϊ,8,0,0,0,0,0,0,0,0,0,2,0,0,0,0,2,0,0,0,4,0,0,0,0,0,0,0,0,0,3,1,2,1,0,0,0,1
‘ε“c‹ζ“c‰€’²•z‚R’–Ϊ,2,0,0,0,0,0,0,0,0,0,0,0,0,0,0,0,0,0,0,1,0,0,0,0,0,0,0,0,0,0,1,1,1,0,0,0,0
‘ε“c‹ζ“c‰€’²•z‚S’–Ϊ,1,0,0,0,0,0,0,0,0,0,1,0,0,0,0,1,0,0,0,0,0,0,0,0,0,0,0,0,0,0,0,0,0,0,0,0,0
‘ε“c‹ζ“c‰€’²•z‚T’–Ϊ,4,0,0,0,0,0,0,0,0,0,0,0,0,0,0,0,0,0,0,0,0,0,0,0,0,0,0,0,0,0,0,4,1,0,0,0,3
‘ε“c‹ζ“c‰€’²•z–{’¬,9,0,0,0,0,0,0,0,0,0,0,0,0,0,0,0,0,0,0,4,0,0,2,0,0,0,0,0,0,0,2,5,2,2,0,0,1
‘ε“c‹ζ“c‰€’²•z“μ,7,0,0,0,0,0,0,0,0,0,3,0,3,0,0,0,0,0,0,2,0,1,0,0,0,0,0,0,0,0,1,2,1,1,0,0,0
‘ε“c‹ζ“C‚P’–Ϊ,2,0,0,0,0,0,0,0,0,0,0,0,0,0,0,0,0,0,0,2,0,0,0,1,0,0,0,0,0,0,1,0,0,0,0,0,0
‘ε“c‹ζ“C‚R’–Ϊ,8,0,0,0,2,0,2,0,0,0,1,0,0,1,0,0,0,0,0,1,0,0,0,0,0,0,0,0,0,0,1,4,0,0,1,0,3
‘ε“c‹ζ“C‚T’–Ϊ,1,0,0,0,0,0,0,0,0,0,0,0,0,0,0,0,0,0,0,1,0,0,0,0,0,0,0,0,0,0,1,0,0,0,0,0,0
‘ε“c‹ζ’‡’rγ‚P’–Ϊ,7,0,0,0,1,0,1,0,0,0,0,0,0,0,0,0,0,0,0,3,0,0,0,0,0,0,0,0,0,2,1,3,2,0,0,0,1
‘ε“c‹ζ’‡’rγ‚Q’–Ϊ,3,0,0,0,0,0,0,0,0,0,0,0,0,0,0,0,0,0,0,2,0,0,0,0,0,0,0,0,0,1,1,1,1,0,0,0,0
‘ε“c‹ζ’†”n‚P’–Ϊ,5,0,0,0,1,0,0,0,1,0,1,0,0,0,0,0,0,0,1,2,0,0,1,0,0,0,0,0,0,0,1,1,1,0,0,0,0
‘ε“c‹ζ’†”n‚Q’–Ϊ,5,0,0,0,1,0,0,1,0,0,0,0,0,0,0,0,0,0,0,3,0,0,1,0,0,0,0,0,0,1,1,1,0,0,1,0,0
‘ε“c‹ζ’†”n‚R’–Ϊ,4,0,0,0,0,0,0,0,0,0,3,0,0,0,0,0,0,0,3,0,0,0,0,0,0,0,0,0,0,0,0,1,1,0,0,0,0
‘ε“c‹ζ’‡Z‹½‚P’–Ϊ,12,0,0,0,1,0,0,1,0,0,0,0,0,0,0,0,0,0,0,11,0,0,8,1,0,0,0,0,0,0,2,0,0,0,0,0,0
‘ε“c‹ζ’‡Z‹½‚Q’–Ϊ,16,0,0,0,1,0,0,1,0,0,0,0,0,0,0,0,0,0,0,12,0,0,8,1,0,0,0,0,0,1,2,3,2,0,0,0,1
‘ε“c‹ζ’‡Z‹½‚R’–Ϊ,11,0,0,0,3,0,2,1,0,0,1,0,0,0,0,1,0,0,0,4,0,0,1,1,0,0,0,0,0,1,1,3,0,0,0,0,3
‘ε“c‹ζ’‡Z‹½‚S’–Ϊ,16,0,0,0,2,0,1,1,0,0,0,0,0,0,0,0,0,0,0,12,0,1,6,0,0,0,0,0,0,2,3,2,0,2,0,0,0
‘ε“c‹ζΌ—“c‚P’–Ϊ,8,0,0,0,0,0,0,0,0,0,0,0,0,0,0,0,0,0,0,4,0,1,2,0,0,0,0,0,0,0,1,4,0,0,0,0,4
‘ε“c‹ζΌ—“c‚Q’–Ϊ,4,0,0,0,0,0,0,0,0,0,0,0,0,0,0,0,0,0,0,2,0,0,2,0,0,0,0,0,0,0,0,2,0,0,0,0,2
‘ε“c‹ζΌ—“c‚R’–Ϊ,5,0,0,0,0,0,0,0,0,0,0,0,0,0,0,0,0,0,0,0,0,0,0,0,0,0,0,0,0,0,0,5,3,0,0,0,2
‘ε“c‹ζΌ—“c‚S’–Ϊ,10,0,0,0,1,0,1,0,0,0,0,0,0,0,0,0,0,0,0,2,0,0,0,0,0,0,0,0,0,0,2,7,2,0,0,0,5
‘ε“c‹ζΌ—“c‚T’–Ϊ,16,1,1,0,1,0,0,0,1,0,0,0,0,0,0,0,0,0,0,11,0,0,9,1,0,0,0,0,0,1,0,3,1,0,0,0,2
‘ε“c‹ζΌ—“c‚U’–Ϊ,17,0,0,0,4,0,1,3,0,0,0,0,0,0,0,0,0,0,0,5,0,0,3,1,0,0,0,0,0,0,1,8,3,0,0,4,1
‘ε“c‹ζΌ—“c‚V’–Ϊ,127,4,0,4,19,0,10,8,1,0,4,0,0,0,1,0,0,0,3,75,0,1,27,3,0,0,1,0,2,17,24,25,15,1,0,0,9
‘ε“c‹ζΌ—“c‚W’–Ϊ,25,1,0,1,2,0,1,1,0,0,0,0,0,0,0,0,0,0,0,19,0,0,8,0,0,0,0,0,0,8,3,3,0,1,0,0,2
‘ε“c‹ζΌβο’J‚P’–Ϊ,6,0,0,0,0,0,0,0,0,0,0,0,0,0,0,0,0,0,0,3,0,0,1,1,1,0,0,0,0,0,0,3,0,0,0,0,3
‘ε“c‹ζΌβο’J‚Q’–Ϊ,8,0,0,0,1,0,0,1,0,0,0,0,0,0,0,0,0,0,0,4,0,0,3,0,0,0,0,0,0,1,0,3,2,0,0,0,1
‘ε“c‹ζΌβο’J‚R’–Ϊ,16,1,1,0,2,0,2,0,0,0,0,0,0,0,0,0,0,0,0,9,0,0,6,1,0,0,0,0,0,0,2,4,0,1,0,0,3
‘ε“c‹ζΌβο’J‚S’–Ϊ,14,0,0,0,2,0,1,1,0,0,0,0,0,0,0,0,0,0,0,9,0,0,8,1,0,0,0,0,0,0,0,3,1,1,0,0,1
‘ε“c‹ζΌ”n‚P’–Ϊ,2,0,0,0,0,0,0,0,0,0,0,0,0,0,0,0,0,0,0,2,0,0,2,0,0,0,0,0,0,0,0,0,0,0,0,0,0
‘ε“c‹ζΌ”n‚Q’–Ϊ,9,0,0,0,1,0,1,0,0,0,0,0,0,0,0,0,0,0,0,4,0,1,0,0,0,0,0,0,1,1,1,4,1,0,0,0,3
‘ε“c‹ζΌ—δ’¬,5,0,0,0,0,0,0,0,0,0,0,0,0,0,0,0,0,0,0,3,0,0,2,1,0,0,0,0,0,0,0,2,2,0,0,0,0
‘ε“c‹ζΌZ‹½‚P’–Ϊ,8,0,0,0,0,0,0,0,0,0,0,0,0,0,0,0,0,0,0,5,0,0,5,0,0,0,0,0,0,0,0,3,1,0,0,0,2
‘ε“c‹ζΌZ‹½‚Q’–Ϊ,8,0,0,0,1,0,0,0,1,0,0,0,0,0,0,0,0,0,0,6,0,0,6,0,0,0,0,0,0,0,0,1,0,0,0,0,1
‘ε“c‹ζΌZ‹½‚R’–Ϊ,10,1,0,1,2,0,1,1,0,0,0,0,0,0,0,0,0,0,0,6,0,1,4,0,0,0,0,0,0,1,0,1,0,0,0,0,1
‘ε“c‹ζΌZ‹½‚S’–Ϊ,6,0,0,0,0,0,0,0,0,0,0,0,0,0,0,0,0,0,0,4,0,1,1,0,0,1,0,0,0,0,1,2,0,0,0,0,2
‘ε“c‹ζ”‹’†‚P’–Ϊ,4,0,0,0,0,0,0,0,0,0,0,0,0,0,0,0,0,0,0,3,0,0,1,1,0,0,0,0,0,1,0,1,0,0,0,0,1
‘ε“c‹ζ”‹’†‚Q’–Ϊ,18,0,0,0,3,0,1,2,0,0,0,0,0,0,0,0,0,0,0,12,0,0,4,0,0,0,0,0,0,8,0,3,1,0,0,0,2
‘ε“c‹ζ”‹’†‚R’–Ϊ,8,0,0,0,0,0,0,0,0,0,0,0,0,0,0,0,0,0,0,6,0,0,2,1,0,0,0,0,0,1,2,2,2,0,0,0,0
‘ε“c‹ζ‰H“c‚P’–Ϊ,15,0,0,0,1,0,0,0,1,0,1,0,0,0,1,0,0,0,0,9,0,0,2,1,0,0,0,0,0,3,3,4,1,0,0,0,3
‘ε“c‹ζ‰H“c‚Q’–Ϊ,1,0,0,0,0,0,0,0,0,0,0,0,0,0,0,0,0,0,0,1,0,0,1,0,0,0,0,0,0,0,0,0,0,0,0,0,0
‘ε“c‹ζ‰H“c‚R’–Ϊ,3,0,0,0,0,0,0,0,0,0,0,0,0,0,0,0,0,0,0,0,0,0,0,0,0,0,0,0,0,0,0,3,1,0,0,0,2
‘ε“c‹ζ‰H“c‚S’–Ϊ,7,0,0,0,0,0,0,0,0,0,0,0,0,0,0,0,0,0,0,5,0,0,2,1,0,0,0,0,0,1,1,2,0,2,0,0,0
‘ε“c‹ζ‰H“c‚T’–Ϊ,6,0,0,0,1,0,0,1,0,0,0,0,0,0,0,0,0,0,0,4,0,0,1,1,0,0,0,0,0,1,1,1,1,0,0,0,0
‘ε“c‹ζ‰H“c‚U’–Ϊ,5,0,0,0,0,0,0,0,0,0,0,0,0,0,0,0,0,0,0,2,0,0,1,0,0,0,0,0,0,1,0,3,2,0,0,0,1
‘ε“c‹ζ‰H“c®’¬,1,0,0,0,0,0,0,0,0,0,0,0,0,0,0,0,0,0,0,0,0,0,0,0,0,0,0,0,0,0,0,1,0,0,0,0,1
‘ε“c‹ζ‰H“c‹σ`‚P’–Ϊ,6,0,0,0,0,0,0,0,0,0,0,0,0,0,0,0,0,0,0,2,0,0,2,0,0,0,0,0,0,0,0,4,1,0,0,0,3
‘ε“c‹ζ‰H“c‹σ`‚Q’–Ϊ,44,2,1,1,0,0,0,0,0,0,1,0,0,0,0,0,0,0,1,24,0,0,2,0,0,0,3,0,0,4,15,17,4,5,0,0,8
‘ε“c‹ζ‰H“c‹σ`‚R’–Ϊ,67,1,1,0,9,0,6,3,0,0,0,0,0,0,0,0,0,0,0,35,0,0,1,0,0,0,5,0,2,9,18,22,3,7,1,0,11
‘ε“c‹ζ“—“c‚P’–Ϊ,3,0,0,0,0,0,0,0,0,0,0,0,0,0,0,0,0,0,0,2,0,0,1,0,0,0,0,0,0,1,0,1,0,0,0,0,1
‘ε“c‹ζ“—“c‚Q’–Ϊ,8,0,0,0,1,0,0,1,0,0,0,0,0,0,0,0,0,0,0,5,0,0,1,0,0,0,0,0,0,3,1,2,1,0,0,0,1
‘ε“c‹ζ“βο’J‚P’–Ϊ,8,0,0,0,0,0,0,0,0,0,0,0,0,0,0,0,0,0,0,7,0,0,4,0,0,1,0,0,0,0,2,1,0,0,0,0,1
‘ε“c‹ζ“βο’J‚Q’–Ϊ,9,0,0,0,0,0,0,0,0,0,0,0,0,0,0,0,0,0,0,9,0,1,4,0,0,0,0,0,0,2,2,0,0,0,0,0,0
‘ε“c‹ζ“βο’J‚R’–Ϊ,5,0,0,0,2,0,1,1,0,0,0,0,0,0,0,0,0,0,0,2,0,0,1,0,0,0,0,0,0,0,1,1,1,0,0,0,0
‘ε“c‹ζ“βο’J‚S’–Ϊ,3,0,0,0,0,0,0,0,0,0,0,0,0,0,0,0,0,0,0,2,0,0,2,0,0,0,0,0,0,0,0,1,1,0,0,0,0
‘ε“c‹ζ“βο’J‚T’–Ϊ,2,0,0,0,0,0,0,0,0,0,0,0,0,0,0,0,0,0,0,0,0,0,0,0,0,0,0,0,0,0,0,2,0,2,0,0,0
‘ε“c‹ζ“βο’J‚U’–Ϊ,3,0,0,0,0,0,0,0,0,0,0,0,0,0,0,0,0,0,0,0,0,0,0,0,0,0,0,0,0,0,0,3,2,0,0,0,1
‘ε“c‹ζ“”n‚P’–Ϊ,11,0,0,0,0,0,0,0,0,0,0,0,0,0,0,0,0,0,0,8,0,0,3,2,0,0,0,0,0,0,3,3,1,0,0,0,2
‘ε“c‹ζ“”n‚Q’–Ϊ,5,0,0,0,0,0,0,0,0,0,0,0,0,0,0,0,0,0,0,1,0,0,0,0,0,0,0,0,0,0,1,4,4,0,0,0,0
‘ε“c‹ζ“—δ’¬,6,0,0,0,1,0,0,1,0,0,1,0,0,0,0,1,0,0,0,2,0,0,1,0,0,0,0,0,0,0,1,2,2,0,0,0,0
‘ε“c‹ζ“–ξϋ‚P’–Ϊ,8,0,0,0,1,0,0,1,0,0,0,0,0,0,0,0,0,0,0,4,0,0,1,1,0,0,0,0,0,1,1,3,2,0,0,0,1
‘ε“c‹ζ“–ξϋ‚Q’–Ϊ,7,1,1,0,0,0,0,0,0,0,0,0,0,0,0,0,0,0,0,3,0,1,2,0,0,0,0,0,0,0,0,3,1,0,1,0,1
‘ε“c‹ζ“–ξϋ‚R’–Ϊ,7,0,0,0,2,0,1,1,0,0,1,0,0,0,0,1,0,0,0,3,0,0,3,0,0,0,0,0,0,0,0,1,1,0,0,0,0
‘ε“c‹ζ“α’J‚P’–Ϊ,5,0,0,0,1,0,0,1,0,0,0,0,0,0,0,0,0,0,0,3,0,0,1,0,0,0,0,0,0,0,2,1,0,0,0,0,1
‘ε“c‹ζ“α’J‚Q’–Ϊ,11,0,0,0,3,0,3,0,0,0,0,0,0,0,0,0,0,0,0,3,0,0,1,0,0,0,0,0,0,0,2,5,2,0,0,0,3
‘ε“c‹ζ“α’J‚R’–Ϊ,4,0,0,0,0,0,0,0,0,0,0,0,0,0,0,0,0,0,0,2,0,0,0,0,0,0,0,0,0,0,2,2,1,0,0,0,1
‘ε“c‹ζ“α’J‚S’–Ϊ,3,0,0,0,1,0,1,0,0,0,0,0,0,0,0,0,0,0,0,0,0,0,0,0,0,0,0,0,0,0,0,2,0,0,0,0,2
‘ε“c‹ζ“α’J‚T’–Ϊ,6,0,0,0,0,0,0,0,0,0,0,0,0,0,0,0,0,0,0,2,0,0,0,0,0,0,0,0,0,0,2,4,4,0,0,0,0
‘ε“c‹ζ“Z‹½‚P’–Ϊ,4,0,0,0,0,0,0,0,0,0,0,0,0,0,0,0,0,0,0,3,0,1,2,0,0,0,0,0,0,0,0,1,0,0,0,0,1
‘ε“c‹ζ“Z‹½‚Q’–Ϊ,7,1,0,1,0,0,0,0,0,0,0,0,0,0,0,0,0,0,0,5,0,0,2,0,0,0,0,0,0,2,1,1,0,1,0,0,0
‘ε“c‹ζ“Z‹½‚R’–Ϊ,4,0,0,0,0,0,0,0,0,0,0,0,0,0,0,0,0,0,0,3,0,0,2,0,0,0,0,0,0,0,1,1,1,0,0,0,0
‘ε“c‹ζ•½a“‡‚P’–Ϊ,13,0,0,0,0,0,0,0,0,0,0,0,0,0,0,0,0,0,0,10,0,0,7,0,0,0,0,0,0,1,2,3,1,1,0,0,1
‘ε“c‹ζ•½a“‡‚Q’–Ϊ,2,0,0,0,1,0,0,1,0,0,0,0,0,0,0,0,0,0,0,0,0,0,0,0,0,0,0,0,0,0,0,1,1,0,0,0,0
‘ε“c‹ζ•½a“‡‚T’–Ϊ,4,0,0,0,0,0,0,0,0,0,2,0,0,0,0,0,0,0,2,2,0,0,1,0,0,0,0,0,0,0,1,0,0,0,0,0,0
‘ε“c‹ζ•½a“‡‚U’–Ϊ,7,0,0,0,1,0,1,0,0,0,0,0,0,0,0,0,0,0,0,4,0,0,3,0,0,0,0,0,0,1,0,2,0,0,0,0,2
‘ε“c‹ζ•½a‚ΜXφ‰€,4,0,0,0,0,0,0,0,0,0,0,0,0,0,0,0,0,0,0,3,0,0,2,0,0,0,0,1,0,0,0,1,0,0,0,0,1
‘ε“c‹ζ–{‰H“c‚P’–Ϊ,8,0,0,0,0,0,0,0,0,0,0,0,0,0,0,0,0,0,0,5,0,2,2,0,0,0,0,0,0,0,1,3,1,0,0,0,2
‘ε“c‹ζ–{‰H“c‚Q’–Ϊ,17,0,0,0,0,0,0,0,0,0,0,0,0,0,0,0,0,0,0,14,0,1,4,0,0,0,0,0,0,8,1,3,1,1,0,0,1
‘ε“c‹ζ–{‰H“c‚R’–Ϊ,4,0,0,0,1,0,1,0,0,0,0,0,0,0,0,0,0,0,0,1,0,0,1,0,0,0,0,0,0,0,0,2,2,0,0,0,0
‘ε“c‹ζ“μ—“c‚P’–Ϊ,9,1,0,1,0,0,0,0,0,0,0,0,0,0,0,0,0,0,0,5,0,0,5,0,0,0,0,0,0,0,0,3,1,0,0,0,2
‘ε“c‹ζ“μ—“c‚Q’–Ϊ,15,0,0,0,3,0,0,2,1,0,1,0,0,0,0,1,0,0,0,8,0,0,3,0,0,0,0,1,0,2,2,3,1,1,0,0,1
‘ε“c‹ζ“μ—“c‚R’–Ϊ,7,0,0,0,0,0,0,0,0,0,0,0,0,0,0,0,0,0,0,5,0,0,3,0,0,0,0,0,0,1,1,2,1,0,0,0,1
‘ε“c‹ζ“μ‹v‚ª΄‚Q’–Ϊ,11,0,0,0,1,0,1,0,0,0,0,0,0,0,0,0,0,0,0,2,0,1,1,0,0,0,0,0,0,0,0,8,2,0,0,0,6
‘ε“c‹ζ“μη‘©‚P’–Ϊ,1,0,0,0,0,0,0,0,0,0,0,0,0,0,0,0,0,0,0,0,0,0,0,0,0,0,0,0,0,0,0,1,1,0,0,0,0
‘ε“c‹ζ“μη‘©‚R’–Ϊ,1,0,0,0,0,0,0,0,0,0,0,0,0,0,0,0,0,0,0,0,0,0,0,0,0,0,0,0,0,0,0,1,1,0,0,0,0
‘ε“c‹ζ“μ”n‚P’–Ϊ,4,0,0,0,1,0,0,0,0,1,0,0,0,0,0,0,0,0,0,1,0,0,0,0,0,0,0,0,0,0,1,2,1,0,0,0,1
‘ε“c‹ζ“μ”n‚Q’–Ϊ,3,0,0,0,0,0,0,0,0,0,0,0,0,0,0,0,0,0,0,2,0,0,2,0,0,0,0,0,0,0,0,1,0,0,0,0,1
‘ε“c‹ζ“μ”n‚R’–Ϊ,2,0,0,0,1,0,1,0,0,0,0,0,0,0,0,0,0,0,0,1,0,0,0,0,0,0,0,0,0,0,1,0,0,0,0,0,0
‘ε“c‹ζ“μ”n‚S’–Ϊ,8,0,0,0,1,0,0,1,0,0,1,0,0,0,0,1,0,0,0,4,0,0,1,0,0,0,0,0,0,1,2,2,2,0,0,0,0
‘ε“c‹ζ“μ”n‚T’–Ϊ,1,0,0,0,0,0,0,0,0,0,0,0,0,0,0,0,0,0,0,1,0,0,0,0,0,0,0,0,0,0,1,0,0,0,0,0,0
‘ε“c‹ζ“μ”n‚U’–Ϊ,6,0,0,0,0,0,0,0,0,0,0,0,0,0,0,0,0,0,0,2,0,0,1,0,0,0,0,0,0,0,1,4,2,0,0,0,2
‘ε“c‹ζ“μα’J‚P’–Ϊ,3,0,0,0,0,0,0,0,0,0,0,0,0,0,0,0,0,0,0,0,0,0,0,0,0,0,0,0,0,0,0,3,3,0,0,0,0
‘ε“c‹ζ“μα’J‚Q’–Ϊ,11,1,1,0,1,0,1,0,0,0,0,0,0,0,0,0,0,0,0,4,0,0,3,0,0,0,0,0,0,0,1,5,0,1,0,0,4
‘ε“c‹ζ“μα’J‚R’–Ϊ,4,0,0,0,2,0,2,0,0,0,0,0,0,0,0,0,0,0,0,1,0,0,1,0,0,0,0,0,0,0,0,1,1,0,0,0,0
‘ε“c‹ζ“μα’J‚S’–Ϊ,2,0,0,0,1,0,0,0,1,0,0,0,0,0,0,0,0,0,0,1,0,0,1,0,0,0,0,0,0,0,0,0,0,0,0,0,0
‘ε“c‹ζ“μα’J‚T’–Ϊ,6,0,0,0,0,0,0,0,0,0,0,0,0,0,0,0,0,0,0,0,0,0,0,0,0,0,0,0,0,0,0,6,2,1,0,0,3
‘ε“c‹ζ“μZ‹½‚P’–Ϊ,9,0,0,0,0,0,0,0,0,0,0,0,0,0,0,0,0,0,0,6,0,1,5,0,0,0,0,0,0,0,0,3,3,0,0,0,0
‘ε“c‹ζ“μZ‹½‚Q’–Ϊ,16,0,0,0,0,0,0,0,0,0,0,0,0,0,0,0,0,0,0,10,0,0,3,1,0,0,0,0,0,3,3,6,3,0,0,0,3
‘ε“c‹ζ“μZ‹½‚R’–Ϊ,4,0,0,0,0,0,0,0,0,0,0,0,0,0,0,0,0,0,0,3,0,0,1,0,0,0,0,0,0,0,2,1,0,0,0,0,1
‘ε“c‹ζ–ξϋ‚P’–Ϊ,15,0,0,0,1,0,1,0,0,0,0,0,0,0,0,0,0,0,0,9,0,1,4,0,0,0,0,0,0,1,3,5,3,0,1,0,1
‘ε“c‹ζ–ξϋ‚Q’–Ϊ,14,1,0,1,2,0,1,0,0,1,0,0,0,0,0,0,0,0,0,6,0,0,3,1,0,0,0,0,0,0,2,5,3,0,0,0,2
‘ε“c‹ζ–ξϋ‚R’–Ϊ,3,0,0,0,0,0,0,0,0,0,0,0,0,0,0,0,0,0,0,0,0,0,0,0,0,0,0,0,0,0,0,3,2,0,0,0,1
‘ε“c‹ζα’J‘ε’Λ’¬,3,0,0,0,0,0,0,0,0,0,0,0,0,0,0,0,0,0,0,0,0,0,0,0,0,0,0,0,0,0,0,3,1,1,0,0,1
‘ε“c‹ζv,1959,24,8,16,175,0,88,70,10,7,43,0,3,2,5,16,1,0,16,1152,1,34,517,59,1,8,15,3,11,230,273,565,256,55,10,4,240
Ά“c’J‹ζΤ’η‚P’–Ϊ,10,0,0,0,2,0,1,1,0,0,0,0,0,0,0,0,0,0,0,4,0,1,3,0,0,0,0,0,0,0,0,4,1,0,0,0,3
Ά“c’J‹ζΤ’η‚Q’–Ϊ,3,0,0,0,0,0,0,0,0,0,0,0,0,0,0,0,0,0,0,2,0,0,0,0,0,0,0,0,0,0,2,1,0,0,0,0,1
Ά“c’J‹ζΤ’η‚R’–Ϊ,7,0,0,0,0,0,0,0,0,0,0,0,0,0,0,0,0,0,0,6,0,0,4,0,0,0,0,0,0,2,0,1,1,0,0,0,0
Ά“c’J‹ζΤ’η‚S’–Ϊ,13,0,0,0,0,0,0,0,0,0,0,0,0,0,0,0,0,0,0,9,0,0,4,0,0,0,0,0,0,2,3,4,2,0,0,0,2
Ά“c’J‹ζΤ’η‚T’–Ϊ,6,0,0,0,1,0,0,0,1,0,0,0,0,0,0,0,0,0,0,4,0,0,3,0,0,0,0,0,0,0,1,1,1,0,0,0,0
Ά“c’J‹ζ’rK‚P’–Ϊ,5,0,0,0,0,0,0,0,0,0,0,0,0,0,0,0,0,0,0,1,0,0,1,0,0,0,0,0,0,0,0,4,0,1,0,0,3
Ά“c’J‹ζ’rK‚Q’–Ϊ,13,0,0,0,1,0,0,1,0,0,0,0,0,0,0,0,0,0,0,8,0,1,3,0,0,0,0,0,0,0,4,4,2,0,1,0,1
Ά“c’J‹ζ’rK‚R’–Ϊ,20,0,0,0,1,0,0,1,0,0,1,0,0,0,0,1,0,0,0,8,0,0,3,0,0,0,0,0,0,3,2,10,3,1,2,0,4
Ά“c’J‹ζ’rK‚S’–Ϊ,2,0,0,0,0,0,0,0,0,0,0,0,0,0,0,0,0,0,0,2,0,0,1,0,0,0,0,0,0,0,1,0,0,0,0,0,0
Ά“c’J‹ζ‰F“ήª‚P’–Ϊ,1,0,0,0,0,0,0,0,0,0,0,0,0,0,0,0,0,0,0,1,0,0,1,0,0,0,0,0,0,0,0,0,0,0,0,0,0
Ά“c’J‹ζ‰F“ήª‚Q’–Ϊ,4,0,0,0,0,0,0,0,0,0,0,0,0,0,0,0,0,0,0,1,0,0,1,0,0,0,0,0,0,0,0,3,1,0,0,0,2
Ά“c’J‹ζ”~‹u‚P’–Ϊ,13,0,0,0,2,0,1,0,1,0,0,0,0,0,0,0,0,0,0,7,0,0,4,0,0,0,0,0,0,2,1,4,1,0,0,0,3
Ά“c’J‹ζ”~‹u‚Q’–Ϊ,11,0,0,0,1,0,0,0,1,0,0,0,0,0,0,0,0,0,0,6,0,0,1,0,0,0,0,0,0,4,1,4,1,1,0,0,2
Ά“c’J‹ζ”~‹u‚R’–Ϊ,3,0,0,0,0,0,0,0,0,0,0,0,0,0,0,0,0,0,0,0,0,0,0,0,0,0,0,0,0,0,0,3,0,0,0,0,3
Ά“c’J‹ζ‘ε‘ ‚P’–Ϊ,4,0,0,0,0,0,0,0,0,0,0,0,0,0,0,0,0,0,0,2,0,0,2,0,0,0,0,0,0,0,0,2,2,0,0,0,0
Ά“c’J‹ζ‘ε‘ ‚Q’–Ϊ,7,0,0,0,0,0,0,0,0,0,0,0,0,0,0,0,0,0,0,7,0,0,4,0,0,0,0,0,1,0,2,0,0,0,0,0,0
Ά“c’J‹ζ‘ε‘ ‚R’–Ϊ,2,0,0,0,0,0,0,0,0,0,0,0,0,0,0,0,0,0,0,2,0,1,1,0,0,0,0,0,0,0,0,0,0,0,0,0,0
Ά“c’J‹ζ‘ε‘ ‚S’–Ϊ,6,0,0,0,0,0,0,0,0,0,0,0,0,0,0,0,0,0,0,3,0,0,1,1,0,0,0,0,0,0,1,3,1,0,0,0,2
Ά“c’J‹ζ‘ε‘ ‚T’–Ϊ,2,0,0,0,0,0,0,0,0,0,0,0,0,0,0,0,0,0,0,0,0,0,0,0,0,0,0,0,0,0,0,2,2,0,0,0,0
Ά“c’J‹ζ‘ε‘ ‚U’–Ϊ,1,0,0,0,0,0,0,0,0,0,0,0,0,0,0,0,0,0,0,1,0,0,1,0,0,0,0,0,0,0,0,0,0,0,0,0,0
Ά“c’J‹ζ‘ε΄‚P’–Ϊ,12,0,0,0,0,0,0,0,0,0,0,0,0,0,0,0,0,0,0,4,0,1,3,0,0,0,0,0,0,0,0,8,3,3,0,0,2
Ά“c’J‹ζ‘ε΄‚Q’–Ϊ,9,0,0,0,0,0,0,0,0,0,0,0,0,0,0,0,0,0,0,6,0,0,2,0,0,0,0,0,0,1,3,3,3,0,0,0,0
Ά“c’J‹ζ‰ª–{‚P’–Ϊ,6,0,0,0,0,0,0,0,0,0,0,0,0,0,0,0,0,0,0,4,0,0,1,2,0,0,0,0,0,0,1,2,2,0,0,0,0
Ά“c’J‹ζ‰ª–{‚Q’–Ϊ,4,0,0,0,0,0,0,0,0,0,0,0,0,0,0,0,0,0,0,2,0,0,2,0,0,0,0,0,0,0,0,2,1,0,0,0,1
Ά“c’J‹ζ‰ª–{‚R’–Ϊ,4,0,0,0,1,0,1,0,0,0,0,0,0,0,0,0,0,0,0,0,0,0,0,0,0,0,0,0,0,0,0,3,0,0,0,0,3
Ά“c’J‹ζ‰‘ς‚P’–Ϊ,4,0,0,0,0,0,0,0,0,0,0,0,0,0,0,0,0,0,0,0,0,0,0,0,0,0,0,0,0,0,0,4,4,0,0,0,0
Ά“c’J‹ζ‰‘ς‚Q’–Ϊ,9,1,0,1,1,0,0,1,0,0,0,0,0,0,0,0,0,0,0,2,0,0,0,0,0,0,1,0,0,0,1,5,3,0,0,0,2
Ά“c’J‹ζ‰‘ς‚R’–Ϊ,6,0,0,0,1,0,0,1,0,0,0,0,0,0,0,0,0,0,0,4,0,0,3,0,0,0,0,0,0,0,1,1,1,0,0,0,0
Ά“c’J‹ζ‰‘ς‚S’–Ϊ,2,0,0,0,0,0,0,0,0,0,0,0,0,0,0,0,0,0,0,1,0,0,0,0,0,0,0,0,0,0,1,1,1,0,0,0,0
Ά“c’J‹ζ‰‘ς‚T’–Ϊ,11,0,0,0,0,0,0,0,0,0,0,0,0,0,0,0,0,0,0,5,0,1,1,1,0,0,0,0,0,2,0,6,3,0,1,0,2
Ά“c’J‹ζ‰‘ς‚U’–Ϊ,2,0,0,0,0,0,0,0,0,0,0,0,0,0,0,0,0,0,0,2,0,0,1,0,0,0,0,0,0,0,1,0,0,0,0,0,0
Ά“c’J‹ζ‰‘ς‚V’–Ϊ,6,0,0,0,0,0,0,0,0,0,0,0,0,0,0,0,0,0,0,5,0,2,1,0,0,0,0,0,0,1,1,1,0,0,0,0,1
Ά“c’J‹ζ”φR‘δ‚P’–Ϊ,1,0,0,0,0,0,0,0,0,0,0,0,0,0,0,0,0,0,0,0,0,0,0,0,0,0,0,0,0,0,0,1,0,0,0,0,1
Ά“c’J‹ζ”φR‘δ‚Q’–Ϊ,7,0,0,0,0,0,0,0,0,0,0,0,0,0,0,0,0,0,0,4,0,0,1,0,0,0,0,0,0,1,2,3,2,1,0,0,0
Ά“c’J‹ζ”φR‘δ‚R’–Ϊ,5,0,0,0,1,0,1,0,0,0,0,0,0,0,0,0,0,0,0,1,0,0,0,0,0,0,0,0,0,0,1,3,2,1,0,0,0
Ά“c’J‹ζ””’J‚P’–Ϊ,6,0,0,0,0,0,0,0,0,0,0,0,0,0,0,0,0,0,0,5,0,0,1,0,0,0,0,0,0,3,1,1,1,0,0,0,0
Ά“c’J‹ζ””’J‚Q’–Ϊ,2,0,0,0,1,0,0,1,0,0,0,0,0,0,0,0,0,0,0,1,0,0,1,0,0,0,0,0,0,0,0,0,0,0,0,0,0
Ά“c’J‹ζ””’J‚R’–Ϊ,8,0,0,0,0,0,0,0,0,0,1,0,0,0,0,1,0,0,0,5,0,0,1,0,0,0,0,0,0,0,4,2,0,0,0,0,2
Ά“c’J‹ζ””’J‚S’–Ϊ,1,0,0,0,0,0,0,0,0,0,0,0,0,0,0,0,0,0,0,0,0,0,0,0,0,0,0,0,0,0,0,1,1,0,0,0,0
Ά“c’J‹ζ™“c‚P’–Ϊ,4,0,0,0,1,0,1,0,0,0,0,0,0,0,0,0,0,0,0,2,0,0,1,0,0,0,0,0,0,0,1,1,0,0,0,0,1
Ά“c’J‹ζ™“c‚Q’–Ϊ,2,1,0,1,0,0,0,0,0,0,0,0,0,0,0,0,0,0,0,1,0,0,1,0,0,0,0,0,0,0,0,0,0,0,0,0,0
Ά“c’J‹ζ™“c‚R’–Ϊ,5,0,0,0,0,0,0,0,0,0,0,0,0,0,0,0,0,0,0,5,0,0,4,0,0,0,0,0,0,1,0,0,0,0,0,0,0
Ά“c’J‹ζ™“c‚S’–Ϊ,4,0,0,0,0,0,0,0,0,0,0,0,0,0,0,0,0,0,0,2,0,0,1,0,0,0,0,0,0,0,1,2,0,0,0,0,2
Ά“c’J‹ζγ”n‚P’–Ϊ,6,0,0,0,2,0,1,1,0,0,0,0,0,0,0,0,0,0,0,2,0,0,1,0,0,0,0,0,0,0,1,2,1,0,0,0,1
Ά“c’J‹ζγ”n‚Q’–Ϊ,6,1,1,0,0,0,0,0,0,0,0,0,0,0,0,0,0,0,0,2,0,0,1,0,0,0,0,0,0,0,1,3,3,0,0,0,0
Ά“c’J‹ζγ”n‚R’–Ϊ,11,0,0,0,0,0,0,0,0,0,0,0,0,0,0,0,0,0,0,9,0,0,6,0,0,0,0,0,0,3,0,2,0,0,0,0,2
Ά“c’J‹ζγ”n‚S’–Ϊ,18,1,0,1,4,0,3,1,0,0,0,0,0,0,0,0,0,0,0,10,0,1,6,0,0,0,1,0,0,0,2,3,2,1,0,0,0
Ά“c’J‹ζγ”n‚T’–Ϊ,6,0,0,0,1,0,0,0,1,0,0,0,0,0,0,0,0,0,0,3,0,0,2,0,0,0,0,0,0,1,0,2,1,0,0,0,1
Ά“c’J‹ζγ–k‘ς‚P’–Ϊ,5,0,0,0,0,0,0,0,0,0,0,0,0,0,0,0,0,0,0,1,0,0,1,0,0,0,0,0,0,0,0,4,4,0,0,0,0
Ά“c’J‹ζγ–k‘ς‚Q’–Ϊ,3,0,0,0,0,0,0,0,0,0,1,0,1,0,0,0,0,0,0,1,0,0,0,0,0,0,0,0,1,0,0,1,0,1,0,0,0
Ά“c’J‹ζγ–k‘ς‚R’–Ϊ,6,0,0,0,1,0,0,1,0,0,0,0,0,0,0,0,0,0,0,1,0,0,0,1,0,0,0,0,0,0,0,4,3,0,0,0,1
Ά“c’J‹ζγ–k‘ς‚S’–Ϊ,17,0,0,0,1,0,0,0,1,0,0,0,0,0,0,0,0,0,0,14,0,0,8,4,0,0,0,0,1,0,1,2,2,0,0,0,0
Ά“c’J‹ζγ–k‘ς‚T’–Ϊ,10,0,0,0,1,0,0,1,0,0,0,0,0,0,0,0,0,0,0,6,0,0,4,0,0,0,0,0,0,0,2,3,1,0,0,0,2
Ά“c’J‹ζγ‘ct’J‚P’–Ϊ,6,0,0,0,1,0,1,0,0,0,0,0,0,0,0,0,0,0,0,2,0,0,1,0,0,0,0,0,0,0,1,3,1,0,0,0,2
Ά“c’J‹ζγ‘ct’J‚Q’–Ϊ,4,0,0,0,0,0,0,0,0,0,0,0,0,0,0,0,0,0,0,3,0,0,3,0,0,0,0,0,0,0,0,1,1,0,0,0,0
Ά“c’J‹ζγ‘ct’J‚R’–Ϊ,2,0,0,0,0,0,0,0,0,0,1,0,0,0,0,0,0,0,1,0,0,0,0,0,0,0,0,0,0,0,0,1,1,0,0,0,0
Ά“c’J‹ζγ‘ct’J‚S’–Ϊ,7,0,0,0,0,0,0,0,0,0,0,0,0,0,0,0,0,0,0,6,0,0,6,0,0,0,0,0,0,0,0,1,0,0,0,0,1
Ά“c’J‹ζγ‘ct’J‚T’–Ϊ,3,0,0,0,0,0,0,0,0,0,0,0,0,0,0,0,0,0,0,2,0,0,2,0,0,0,0,0,0,0,0,1,1,0,0,0,0
Ά“c’J‹ζγ–μ–Ρ‚P’–Ϊ,10,0,0,0,0,0,0,0,0,0,0,0,0,0,0,0,0,0,0,3,0,0,1,0,0,0,0,0,0,0,2,7,3,0,1,0,3
Ά“c’J‹ζγ–μ–Ρ‚Q’–Ϊ,3,0,0,0,1,0,1,0,0,0,0,0,0,0,0,0,0,0,0,1,0,0,1,0,0,0,0,0,0,0,0,1,0,0,0,0,1
Ά“c’J‹ζγ–μ–Ρ‚S’–Ϊ,3,0,0,0,0,0,0,0,0,0,0,0,0,0,0,0,0,0,0,1,0,0,1,0,0,0,0,0,0,0,0,2,1,0,1,0,0
Ά“c’J‹ζγ—p‰κ‚P’–Ϊ,2,0,0,0,0,0,0,0,0,0,0,0,0,0,0,0,0,0,0,1,0,0,1,0,0,0,0,0,0,0,0,1,1,0,0,0,0
Ά“c’J‹ζγ—p‰κ‚Q’–Ϊ,10,1,0,1,0,0,0,0,0,0,0,0,0,0,0,0,0,0,0,6,0,0,6,0,0,0,0,0,0,0,0,3,1,0,0,0,2
Ά“c’J‹ζγ—p‰κ‚R’–Ϊ,1,0,0,0,0,0,0,0,0,0,0,0,0,0,0,0,0,0,0,1,0,0,1,0,0,0,0,0,0,0,0,0,0,0,0,0,0
Ά“c’J‹ζγ—p‰κ‚S’–Ϊ,2,0,0,0,0,0,0,0,0,0,0,0,0,0,0,0,0,0,0,2,0,0,1,0,0,0,0,0,0,0,1,0,0,0,0,0,0
Ά“c’J‹ζγ—p‰κ‚T’–Ϊ,1,0,0,0,0,0,0,0,0,0,0,0,0,0,0,0,0,0,0,1,0,0,1,0,0,0,0,0,0,0,0,0,0,0,0,0,0
Ά“c’J‹ζγ—p‰κ‚U’–Ϊ,2,0,0,0,0,0,0,0,0,0,0,0,0,0,0,0,0,0,0,2,0,0,2,0,0,0,0,0,0,0,0,0,0,0,0,0,0
Ά“c’J‹ζ–k‰GR‚P’–Ϊ,4,0,0,0,1,0,1,0,0,0,0,0,0,0,0,0,0,0,0,1,0,0,1,0,0,0,0,0,0,0,0,2,1,0,0,0,1
Ά“c’J‹ζ–k‰GR‚Q’–Ϊ,2,0,0,0,0,0,0,0,0,0,0,0,0,0,0,0,0,0,0,1,0,0,1,0,0,0,0,0,0,0,0,1,1,0,0,0,0
Ά“c’J‹ζ–k‰GR‚R’–Ϊ,7,0,0,0,0,0,0,0,0,0,1,0,0,0,0,1,0,0,0,6,0,0,3,0,0,0,0,0,0,2,1,0,0,0,0,0,0
Ά“c’J‹ζ–k‰GR‚S’–Ϊ,2,0,0,0,0,0,0,0,0,0,0,0,0,0,0,0,0,0,0,2,0,0,1,0,0,0,0,0,0,0,1,0,0,0,0,0,0
Ά“c’J‹ζ–k‰GR‚T’–Ϊ,3,0,0,0,1,0,1,0,0,0,0,0,0,0,0,0,0,0,0,1,0,0,0,0,0,0,0,0,0,0,1,1,1,0,0,0,0
Ά“c’J‹ζ–k‰GR‚U’–Ϊ,10,0,0,0,2,0,2,0,0,0,0,0,0,0,0,0,0,0,0,5,0,0,4,0,0,0,0,0,0,0,1,3,1,0,0,0,2
Ά“c’J‹ζ–k‰GR‚V’–Ϊ,2,0,0,0,0,0,0,0,0,0,0,0,0,0,0,0,0,0,0,1,0,0,1,0,0,0,0,0,0,0,0,1,1,0,0,0,0
Ά“c’J‹ζ–k‰GR‚W’–Ϊ,2,0,0,0,0,0,0,0,0,0,0,0,0,0,0,0,0,0,0,1,0,0,1,0,0,0,0,0,0,0,0,1,1,0,0,0,0
Ά“c’J‹ζ–k‰GR‚X’–Ϊ,4,0,0,0,0,0,0,0,0,0,0,0,0,0,0,0,0,0,0,4,0,0,3,0,0,0,0,0,0,1,0,0,0,0,0,0,0
Ά“c’J‹ζ–k‘ς‚P’–Ϊ,11,0,0,0,1,0,0,1,0,0,0,0,0,0,0,0,0,0,0,6,0,0,4,0,0,0,0,0,0,1,1,4,1,0,0,0,3
Ά“c’J‹ζ–k‘ς‚Q’–Ϊ,85,0,0,0,5,0,3,2,0,0,2,0,0,0,2,0,0,0,0,57,0,0,19,1,0,0,1,0,1,24,11,21,1,3,0,0,17
Ά“c’J‹ζ–k‘ς‚R’–Ϊ,14,1,1,0,0,0,0,0,0,0,0,0,0,0,0,0,0,0,0,5,0,0,1,0,0,0,0,0,1,2,1,8,4,0,0,0,4
Ά“c’J‹ζ–k‘ς‚S’–Ϊ,3,0,0,0,0,0,0,0,0,0,0,0,0,0,0,0,0,0,0,1,0,0,1,0,0,0,0,0,0,0,0,2,1,0,0,0,1
Ά“c’J‹ζ–k‘ς‚T’–Ϊ,4,0,0,0,0,0,0,0,0,0,0,0,0,0,0,0,0,0,0,3,0,0,2,0,0,0,0,0,0,0,1,1,0,0,0,0,1
Ά“c’J‹ζμ‘½©‚P’–Ϊ,4,0,0,0,0,0,0,0,0,0,0,0,0,0,0,0,0,0,0,2,0,1,0,1,0,0,0,0,0,0,0,2,0,0,0,0,2
Ά“c’J‹ζμ‘½©‚Q’–Ϊ,2,0,0,0,0,0,0,0,0,0,0,0,0,0,0,0,0,0,0,1,0,0,1,0,0,0,0,0,0,0,0,1,1,0,0,0,0
Ά“c’J‹ζμ‘½©‚R’–Ϊ,3,0,0,0,0,0,0,0,0,0,0,0,0,0,0,0,0,0,0,3,0,0,0,0,0,0,0,0,0,0,3,0,0,0,0,0,0
Ά“c’J‹ζμ‘½©‚S’–Ϊ,1,0,0,0,0,0,0,0,0,0,0,0,0,0,0,0,0,0,0,1,0,0,0,0,0,0,0,0,0,0,1,0,0,0,0,0,0
Ά“c’J‹ζμ‘½©‚T’–Ϊ,6,0,0,0,0,0,0,0,0,0,0,0,0,0,0,0,0,0,0,4,0,0,4,0,0,0,0,0,0,0,0,2,1,0,0,0,1
Ά“c’J‹ζμ‘½©‚U’–Ϊ,1,0,0,0,0,0,0,0,0,0,0,0,0,0,0,0,0,0,0,1,0,0,0,0,0,0,0,0,0,0,1,0,0,0,0,0,0
Ά“c’J‹ζμ‘½©‚V’–Ϊ,4,0,0,0,0,0,0,0,0,0,0,0,0,0,0,0,0,0,0,3,0,0,0,1,0,1,0,0,0,0,1,1,1,0,0,0,0
Ά“c’J‹ζμ‘½©‚W’–Ϊ,15,0,0,0,0,0,0,0,0,0,0,0,0,0,0,0,0,0,0,11,0,0,11,0,0,0,0,0,0,0,0,4,0,2,0,0,2
Ά“c’J‹ζμ‘½©‚X’–Ϊ,4,0,0,0,0,0,0,0,0,0,0,0,0,0,0,0,0,0,0,4,0,0,3,0,0,0,0,0,0,0,1,0,0,0,0,0,0
Ά“c’J‹ζ‹m‚P’–Ϊ,7,0,0,0,0,0,0,0,0,0,0,0,0,0,0,0,0,0,0,6,0,0,5,0,0,0,0,0,0,1,0,1,0,0,0,0,1
Ά“c’J‹ζ‹m‚Q’–Ϊ,10,0,0,0,1,0,0,1,0,0,0,0,0,0,0,0,0,0,0,2,0,0,2,0,0,0,0,0,0,0,0,7,4,0,0,0,3
Ά“c’J‹ζ‹m‚R’–Ϊ,3,0,0,0,0,0,0,0,0,0,0,0,0,0,0,0,0,0,0,1,0,0,0,0,0,0,0,0,0,1,0,2,2,0,0,0,0
Ά“c’J‹ζ‹m‚S’–Ϊ,5,1,0,1,0,0,0,0,0,0,0,0,0,0,0,0,0,0,0,1,0,0,1,0,0,0,0,0,0,0,0,3,1,0,0,0,2
Ά“c’J‹ζ‹m‚T’–Ϊ,8,0,0,0,0,0,0,0,0,0,0,0,0,0,0,0,0,0,0,5,0,0,3,0,0,0,0,0,0,1,1,3,2,0,0,0,1
Ά“c’J‹ζ‹m‚U’–Ϊ,6,0,0,0,1,0,1,0,0,0,0,0,0,0,0,0,0,0,0,3,0,0,1,0,0,0,0,0,0,0,2,2,2,0,0,0,0
Ά“c’J‹ζ‹m‚W’–Ϊ,8,0,0,0,0,0,0,0,0,0,0,0,0,0,0,0,0,0,0,5,0,0,3,0,0,0,0,0,1,1,0,3,3,0,0,0,0
Ά“c’J‹ζ‹mφ‰€,6,0,0,0,0,0,0,0,0,0,0,0,0,0,0,0,0,0,0,6,0,0,4,2,0,0,0,0,0,0,0,0,0,0,0,0,0
Ά“c’J‹ζ‹‹“c‚P’–Ϊ,4,0,0,0,0,0,0,0,0,0,0,0,0,0,0,0,0,0,0,2,0,0,1,0,0,0,0,0,0,0,1,2,1,0,0,0,1
Ά“c’J‹ζ‹‹“c‚Q’–Ϊ,1,0,0,0,0,0,0,0,0,0,0,0,0,0,0,0,0,0,0,1,0,0,1,0,0,0,0,0,0,0,0,0,0,0,0,0,0
Ά“c’J‹ζ‹‹“c‚R’–Ϊ,6,0,0,0,2,0,1,1,0,0,0,0,0,0,0,0,0,0,0,1,0,0,1,0,0,0,0,0,0,0,0,3,3,0,0,0,0
Ά“c’J‹ζ‹‹“c‚S’–Ϊ,2,0,0,0,0,0,0,0,0,0,0,0,0,0,0,0,0,0,0,1,0,0,1,0,0,0,0,0,0,0,0,1,1,0,0,0,0
Ά“c’J‹ζ‹‹“c‚T’–Ϊ,6,0,0,0,0,0,0,0,0,0,0,0,0,0,0,0,0,0,0,4,0,0,4,0,0,0,0,0,0,0,0,2,0,0,0,0,2
Ά“c’J‹ζo“°‚P’–Ϊ,28,1,0,1,1,0,0,1,0,0,0,0,0,0,0,0,0,0,0,20,0,0,16,1,0,0,0,0,1,0,2,6,1,2,0,0,3
Ά“c’J‹ζo“°‚Q’–Ϊ,38,1,0,1,4,0,4,0,0,0,0,0,0,0,0,0,0,0,0,31,0,0,14,0,0,0,0,0,0,12,5,2,0,0,1,0,1
Ά“c’J‹ζo“°‚R’–Ϊ,5,0,0,0,0,0,0,0,0,0,0,0,0,0,0,0,0,0,0,3,0,0,2,0,0,0,0,0,0,0,1,2,1,0,0,0,1
Ά“c’J‹ζo“°‚S’–Ϊ,14,0,0,0,1,0,1,0,0,0,1,0,0,0,0,1,0,0,0,9,0,0,4,0,0,0,0,0,0,1,4,3,1,2,0,0,0
Ά“c’J‹ζo“°‚T’–Ϊ,9,0,0,0,0,0,0,0,0,0,0,0,0,0,0,0,0,0,0,4,0,0,2,0,0,0,0,0,0,1,1,5,1,1,0,0,3
Ά“c’J‹ζ‹ξ‘ς‚P’–Ϊ,14,0,0,0,0,0,0,0,0,0,0,0,0,0,0,0,0,0,0,11,0,0,9,0,0,0,0,0,0,2,0,3,2,0,0,0,1
Ά“c’J‹ζ‹ξ‘ς‚Q’–Ϊ,16,0,0,0,2,0,2,0,0,0,0,0,0,0,0,0,0,0,0,10,0,0,7,0,0,0,0,0,0,2,1,4,1,0,0,0,3
Ά“c’J‹ζ‹ξ‘ς‚R’–Ϊ,2,0,0,0,1,0,1,0,0,0,0,0,0,0,0,0,0,0,0,0,0,0,0,0,0,0,0,0,0,0,0,1,1,0,0,0,0
Ά“c’J‹ζ‹ξ‘ς‚S’–Ϊ,5,0,0,0,0,0,0,0,0,0,1,0,0,0,0,0,1,0,0,2,0,0,2,0,0,0,0,0,0,0,0,2,1,0,0,0,1
Ά“c’J‹ζ‹ξ‘ς‚T’–Ϊ,1,0,0,0,0,0,0,0,0,0,0,0,0,0,0,0,0,0,0,1,0,0,1,0,0,0,0,0,0,0,0,0,0,0,0,0,0
Ά“c’J‹ζ‹ξ‘ςφ‰€,9,0,0,0,1,0,1,0,0,0,0,0,0,0,0,0,0,0,0,6,0,1,2,0,0,0,0,0,0,0,3,2,0,1,0,0,1
Ά“c’J‹ζ‹“Ώ›‚P’–Ϊ,20,0,0,0,1,0,0,1,0,0,2,0,0,0,1,0,1,0,0,11,0,1,3,0,0,0,0,0,0,5,2,6,5,0,0,0,1
Ά“c’J‹ζ‹“Ώ›‚Q’–Ϊ,4,0,0,0,1,0,1,0,0,0,0,0,0,0,0,0,0,0,0,1,0,0,1,0,0,0,0,0,0,0,0,2,0,0,0,0,2
Ά“c’J‹ζχ‚P’–Ϊ,8,0,0,0,2,0,0,2,0,0,0,0,0,0,0,0,0,0,0,2,0,0,2,0,0,0,0,0,0,0,0,4,3,0,0,0,1
Ά“c’J‹ζχ‚Q’–Ϊ,6,0,0,0,0,0,0,0,0,0,0,0,0,0,0,0,0,0,0,5,0,0,5,0,0,0,0,0,0,0,0,1,0,0,0,0,1
Ά“c’J‹ζχ‚R’–Ϊ,6,0,0,0,1,0,0,1,0,0,0,0,0,0,0,0,0,0,0,3,0,0,3,0,0,0,0,0,0,0,0,2,1,0,0,0,1
Ά“c’J‹ζχ‹u‚P’–Ϊ,8,0,0,0,0,0,0,0,0,0,7,0,7,0,0,0,0,0,0,0,0,0,0,0,0,0,0,0,0,0,0,1,0,0,0,0,1
Ά“c’J‹ζχ‹u‚Q’–Ϊ,6,0,0,0,0,0,0,0,0,0,1,0,0,0,0,1,0,0,0,3,0,0,2,0,0,0,0,0,0,0,1,2,0,0,0,0,2
Ά“c’J‹ζχ‹u‚R’–Ϊ,10,0,0,0,0,0,0,0,0,0,1,0,0,0,0,1,0,0,0,7,0,0,6,1,0,0,0,0,0,0,0,2,2,0,0,0,0
Ά“c’J‹ζχ‹u‚S’–Ϊ,4,0,0,0,0,0,0,0,0,0,0,0,0,0,0,0,0,0,0,4,0,0,1,0,0,0,0,0,0,2,1,0,0,0,0,0,0
Ά“c’J‹ζχ‹u‚T’–Ϊ,13,0,0,0,0,0,0,0,0,0,0,0,0,0,0,0,0,0,0,9,0,0,7,0,0,0,0,0,0,0,2,4,4,0,0,0,0
Ά“c’J‹ζχV’¬‚P’–Ϊ,10,0,0,0,2,0,0,1,1,0,0,0,0,0,0,0,0,0,0,4,0,0,4,0,0,0,0,0,0,0,0,4,1,0,1,0,2
Ά“c’J‹ζχV’¬‚Q’–Ϊ,23,1,0,1,2,0,0,1,1,0,0,0,0,0,0,0,0,0,0,11,0,0,8,0,0,0,0,0,0,2,1,9,2,0,0,0,7
Ά“c’J‹ζχγ…‚P’–Ϊ,4,0,0,0,1,0,0,0,1,0,0,0,0,0,0,0,0,0,0,2,0,0,1,0,0,0,0,0,0,0,1,1,1,0,0,0,0
Ά“c’J‹ζχγ…‚Q’–Ϊ,1,0,0,0,0,0,0,0,0,0,0,0,0,0,0,0,0,0,0,1,0,0,1,0,0,0,0,0,0,0,0,0,0,0,0,0,0
Ά“c’J‹ζχγ…‚R’–Ϊ,3,0,0,0,0,0,0,0,0,0,0,0,0,0,0,0,0,0,0,2,0,0,1,0,0,0,0,0,0,0,1,1,0,0,0,0,1
Ά“c’J‹ζχγ…‚S’–Ϊ,13,0,0,0,0,0,0,0,0,0,2,0,0,0,0,1,0,0,1,8,0,0,6,0,0,0,0,0,0,1,1,3,1,0,0,0,2
Ά“c’J‹ζχγ…‚T’–Ϊ,7,1,0,1,1,0,0,1,0,0,0,0,0,0,0,0,0,0,0,4,0,0,4,0,0,0,0,0,0,0,0,1,1,0,0,0,0
Ά“c’J‹ζO¬’ƒ‰®‚P’–Ϊ,39,1,1,0,4,0,2,1,0,1,2,0,0,0,2,0,0,0,0,18,0,1,9,0,0,0,0,0,1,5,2,14,4,1,0,0,9
Ά“c’J‹ζO¬’ƒ‰®‚Q’–Ϊ,42,1,0,1,5,0,3,2,0,0,1,0,0,0,1,0,0,0,0,23,0,0,14,0,0,0,0,0,1,3,5,12,2,0,4,0,6
Ά“c’J‹ζ‰Ί”n‚P’–Ϊ,8,0,0,0,1,0,0,0,1,0,0,0,0,0,0,0,0,0,0,5,0,0,3,1,0,0,0,0,0,0,1,2,1,0,0,0,1
Ά“c’J‹ζ‰Ί”n‚Q’–Ϊ,13,0,0,0,1,0,1,0,0,0,0,0,0,0,0,0,0,0,0,6,0,0,2,1,0,0,0,0,0,0,3,6,1,2,0,0,3
Ά“c’J‹ζ‰Ί”n‚R’–Ϊ,8,0,0,0,0,0,0,0,0,0,0,0,0,0,0,0,0,0,0,2,0,0,2,0,0,0,0,0,0,0,0,6,2,0,0,0,4
Ά“c’J‹ζ‰Ί”n‚S’–Ϊ,4,0,0,0,0,0,0,0,0,0,0,0,0,0,0,0,0,0,0,3,0,0,2,0,0,0,0,0,0,0,1,1,0,0,0,0,1
Ά“c’J‹ζ‰Ί”n‚T’–Ϊ,5,1,0,1,0,0,0,0,0,0,1,0,0,0,0,1,0,0,0,1,0,0,1,0,0,0,0,0,0,0,0,2,1,0,0,0,1
Ά“c’J‹ζ‰Ί”n‚U’–Ϊ,3,0,0,0,0,0,0,0,0,0,0,0,0,0,0,0,0,0,0,2,0,0,2,0,0,0,0,0,0,0,0,1,0,0,0,0,1
Ά“c’J‹ζV’¬‚P’–Ϊ,5,0,0,0,1,0,1,0,0,0,1,0,0,0,0,1,0,0,0,1,0,0,1,0,0,0,0,0,0,0,0,2,2,0,0,0,0
Ά“c’J‹ζV’¬‚Q’–Ϊ,3,0,0,0,0,0,0,0,0,0,0,0,0,0,0,0,0,0,0,2,1,0,0,0,0,0,0,0,0,0,1,1,1,0,0,0,0
Ά“c’J‹ζV’¬‚R’–Ϊ,3,0,0,0,0,0,0,0,0,0,0,0,0,0,0,0,0,0,0,3,0,0,1,0,0,1,0,0,0,1,0,0,0,0,0,0,0
Ά“c’J‹ζ¬ι‚P’–Ϊ,5,0,0,0,1,0,1,0,0,0,0,0,0,0,0,0,0,0,0,3,0,1,1,0,0,0,0,0,0,1,0,1,1,0,0,0,0
Ά“c’J‹ζ¬ι‚Q’–Ϊ,9,0,0,0,1,0,1,0,0,0,0,0,0,0,0,0,0,0,0,8,0,0,5,0,0,0,0,0,0,0,3,0,0,0,0,0,0
Ά“c’J‹ζ¬ι‚R’–Ϊ,2,0,0,0,0,0,0,0,0,0,0,0,0,0,0,0,0,0,0,1,0,0,1,0,0,0,0,0,0,0,0,1,0,0,0,1,0
Ά“c’J‹ζ¬ι‚S’–Ϊ,5,0,0,0,0,0,0,0,0,0,1,0,0,1,0,0,0,0,0,2,0,0,1,0,0,0,0,0,0,0,1,2,2,0,0,0,0
Ά“c’J‹ζ¬ι‚T’–Ϊ,4,0,0,0,1,0,0,1,0,0,1,0,0,0,0,1,0,0,0,1,0,0,0,0,0,0,0,0,0,1,0,1,1,0,0,0,0
Ά“c’J‹ζ¬ι‚U’–Ϊ,16,0,0,0,3,0,2,1,0,0,2,0,2,0,0,0,0,0,0,8,0,1,2,0,0,0,0,0,1,2,2,3,1,0,0,0,2
Ά“c’J‹ζ¬ι‚V’–Ϊ,4,0,0,0,1,0,0,0,0,1,1,0,0,0,0,0,0,0,1,1,0,0,1,0,0,0,0,0,0,0,0,1,0,0,0,0,1
Ά“c’J‹ζ¬ι‚W’–Ϊ,6,0,0,0,1,0,0,1,0,0,0,0,0,0,0,0,0,0,0,2,0,0,2,0,0,0,0,0,0,0,0,3,2,0,0,0,1
Ά“c’J‹ζ¬ι‚X’–Ϊ,5,0,0,0,0,0,0,0,0,0,0,0,0,0,0,0,0,0,0,2,0,0,2,0,0,0,0,0,0,0,0,3,1,0,0,0,2
Ά“c’J‹ζ£“c‚P’–Ϊ,3,0,0,0,0,0,0,0,0,0,1,0,0,0,0,1,0,0,0,1,0,0,0,0,0,0,0,0,0,0,1,1,0,0,0,0,1
Ά“c’J‹ζ£“c‚Q’–Ϊ,4,0,0,0,0,0,0,0,0,0,0,0,0,0,0,0,0,0,0,2,0,0,2,0,0,0,0,0,0,0,0,2,0,0,0,0,2
Ά“c’J‹ζ£“c‚R’–Ϊ,7,0,0,0,0,0,0,0,0,0,0,0,0,0,0,0,0,0,0,2,0,0,2,0,0,0,0,0,0,0,0,5,2,0,0,0,3
Ά“c’J‹ζ£“c‚S’–Ϊ,7,0,0,0,2,0,1,0,1,0,1,0,0,0,0,1,0,0,0,0,0,0,0,0,0,0,0,0,0,0,0,4,2,1,0,0,1
Ά“c’J‹ζ£“c‚T’–Ϊ,4,0,0,0,0,0,0,0,0,0,1,0,0,0,0,0,0,0,1,1,0,0,1,0,0,0,0,0,0,0,0,2,1,0,0,0,1
Ά“c’J‹ζΆ“c’J‚P’–Ϊ,8,0,0,0,1,0,1,0,0,0,0,0,0,0,0,0,0,0,0,4,0,0,2,0,0,0,0,0,0,0,2,3,1,0,1,0,1
Ά“c’J‹ζΆ“c’J‚Q’–Ϊ,12,0,0,0,0,0,0,0,0,0,0,0,0,0,0,0,0,0,0,7,0,0,1,0,0,0,0,0,3,1,2,5,3,0,0,0,2
Ά“c’J‹ζΆ“c’J‚R’–Ϊ,7,0,0,0,1,0,1,0,0,0,0,0,0,0,0,0,0,0,0,3,0,0,2,0,0,0,0,0,0,1,0,3,2,0,0,0,1
Ά“c’J‹ζΆ“c’J‚S’–Ϊ,3,0,0,0,1,0,1,0,0,0,0,0,0,0,0,0,0,0,0,1,0,0,1,0,0,0,0,0,0,0,0,1,0,0,0,0,1
Ά“c’J‹ζ‘ct’J‚P’–Ϊ,30,0,0,0,4,0,3,1,0,0,0,0,0,0,0,0,0,0,0,23,0,0,5,1,0,0,0,0,0,16,1,3,3,0,0,0,0
Ά“c’J‹ζ‘ct’J‚R’–Ϊ,10,0,0,0,0,0,0,0,0,0,0,0,0,0,0,0,0,0,0,7,0,0,5,0,0,0,0,0,2,0,0,3,0,2,0,0,1
Ά“c’J‹ζ‘ct’J‚S’–Ϊ,11,0,0,0,1,0,1,0,0,0,0,0,0,0,0,0,0,0,0,8,0,0,8,0,0,0,0,0,0,0,0,2,0,0,0,0,2
Ά“c’J‹ζ‘ct’J‚T’–Ϊ,1,0,0,0,0,0,0,0,0,0,0,0,0,0,0,0,0,0,0,1,0,0,1,0,0,0,0,0,0,0,0,0,0,0,0,0,0
Ά“c’J‹ζ‘ct’J‚U’–Ϊ,4,0,0,0,0,0,0,0,0,0,0,0,0,0,0,0,0,0,0,4,0,1,3,0,0,0,0,0,0,0,0,0,0,0,0,0,0
Ά“c’J‹ζ‘Ύq“°‚P’–Ϊ,19,0,0,0,0,0,0,0,0,0,2,0,0,0,0,0,0,0,2,8,0,0,5,0,0,0,0,0,0,2,1,9,5,1,0,0,3
Ά“c’J‹ζ‘Ύq“°‚Q’–Ϊ,29,0,0,0,1,0,1,0,0,0,1,0,0,0,1,0,0,0,0,22,0,1,8,2,0,0,1,0,0,6,4,5,1,0,0,0,4
Ά“c’J‹ζ‘Ύq“°‚R’–Ϊ,8,0,0,0,0,0,0,0,0,0,0,0,0,0,0,0,0,0,0,3,0,0,1,0,0,0,0,0,0,0,2,5,3,0,0,0,2
Ά“c’J‹ζ‘Ύq“°‚S’–Ϊ,59,0,0,0,5,0,2,3,0,0,5,0,0,0,4,0,0,0,1,34,0,0,12,1,0,0,0,0,0,13,8,15,2,2,0,0,11
Ά“c’J‹ζ‘Ύq“°‚T’–Ϊ,8,0,0,0,1,0,0,1,0,0,0,0,0,0,0,0,0,0,0,4,0,0,1,1,0,0,0,0,0,0,2,3,2,1,0,0,0
Ά“c’J‹ζ‹Κμ‚P’–Ϊ,15,0,0,0,1,0,1,0,0,0,0,0,0,0,0,0,0,0,0,4,0,1,1,1,0,0,0,0,0,1,0,10,8,0,1,0,1
Ά“c’J‹ζ‹Κμ‚Q’–Ϊ,34,0,0,0,3,0,3,0,0,0,0,0,0,0,0,0,0,0,0,28,0,0,7,0,0,0,3,0,1,13,4,3,2,0,0,0,1
Ά“c’J‹ζ‹Κμ‚R’–Ϊ,34,0,0,0,2,0,1,1,0,0,0,0,0,0,0,0,0,0,0,28,0,1,6,0,0,0,0,0,0,17,4,4,2,2,0,0,0
Ά“c’J‹ζ‹Κμ‚S’–Ϊ,7,0,0,0,1,0,1,0,0,0,1,0,0,0,0,0,0,0,1,3,0,0,1,1,0,0,0,0,0,1,0,2,1,0,0,0,1
Ά“c’J‹ζ‹Κμ‘δ‚P’–Ϊ,1,0,0,0,0,0,0,0,0,0,0,0,0,0,0,0,0,0,0,0,0,0,0,0,0,0,0,0,0,0,0,1,0,0,0,0,1
Ά“c’J‹ζ‹Κμ‘δ‚Q’–Ϊ,8,1,0,1,0,0,0,0,0,0,1,0,0,0,0,0,0,0,1,5,0,0,1,0,0,0,0,0,1,3,0,1,1,0,0,0,0
Ά“c’J‹ζ‹Κμ“c‰€’²•z‚P’–Ϊ,2,0,0,0,0,0,0,0,0,0,0,0,0,0,0,0,0,0,0,0,0,0,0,0,0,0,0,0,0,0,0,2,2,0,0,0,0
Ά“c’J‹ζ‹Κ’η‚P’–Ϊ,22,1,0,1,0,0,0,0,0,0,0,0,0,0,0,0,0,0,0,14,0,0,4,0,0,0,0,0,0,8,2,7,1,0,0,0,6
Ά“c’J‹ζ‹Κ’η‚Q’–Ϊ,1,0,0,0,0,0,0,0,0,0,0,0,0,0,0,0,0,0,0,1,0,0,0,0,0,0,0,0,0,0,1,0,0,0,0,0,0
Ά“c’J‹ζ‘γ‘ς‚P’–Ϊ,10,0,0,0,1,0,0,0,1,0,0,0,0,0,0,0,0,0,0,5,0,0,2,0,0,0,0,0,0,0,3,4,1,0,0,0,3
Ά“c’J‹ζ‘γ‘ς‚Q’–Ϊ,8,0,0,0,0,0,0,0,0,0,0,0,0,0,0,0,0,0,0,4,0,0,1,0,0,0,0,0,0,0,3,4,1,0,0,0,3
Ά“c’J‹ζ‘γ‘ς‚R’–Ϊ,2,0,0,0,0,0,0,0,0,0,0,0,0,0,0,0,0,0,0,2,0,0,0,0,0,0,0,0,0,0,2,0,0,0,0,0,0
Ά“c’J‹ζ‘γ‘ς‚S’–Ϊ,14,1,0,1,0,0,0,0,0,0,0,0,0,0,0,0,0,0,0,9,0,0,6,0,0,0,0,0,0,0,3,4,2,0,0,0,2
Ά“c’J‹ζ‘γ‘ς‚T’–Ϊ,8,1,1,0,0,0,0,0,0,0,0,0,0,0,0,0,0,0,0,4,0,0,2,0,0,0,0,0,0,2,0,3,1,0,0,0,2
Ά“c’J‹ζ‘γ“c‚P’–Ϊ,6,0,0,0,1,0,1,0,0,0,0,0,0,0,0,0,0,0,0,3,0,0,1,1,0,0,0,0,0,0,1,2,1,0,0,0,1
Ά“c’J‹ζ‘γ“c‚Q’–Ϊ,9,1,1,0,1,0,0,1,0,0,0,0,0,0,0,0,0,0,0,6,0,2,4,0,0,0,0,0,0,0,0,1,0,1,0,0,0
Ά“c’J‹ζ‘γ“c‚R’–Ϊ,17,0,0,0,1,0,1,0,0,0,0,0,0,0,0,0,0,0,0,12,0,0,8,0,0,0,0,0,0,0,4,4,1,1,0,0,2
Ά“c’J‹ζ‘γ“c‚S’–Ϊ,18,0,0,0,0,0,0,0,0,0,0,0,0,0,0,0,0,0,0,15,0,0,3,0,0,0,0,0,0,8,4,3,0,1,0,0,2
Ά“c’J‹ζ‘γ“c‚T’–Ϊ,12,0,0,0,2,0,2,0,0,0,0,0,0,0,0,0,0,0,0,7,0,0,3,0,0,1,0,0,0,2,1,3,1,1,0,0,1
Ά“c’J‹ζ‘γ“c‚U’–Ϊ,8,0,0,0,1,0,1,0,0,0,0,0,0,0,0,0,0,0,0,5,0,0,2,0,0,0,0,0,0,0,3,2,0,0,0,0,2
Ά“c’J‹ζηΞ‘δ‚P’–Ϊ,2,0,0,0,0,0,0,0,0,0,0,0,0,0,0,0,0,0,0,2,0,0,2,0,0,0,0,0,0,0,0,0,0,0,0,0,0
Ά“c’J‹ζηΞ‘δ‚Q’–Ϊ,4,0,0,0,0,0,0,0,0,0,0,0,0,0,0,0,0,0,0,3,0,0,1,0,0,0,0,0,1,0,1,1,1,0,0,0,0
Ά“c’J‹ζηΞ‘δ‚R’–Ϊ,6,0,0,0,0,0,0,0,0,0,0,0,0,0,0,0,0,0,0,3,0,0,2,0,0,0,0,0,0,0,1,3,1,0,0,0,2
Ά“c’J‹ζηΞ‘δ‚S’–Ϊ,3,0,0,0,0,0,0,0,0,0,0,0,0,0,0,0,0,0,0,2,0,1,0,1,0,0,0,0,0,0,0,1,0,0,0,0,1
Ά“c’J‹ζηΞ‘δ‚T’–Ϊ,3,0,0,0,1,0,1,0,0,0,0,0,0,0,0,0,0,0,0,2,0,0,1,0,0,0,0,0,0,1,0,0,0,0,0,0,0
Ά“c’J‹ζηΞ‘δ‚U’–Ϊ,2,0,0,0,0,0,0,0,0,0,0,0,0,0,0,0,0,0,0,1,0,0,0,0,0,0,0,0,0,0,1,1,1,0,0,0,0
Ά“c’J‹ζ·ª‚P’–Ϊ,8,0,0,0,0,0,0,0,0,0,0,0,0,0,0,0,0,0,0,2,0,0,1,0,0,1,0,0,0,0,0,6,2,0,0,0,4
Ά“c’J‹ζ·ª‚Q’–Ϊ,1,0,0,0,0,0,0,0,0,0,0,0,0,0,0,0,0,0,0,0,0,0,0,0,0,0,0,0,0,0,0,1,0,0,0,0,1
Ά“c’J‹ζ·ª‚R’–Ϊ,4,0,0,0,0,0,0,0,0,0,0,0,0,0,0,0,0,0,0,1,0,0,0,0,0,0,0,0,0,1,0,3,2,0,0,0,1
Ά“c’J‹ζ·ª‚S’–Ϊ,10,0,0,0,2,0,1,1,0,0,0,0,0,0,0,0,0,0,0,6,0,0,4,0,0,0,0,0,0,1,1,2,1,0,0,0,1
Ά“c’J‹ζ·ª‚T’–Ϊ,6,0,0,0,1,0,1,0,0,0,0,0,0,0,0,0,0,0,0,1,0,0,1,0,0,0,0,0,0,0,0,4,3,0,0,0,1
Ά“c’J‹ζ“™X—Ν‚P’–Ϊ,4,0,0,0,0,0,0,0,0,0,0,0,0,0,0,0,0,0,0,1,0,0,0,0,0,0,0,0,0,0,1,3,1,0,1,0,1
Ά“c’J‹ζ“™X—Ν‚Q’–Ϊ,5,2,0,2,0,0,0,0,0,0,0,0,0,0,0,0,0,0,0,2,0,0,0,0,0,0,1,0,0,0,1,1,1,0,0,0,0
Ά“c’J‹ζ“™X—Ν‚R’–Ϊ,18,0,0,0,3,0,1,2,0,0,0,0,0,0,0,0,0,0,0,13,0,0,7,0,0,0,0,0,1,5,0,2,1,0,1,0,0
Ά“c’J‹ζ“™X—Ν‚S’–Ϊ,8,0,0,0,0,0,0,0,0,0,0,0,0,0,0,0,0,0,0,7,0,0,5,1,0,0,0,0,0,0,1,1,1,0,0,0,0
Ά“c’J‹ζ“™X—Ν‚T’–Ϊ,6,0,0,0,1,0,0,0,1,0,0,0,0,0,0,0,0,0,0,2,0,0,2,0,0,0,0,0,0,0,0,3,1,0,0,0,2
Ά“c’J‹ζ“™X—Ν‚U’–Ϊ,7,0,0,0,0,0,0,0,0,0,0,0,0,0,0,0,0,0,0,3,0,0,2,0,0,0,0,0,0,0,1,4,3,0,0,0,1
Ά“c’J‹ζ“™X—Ν‚V’–Ϊ,7,0,0,0,0,0,0,0,0,0,0,0,0,0,0,0,0,0,0,5,0,0,3,0,0,0,0,0,0,2,0,2,1,0,0,0,1
Ά“c’J‹ζ“™X—Ν‚W’–Ϊ,2,0,0,0,0,0,0,0,0,0,0,0,0,0,0,0,0,0,0,0,0,0,0,0,0,0,0,0,0,0,0,2,1,0,0,0,1
Ά“c’J‹ζ’†’¬‚P’–Ϊ,2,0,0,0,0,0,0,0,0,0,0,0,0,0,0,0,0,0,0,0,0,0,0,0,0,0,0,0,0,0,0,2,2,0,0,0,0
Ά“c’J‹ζ’†’¬‚Q’–Ϊ,7,0,0,0,0,0,0,0,0,0,0,0,0,0,0,0,0,0,0,6,0,0,0,0,0,0,0,0,0,4,2,1,1,0,0,0,0
Ά“c’J‹ζ’†’¬‚R’–Ϊ,3,0,0,0,0,0,0,0,0,0,0,0,0,0,0,0,0,0,0,1,0,0,1,0,0,0,0,0,0,0,0,2,2,0,0,0,0
Ά“c’J‹ζ’†’¬‚S’–Ϊ,9,0,0,0,0,0,0,0,0,0,2,0,0,0,0,0,0,0,2,4,0,0,1,0,0,1,0,0,0,0,2,3,1,2,0,0,0
Ά“c’J‹ζ’†’¬‚T’–Ϊ,4,0,0,0,0,0,0,0,0,0,0,0,0,0,0,0,0,0,0,4,0,0,3,0,0,0,0,0,0,0,1,0,0,0,0,0,0
Ά“c’J‹ζ–μ–Ρ‚P’–Ϊ,1,0,0,0,0,0,0,0,0,0,0,0,0,0,0,0,0,0,0,1,0,0,0,0,0,0,0,0,0,0,1,0,0,0,0,0,0
Ά“c’J‹ζ–μ–Ρ‚R’–Ϊ,1,0,0,0,0,0,0,0,0,0,0,0,0,0,0,0,0,0,0,0,0,0,0,0,0,0,0,0,0,0,0,1,1,0,0,0,0
Ά“c’J‹ζ–μ‘ς‚P’–Ϊ,8,0,0,0,0,0,0,0,0,0,2,1,0,0,1,0,0,0,0,2,0,0,1,0,0,0,0,0,0,1,0,4,0,1,0,0,3
Ά“c’J‹ζ–μ‘ς‚Q’–Ϊ,6,0,0,0,0,0,0,0,0,0,0,0,0,0,0,0,0,0,0,2,0,0,2,0,0,0,0,0,0,0,0,4,0,1,0,0,3
Ά“c’J‹ζ–μ‘ς‚R’–Ϊ,12,0,0,0,1,0,0,0,1,0,0,0,0,0,0,0,0,0,0,4,0,0,3,0,0,0,0,0,0,1,0,7,1,1,0,0,5
Ά“c’J‹ζ–μ‘ς‚S’–Ϊ,7,0,0,0,1,0,1,0,0,0,2,0,0,0,0,2,0,0,0,2,0,0,1,0,0,1,0,0,0,0,0,2,1,0,0,0,1
Ά“c’J‹ζ”ª”¦R‚P’–Ϊ,7,0,0,0,1,0,1,0,0,0,0,0,0,0,0,0,0,0,0,6,0,0,4,1,0,0,0,0,0,1,0,0,0,0,0,0,0
Ά“c’J‹ζ”ª”¦R‚Q’–Ϊ,3,0,0,0,0,0,0,0,0,0,0,0,0,0,0,0,0,0,0,3,0,0,3,0,0,0,0,0,0,0,0,0,0,0,0,0,0
Ά“c’J‹ζ”ª”¦R‚R’–Ϊ,25,0,0,0,4,0,4,0,0,0,0,0,0,0,0,0,0,0,0,13,0,2,3,0,0,0,0,0,0,4,4,8,6,1,1,0,0
Ά“c’J‹ζ‰Hª–Ψ‚P’–Ϊ,10,0,0,0,2,0,2,0,0,0,0,0,0,0,0,0,0,0,0,8,0,0,6,0,0,1,0,0,0,1,0,0,0,0,0,0,0
Ά“c’J‹ζ‰Hª–Ψ‚Q’–Ϊ,4,0,0,0,0,0,0,0,0,0,0,0,0,0,0,0,0,0,0,2,0,0,1,0,0,0,0,0,0,0,1,2,1,0,0,0,1
Ά“c’J‹ζ“‹Κμ‚P’–Ϊ,2,0,0,0,1,0,0,1,0,0,0,0,0,0,0,0,0,0,0,1,0,0,0,0,0,0,0,0,0,0,1,0,0,0,0,0,0
Ά“c’J‹ζ“‹Κμ‚Q’–Ϊ,3,0,0,0,0,0,0,0,0,0,1,0,0,0,0,1,0,0,0,1,0,0,1,0,0,0,0,0,0,0,0,1,1,0,0,0,0
Ά“c’J‹ζ[‘ς‚P’–Ϊ,6,0,0,0,2,0,2,0,0,0,1,0,0,0,0,1,0,0,0,3,0,0,3,0,0,0,0,0,0,0,0,0,0,0,0,0,0
Ά“c’J‹ζ[‘ς‚Q’–Ϊ,3,0,0,0,0,0,0,0,0,0,0,0,0,0,0,0,0,0,0,1,0,0,1,0,0,0,0,0,0,0,0,2,1,1,0,0,0
Ά“c’J‹ζ[‘ς‚R’–Ϊ,2,0,0,0,1,0,1,0,0,0,0,0,0,0,0,0,0,0,0,0,0,0,0,0,0,0,0,0,0,0,0,1,1,0,0,0,0
Ά“c’J‹ζ[‘ς‚S’–Ϊ,2,0,0,0,0,0,0,0,0,0,0,0,0,0,0,0,0,0,0,1,0,0,1,0,0,0,0,0,0,0,0,1,0,0,0,0,1
Ά“c’J‹ζ[‘ς‚T’–Ϊ,10,0,0,0,1,0,0,1,0,0,0,0,0,0,0,0,0,0,0,8,0,0,6,0,0,0,0,0,0,1,1,1,0,0,0,0,1
Ά“c’J‹ζ[‘ς‚U’–Ϊ,2,0,0,0,2,0,1,0,1,0,0,0,0,0,0,0,0,0,0,0,0,0,0,0,0,0,0,0,0,0,0,0,0,0,0,0,0
Ά“c’J‹ζ[‘ς‚V’–Ϊ,6,0,0,0,0,0,0,0,0,0,1,0,0,0,0,1,0,0,0,3,0,0,2,0,0,0,0,0,0,0,1,2,1,0,0,0,1
Ά“c’J‹ζ[‘ς‚W’–Ϊ,2,0,0,0,0,0,0,0,0,0,0,0,0,0,0,0,0,0,0,0,0,0,0,0,0,0,0,0,0,0,0,2,2,0,0,0,0
Ά“c’J‹ζ‘D‹΄‚P’–Ϊ,22,0,0,0,1,0,1,0,0,0,0,0,0,0,0,0,0,0,0,12,0,0,5,0,0,0,0,0,1,5,1,9,2,0,0,0,7
Ά“c’J‹ζ‘D‹΄‚Q’–Ϊ,1,0,0,0,0,0,0,0,0,0,0,0,0,0,0,0,0,0,0,0,0,0,0,0,0,0,0,0,0,0,0,1,1,0,0,0,0
Ά“c’J‹ζ‘D‹΄‚R’–Ϊ,3,0,0,0,1,0,1,0,0,0,0,0,0,0,0,0,0,0,0,1,0,0,1,0,0,0,0,0,0,0,0,1,1,0,0,0,0
Ά“c’J‹ζ‘D‹΄‚S’–Ϊ,4,0,0,0,0,0,0,0,0,0,0,0,0,0,0,0,0,0,0,3,0,0,3,0,0,0,0,0,0,0,0,1,0,0,0,0,1
Ά“c’J‹ζ‘D‹΄‚T’–Ϊ,7,1,0,1,0,0,0,0,0,0,0,0,0,0,0,0,0,0,0,6,0,0,6,0,0,0,0,0,0,0,0,0,0,0,0,0,0
Ά“c’J‹ζ‘D‹΄‚U’–Ϊ,9,0,0,0,0,0,0,0,0,0,1,0,0,0,0,0,0,0,1,8,0,1,5,0,0,0,0,0,0,0,2,0,0,0,0,0,0
Ά“c’J‹ζ‘D‹΄‚V’–Ϊ,16,0,0,0,1,0,1,0,0,0,3,0,3,0,0,0,0,0,0,10,0,0,6,0,0,0,0,0,0,0,4,2,1,0,0,0,1
Ά“c’J‹ζΌ΄‚P’–Ϊ,19,1,1,0,1,0,1,0,0,0,0,0,0,0,0,0,0,0,0,11,0,0,9,0,0,1,0,0,0,0,1,6,2,1,0,0,3
Ά“c’J‹ζΌ΄‚Q’–Ϊ,28,0,0,0,5,0,3,1,1,0,0,0,0,0,0,0,0,0,0,14,0,0,4,0,0,0,0,0,1,5,4,9,1,1,0,0,7
Ά“c’J‹ζΌ΄‚R’–Ϊ,17,0,0,0,0,0,0,0,0,0,1,0,0,0,0,1,0,0,0,10,0,0,3,0,0,0,0,0,0,5,2,6,3,0,0,0,3
Ά“c’J‹ζΌ΄‚S’–Ϊ,7,0,0,0,0,0,0,0,0,0,0,0,0,0,0,0,0,0,0,5,0,0,3,0,0,0,0,0,0,2,0,2,2,0,0,0,0
Ά“c’J‹ζΌ΄‚T’–Ϊ,13,0,0,0,0,0,0,0,0,0,0,0,0,0,0,0,0,0,0,8,0,0,3,0,0,1,0,0,0,0,4,5,1,1,0,0,3
Ά“c’J‹ζΌ΄‚U’–Ϊ,7,0,0,0,0,0,0,0,0,0,0,0,0,0,0,0,0,0,0,4,0,0,3,0,0,0,0,0,0,0,1,3,2,0,0,0,1
Ά“c’J‹ζOh‚P’–Ϊ,7,0,0,0,2,0,0,2,0,0,2,1,0,0,0,0,0,0,1,1,0,0,1,0,0,0,0,0,0,0,0,2,1,0,0,0,1
Ά“c’J‹ζOh‚Q’–Ϊ,8,1,0,1,0,0,0,0,0,0,0,0,0,0,0,0,0,0,0,4,0,0,2,0,0,0,0,0,0,0,2,3,0,0,0,0,3
Ά“c’J‹ζ“μ‰GR‚P’–Ϊ,5,0,0,0,1,0,0,0,1,0,0,0,0,0,0,0,0,0,0,1,0,0,1,0,0,0,0,0,0,0,0,3,2,0,0,0,1
Ά“c’J‹ζ“μ‰GR‚Q’–Ϊ,8,0,0,0,0,0,0,0,0,0,0,0,0,0,0,0,0,0,0,4,0,0,2,1,0,0,0,0,0,1,0,4,4,0,0,0,0
Ά“c’J‹ζ“μ‰GR‚R’–Ϊ,6,1,0,1,0,0,0,0,0,0,0,0,0,0,0,0,0,0,0,1,0,0,0,0,0,0,0,0,0,0,1,4,2,0,0,0,2
Ά“c’J‹ζ“μ‰GR‚S’–Ϊ,10,0,0,0,0,0,0,0,0,0,0,0,0,0,0,0,0,0,0,10,0,0,9,0,0,0,0,0,0,1,0,0,0,0,0,0,0
Ά“c’J‹ζ“μ‰GR‚T’–Ϊ,25,0,0,0,1,0,0,1,0,0,0,0,0,0,0,0,0,0,0,20,0,0,16,1,0,0,0,0,0,1,2,4,1,0,0,0,3
Ά“c’J‹ζ“μ‰GR‚U’–Ϊ,44,0,0,0,5,0,4,0,1,0,1,0,0,0,1,0,0,0,0,30,0,0,17,0,0,0,0,0,0,10,3,8,4,0,0,0,4
Ά“c’J‹ζ‹{β‚P’–Ϊ,5,0,0,0,1,0,1,0,0,0,0,0,0,0,0,0,0,0,0,2,0,0,1,0,0,0,0,0,0,0,1,2,1,0,0,0,1
Ά“c’J‹ζ‹{β‚Q’–Ϊ,9,0,0,0,1,0,1,0,0,0,0,0,0,0,0,0,0,0,0,2,0,0,1,0,0,0,0,0,0,0,1,6,4,0,0,0,2
Ά“c’J‹ζ‹{β‚R’–Ϊ,15,0,0,0,1,0,1,0,0,0,0,0,0,0,0,0,0,0,0,12,0,0,8,0,0,0,0,0,0,0,4,2,1,0,0,0,1
Ά“c’J‹ζ—p‰κ‚P’–Ϊ,6,1,0,1,2,0,0,1,1,0,0,0,0,0,0,0,0,0,0,2,0,0,2,0,0,0,0,0,0,0,0,1,0,0,0,0,1
Ά“c’J‹ζ—p‰κ‚Q’–Ϊ,9,0,0,0,1,0,0,1,0,0,0,0,0,0,0,0,0,0,0,7,0,0,5,0,0,0,0,0,0,0,2,1,0,0,0,0,1
Ά“c’J‹ζ—p‰κ‚R’–Ϊ,3,0,0,0,0,0,0,0,0,0,0,0,0,0,0,0,0,0,0,3,0,0,2,0,0,0,1,0,0,0,0,0,0,0,0,0,0
Ά“c’J‹ζ—p‰κ‚S’–Ϊ,35,0,0,0,1,0,0,1,0,0,0,0,0,0,0,0,0,0,0,24,0,0,17,0,0,0,0,0,0,4,3,10,5,2,1,0,2
Ά“c’J‹ζα—Ρ‚P’–Ϊ,10,0,0,0,0,0,0,0,0,0,0,0,0,0,0,0,0,0,0,8,0,0,4,0,0,0,0,0,0,1,3,2,2,0,0,0,0
Ά“c’J‹ζα—Ρ‚Q’–Ϊ,12,1,0,1,1,0,0,0,1,0,0,0,0,0,0,0,0,0,0,8,0,0,3,0,0,0,0,0,0,2,3,2,1,0,0,0,1
Ά“c’J‹ζα—Ρ‚R’–Ϊ,9,0,0,0,2,0,2,0,0,0,0,0,0,0,0,0,0,0,0,5,0,0,3,0,0,0,0,0,0,0,2,2,1,0,0,0,1
Ά“c’J‹ζα—Ρ‚S’–Ϊ,15,0,0,0,0,0,0,0,0,0,0,0,0,0,0,0,0,0,0,11,0,0,3,1,0,0,0,0,0,3,4,4,2,0,0,0,2
Ά“c’J‹ζα—Ρ‚T’–Ϊ,7,0,0,0,0,0,0,0,0,0,0,0,0,0,0,0,0,0,0,4,0,0,3,0,0,0,0,0,0,1,0,3,1,0,0,0,2
Ά“c’J‹ζv,2262,27,6,21,164,0,95,48,19,2,62,2,13,1,13,18,2,0,13,1318,1,24,710,32,0,9,9,0,21,259,253,691,302,49,18,1,321
a’J‹ζγ΄‚P’–Ϊ,7,1,0,1,1,0,1,0,0,0,0,0,0,0,0,0,0,0,0,5,0,0,3,0,0,0,0,0,0,0,2,0,0,0,0,0,0
a’J‹ζγ΄‚Q’–Ϊ,8,0,0,0,3,0,0,1,2,0,0,0,0,0,0,0,0,0,0,1,0,0,0,0,0,0,0,0,0,0,1,4,3,0,0,0,1
a’J‹ζγ΄‚R’–Ϊ,2,1,1,0,0,0,0,0,0,0,0,0,0,0,0,0,0,0,0,0,0,0,0,0,0,0,0,0,0,0,0,1,1,0,0,0,0
a’J‹ζις’J’¬,4,0,0,0,1,0,0,0,1,0,0,0,0,0,0,0,0,0,0,1,1,0,0,0,0,0,0,0,0,0,0,2,1,0,0,0,1
a’J‹ζ‰F“cμ’¬,252,3,1,2,31,0,13,15,0,3,0,0,0,0,0,0,0,0,0,167,0,0,10,1,0,0,7,1,15,94,39,51,16,8,0,0,27
a’J‹ζb”δυ‚P’–Ϊ,44,1,0,1,5,0,3,2,0,0,1,0,0,0,0,1,0,0,0,19,0,1,2,0,0,0,0,0,3,5,8,18,11,5,0,0,2
a’J‹ζb”δυ‚Q’–Ϊ,12,0,0,0,0,0,0,0,0,0,0,0,0,0,0,0,0,0,0,2,0,0,1,0,0,0,0,0,0,0,1,10,5,0,0,0,5
a’J‹ζb”δυ‚R’–Ϊ,16,0,0,0,2,0,1,1,0,0,1,0,0,0,0,1,0,0,0,7,0,0,5,0,0,0,0,0,0,1,1,6,4,0,0,0,2
a’J‹ζb”δυ‚S’–Ϊ,22,0,0,0,2,0,0,2,0,0,2,0,0,0,0,0,0,0,2,9,0,0,3,0,0,0,0,0,0,5,1,9,3,0,0,0,6
a’J‹ζb”δυΌ‚P’–Ϊ,37,1,0,1,6,0,2,4,0,0,0,0,0,0,0,0,0,0,0,22,0,0,6,0,1,0,0,0,3,3,9,8,5,0,0,0,3
a’J‹ζb”δυΌ‚Q’–Ϊ,12,0,0,0,1,0,0,1,0,0,1,0,0,0,1,0,0,0,0,2,0,0,1,0,1,0,0,0,0,0,0,8,5,0,0,0,3
a’J‹ζb”δυ“μ‚P’–Ϊ,49,1,0,1,10,0,6,4,0,0,0,0,0,0,0,0,0,0,0,26,0,0,2,0,0,0,1,0,2,12,9,12,6,1,0,0,5
a’J‹ζb”δυ“μ‚Q’–Ϊ,11,0,0,0,0,0,0,0,0,0,0,0,0,0,0,0,0,0,0,5,0,0,4,0,0,0,0,0,0,0,1,6,3,0,0,0,3
a’J‹ζb”δυ“μ‚R’–Ϊ,11,0,0,0,1,0,1,0,0,0,0,0,0,0,0,0,0,0,0,5,0,0,3,0,0,0,0,0,0,0,2,5,3,0,0,0,2
a’J‹ζ‘εR’¬,2,0,0,0,0,0,0,0,0,0,0,0,0,0,0,0,0,0,0,2,0,0,1,0,0,0,0,0,0,0,1,0,0,0,0,0,0
a’J‹ζ_R’¬,16,0,0,0,1,0,1,0,0,0,0,0,0,0,0,0,0,0,0,10,0,1,7,0,0,0,0,0,0,1,1,5,3,1,0,0,1
a’J‹ζχ‹u’¬,34,2,0,2,1,0,1,0,0,0,0,0,0,0,0,0,0,0,0,15,0,0,0,0,0,0,0,0,1,5,9,16,11,0,1,0,4
a’J‹ζω’Λ‚P’–Ϊ,67,0,0,0,9,0,8,1,0,0,0,0,0,0,0,0,0,0,0,44,0,0,27,1,0,0,0,0,4,1,11,14,4,3,0,0,7
a’J‹ζω’Λ‚Q’–Ϊ,32,1,0,1,5,0,3,1,1,0,0,0,0,0,0,0,0,0,0,18,0,0,11,0,0,0,0,0,0,3,4,8,3,1,0,0,4
a’J‹ζω’Λ‚R’–Ϊ,9,0,0,0,1,0,1,0,0,0,0,0,0,0,0,0,0,0,0,6,0,0,1,1,0,0,0,0,0,1,3,2,2,0,0,0,0
a’J‹ζ‰y’¬,12,1,1,0,2,0,1,1,0,0,0,0,0,0,0,0,0,0,0,4,0,0,0,0,0,0,0,0,0,2,2,5,2,1,0,0,2
a’J‹ζa’J‚P’–Ϊ,58,0,0,0,5,0,3,1,1,0,0,0,0,0,0,0,0,0,0,36,0,0,12,1,0,0,0,0,6,5,12,17,5,0,0,0,12
a’J‹ζa’J‚Q’–Ϊ,72,0,0,0,13,0,8,5,0,0,0,0,0,0,0,0,0,0,0,36,0,0,2,0,2,0,8,0,1,11,12,23,7,5,0,0,11
a’J‹ζa’J‚R’–Ϊ,35,1,0,1,4,0,2,1,0,1,0,0,0,0,0,0,0,0,0,21,0,0,4,0,0,0,1,0,1,5,10,9,4,0,0,0,5
a’J‹ζa’J‚S’–Ϊ,11,0,0,0,2,0,1,1,0,0,0,0,0,0,0,0,0,0,0,2,0,0,2,0,0,0,0,0,0,0,0,7,2,0,0,0,5
a’J‹ζΌ·‚P’–Ϊ,9,1,1,0,4,0,1,3,0,0,1,0,0,0,1,0,0,0,0,2,0,0,1,0,0,0,0,0,0,0,1,1,1,0,0,0,0
a’J‹ζΌ·‚Q’–Ϊ,4,0,0,0,0,0,0,0,0,0,0,0,0,0,0,0,0,0,0,1,0,0,0,0,0,0,0,0,0,0,1,3,1,0,0,0,2
a’J‹ζ_ς’¬,9,0,0,0,3,0,0,2,1,0,0,0,0,0,0,0,0,0,0,2,0,0,0,1,0,0,0,0,0,0,1,4,3,0,0,0,1
a’J‹ζ_‹{‘O‚P’–Ϊ,162,1,0,1,11,0,6,2,2,1,2,2,0,0,0,0,0,0,0,128,0,0,3,0,0,0,8,0,3,106,8,20,3,0,1,0,16
a’J‹ζ_‹{‘O‚Q’–Ϊ,22,0,0,0,3,0,1,1,1,0,1,0,0,0,1,0,0,0,0,11,0,0,7,0,0,0,1,0,0,1,2,7,3,0,0,0,4
a’J‹ζ_‹{‘O‚R’–Ϊ,22,1,0,1,2,0,1,1,0,0,1,0,0,1,0,0,0,0,0,8,0,0,4,1,0,0,0,0,0,1,2,10,5,0,0,0,5
a’J‹ζ_‹{‘O‚S’–Ϊ,32,0,0,0,3,0,0,1,2,0,0,0,0,0,0,0,0,0,0,21,0,0,0,1,0,0,0,0,0,15,5,8,1,0,2,0,5
a’J‹ζ_‹{‘O‚T’–Ϊ,26,0,0,0,2,0,0,1,1,0,1,0,0,0,1,0,0,0,0,17,0,0,4,1,0,0,0,0,0,7,5,6,2,0,0,0,4
a’J‹ζ_‹{‘O‚U’–Ϊ,50,0,0,0,2,0,0,2,0,0,0,0,0,0,0,0,0,0,0,39,0,1,2,1,0,0,0,0,3,26,6,9,2,1,1,0,5
a’J‹ζ_“μ‚P’–Ϊ,63,0,0,0,1,0,1,0,0,0,0,0,0,0,0,0,0,0,0,50,0,1,5,0,0,0,2,0,0,34,8,12,2,0,1,0,9
a’J‹ζ_“μ‚Q’–Ϊ,14,1,1,0,3,0,1,1,1,0,0,0,0,0,0,0,0,0,0,5,0,0,0,0,0,0,0,0,3,0,2,5,4,1,0,0,0
a’J‹ζη‘Κƒ–’J‚P’–Ϊ,14,0,0,0,2,0,1,1,0,0,2,0,0,0,1,1,0,0,0,6,0,0,2,0,0,0,1,0,0,0,3,4,1,0,0,0,3
a’J‹ζη‘Κƒ–’J‚Q’–Ϊ,4,0,0,0,0,0,0,0,0,0,0,0,0,0,0,0,0,0,0,3,0,0,1,0,0,0,0,0,0,0,2,1,1,0,0,0,0
a’J‹ζη‘Κƒ–’J‚R’–Ϊ,20,0,0,0,0,0,0,0,0,0,2,0,0,0,0,2,0,0,0,15,0,0,6,0,0,1,0,0,0,2,6,3,0,0,0,0,3
a’J‹ζη‘Κƒ–’J‚S’–Ϊ,19,1,0,1,2,0,2,0,0,0,1,0,0,0,1,0,0,0,0,10,0,0,3,2,0,0,0,0,0,2,3,5,1,0,0,0,4
a’J‹ζη‘Κƒ–’J‚T’–Ϊ,56,0,0,0,2,0,1,1,0,0,1,0,0,0,0,1,0,0,0,43,0,0,4,0,0,0,0,1,1,24,13,10,3,1,3,0,3
a’J‹ζη‘Κƒ–’J‚U’–Ϊ,1,0,0,0,1,0,1,0,0,0,0,0,0,0,0,0,0,0,0,0,0,0,0,0,0,0,0,0,0,0,0,0,0,0,0,0,0
a’J‹ζ‘γ―R’¬,17,0,0,0,0,0,0,0,0,0,0,0,0,0,0,0,0,0,0,6,0,0,0,0,0,0,0,0,1,3,2,11,4,1,0,0,6
a’J‹ζ•xƒ–’J‚P’–Ϊ,33,1,0,1,4,0,3,1,0,0,3,0,0,0,3,0,0,0,0,16,1,1,10,0,0,0,1,0,0,1,2,9,1,0,0,0,8
a’J‹ζ•xƒ–’J‚Q’–Ϊ,13,0,0,0,0,0,0,0,0,0,0,0,0,0,0,0,0,0,0,7,0,0,5,1,0,0,0,0,0,0,1,6,4,0,0,0,2
a’J‹ζ“ΉΊβ‚P’–Ϊ,122,1,0,1,29,0,19,9,1,0,0,0,0,0,0,0,0,0,0,43,0,0,4,0,0,0,4,1,0,2,32,49,10,3,2,0,34
a’J‹ζ“ΉΊβ‚Q’–Ϊ,220,12,3,9,47,0,30,16,0,1,2,0,0,0,1,0,0,0,1,97,0,2,7,1,0,0,14,0,13,17,43,62,10,9,0,0,43
a’J‹ζ“μ•½‘δ’¬,6,0,0,0,1,0,1,0,0,0,0,0,0,0,0,0,0,0,0,0,0,0,0,0,0,0,0,0,0,0,0,5,1,0,0,0,4
a’J‹ζΌ΄‚P’–Ϊ,15,0,0,0,0,0,0,0,0,0,0,0,0,0,0,0,0,0,0,9,0,0,3,0,0,0,0,0,1,0,5,6,4,2,0,0,0
a’J‹ζΌ΄‚Q’–Ϊ,6,0,0,0,0,0,0,0,0,0,1,0,0,0,0,1,0,0,0,3,0,1,1,0,0,0,0,0,0,0,1,2,2,0,0,0,0
a’J‹ζΌ΄‚R’–Ϊ,39,0,0,0,0,0,0,0,0,0,1,0,0,0,0,0,1,0,0,13,0,2,7,0,0,0,0,0,0,1,3,25,1,0,0,0,24
a’J‹ζ”¦ƒ–’J‚P’–Ϊ,15,1,1,0,0,0,0,0,0,0,1,0,0,0,1,0,0,0,0,8,0,0,3,0,0,0,0,0,1,2,2,5,2,0,0,0,3
a’J‹ζ”¦ƒ–’J‚Q’–Ϊ,21,0,0,0,2,0,0,2,0,0,0,0,0,0,0,0,0,0,0,11,0,1,7,0,0,0,0,0,0,3,0,8,1,1,0,0,6
a’J‹ζ”¦ƒ–’J‚R’–Ϊ,17,0,0,0,0,0,0,0,0,0,1,0,0,0,0,1,0,0,0,9,0,0,4,0,0,0,0,0,0,1,4,7,4,1,0,0,2
a’J‹ζ‰‘δ‚P’–Ϊ,13,0,0,0,4,0,2,2,0,0,1,0,0,0,0,1,0,0,0,6,0,0,4,0,0,0,0,0,0,1,1,2,1,0,0,0,1
a’J‹ζ‰‘δ‚Q’–Ϊ,6,0,0,0,0,0,0,0,0,0,0,0,0,0,0,0,0,0,0,2,0,0,2,0,0,0,0,0,0,0,0,4,1,0,1,0,2
a’J‹ζ“‚P’–Ϊ,9,0,0,0,0,0,0,0,0,0,0,0,0,0,0,0,0,0,0,2,0,0,0,0,0,0,0,0,0,0,2,7,3,0,0,0,4
a’J‹ζ“‚Q’–Ϊ,6,1,0,1,3,0,0,1,0,2,0,0,0,0,0,0,0,0,0,1,0,0,0,0,0,0,0,0,0,0,1,1,0,0,0,0,1
a’J‹ζ“‚R’–Ϊ,14,0,0,0,2,0,1,1,0,0,0,0,0,0,0,0,0,0,0,3,0,0,1,0,0,0,0,0,0,1,1,9,6,0,1,0,2
a’J‹ζ“‚S’–Ϊ,2,0,0,0,0,0,0,0,0,0,0,0,0,0,0,0,0,0,0,0,0,0,0,0,0,0,0,0,0,0,0,2,2,0,0,0,0
a’J‹ζL”φ‚P’–Ϊ,13,0,0,0,2,0,1,0,1,0,0,0,0,0,0,0,0,0,0,2,0,0,2,0,0,0,0,0,0,0,0,9,3,0,0,0,6
a’J‹ζL”φ‚Q’–Ϊ,8,0,0,0,3,0,1,0,0,2,0,0,0,0,0,0,0,0,0,0,0,0,0,0,0,0,0,0,0,0,0,5,4,0,0,0,1
a’J‹ζL”φ‚R’–Ϊ,6,0,0,0,0,0,0,0,0,0,0,0,0,0,0,0,0,0,0,0,0,0,0,0,0,0,0,0,0,0,0,6,3,0,0,0,3
a’J‹ζL”φ‚S’–Ϊ,6,0,0,0,0,0,0,0,0,0,0,0,0,0,0,0,0,0,0,2,0,0,0,0,0,0,0,0,0,0,2,4,4,0,0,0,0
a’J‹ζL”φ‚T’–Ϊ,30,0,0,0,4,0,3,1,0,0,1,0,0,0,1,0,0,0,0,19,0,0,3,1,0,0,0,0,0,11,4,6,0,1,0,0,5
a’J‹ζ–{’¬‚P’–Ϊ,17,0,0,0,2,0,0,2,0,0,0,0,0,0,0,0,0,0,0,11,0,0,6,0,0,0,0,0,0,3,2,4,3,0,1,0,0
a’J‹ζ–{’¬‚Q’–Ϊ,17,1,0,1,2,0,1,1,0,0,0,0,0,0,0,0,0,0,0,10,0,1,5,1,0,0,0,0,0,3,0,4,2,0,0,0,2
a’J‹ζ–{’¬‚R’–Ϊ,9,0,0,0,0,0,0,0,0,0,0,0,0,0,0,0,0,0,0,4,0,0,2,0,0,0,0,0,1,0,1,5,1,0,0,0,4
a’J‹ζ–{’¬‚S’–Ϊ,16,0,0,0,2,0,1,1,0,0,2,0,0,0,0,1,0,0,1,3,0,0,3,0,0,0,0,0,0,0,0,9,4,1,1,0,3
a’J‹ζ–{’¬‚T’–Ϊ,13,0,0,0,4,0,1,1,2,0,0,0,0,0,0,0,0,0,0,4,0,0,3,0,0,0,0,0,0,0,1,5,2,1,0,0,2
a’J‹ζ–{’¬‚U’–Ϊ,8,0,0,0,0,0,0,0,0,0,1,0,0,0,0,0,0,0,1,5,0,0,1,0,0,1,0,0,0,0,3,2,1,0,0,0,1
a’J‹ζ‰~R’¬,82,6,0,6,20,0,7,13,0,0,0,0,0,0,0,0,0,0,0,43,0,2,1,0,0,0,9,0,3,10,18,13,4,2,0,0,7
a’J‹ζ³‘γX–Ψ’¬,9,0,0,0,2,0,1,0,1,0,0,0,0,0,0,0,0,0,0,3,0,0,1,0,0,0,0,0,0,1,1,4,2,0,0,0,2
a’J‹ζ‘γX–Ψ‚P’–Ϊ,36,1,0,1,3,0,3,0,0,0,0,0,0,0,0,0,0,0,0,19,0,0,9,1,0,0,1,0,0,1,7,13,4,2,0,0,7
a’J‹ζ‘γX–Ψ‚Q’–Ϊ,34,1,0,1,2,0,1,1,0,0,0,0,0,0,0,0,0,0,0,18,1,0,5,0,0,0,1,0,0,3,8,13,7,2,2,0,2
a’J‹ζ‘γX–Ψ‚R’–Ϊ,15,0,0,0,0,0,0,0,0,0,0,0,0,0,0,0,0,0,0,12,0,0,7,1,0,0,0,0,0,0,4,3,2,0,0,0,1
a’J‹ζ‘γX–Ψ‚S’–Ϊ,21,1,0,1,1,0,0,1,0,0,2,0,0,0,1,1,0,0,0,12,1,0,6,1,0,0,0,0,0,0,4,5,2,0,0,0,3
a’J‹ζ‘γX–Ψ‚T’–Ϊ,9,0,0,0,0,0,0,0,0,0,0,0,0,0,0,0,0,0,0,3,0,0,1,0,0,0,0,0,0,0,2,6,5,0,0,0,1
a’J‹ζ‘γX–Ψ_‰€’¬,9,0,0,0,1,0,0,0,0,1,0,0,0,0,0,0,0,0,0,5,0,0,4,0,0,0,1,0,0,0,0,3,0,1,0,0,2
a’J‹ζv,2294,44,9,35,287,0,148,110,18,11,33,2,0,1,13,11,1,0,5,1237,4,14,266,18,4,2,60,3,66,436,364,693,252,55,17,0,369
’†–μ‹ζVδ‚P’–Ϊ,26,0,0,0,2,0,1,0,1,0,1,0,0,0,0,1,0,0,0,13,0,0,2,1,0,1,0,0,0,1,8,10,4,1,0,0,5
’†–μ‹ζVδ‚Q’–Ϊ,21,0,0,0,0,0,0,0,0,0,1,0,0,0,0,1,0,0,0,10,1,0,5,1,0,0,0,0,0,2,1,10,3,1,0,0,6
’†–μ‹ζVδ‚R’–Ϊ,16,0,0,0,2,0,2,0,0,0,0,0,0,0,0,0,0,0,0,13,0,1,4,0,0,0,0,0,3,1,4,1,0,0,0,0,1
’†–μ‹ζVδ‚S’–Ϊ,10,0,0,0,0,0,0,0,0,0,1,0,0,0,0,1,0,0,0,5,0,0,2,0,0,0,0,0,0,0,3,4,2,0,0,0,2
’†–μ‹ζVδ‚T’–Ϊ,8,0,0,0,2,0,1,0,1,0,0,0,0,0,0,0,0,0,0,4,0,0,1,0,0,0,0,0,0,0,3,2,1,0,0,0,1
’†–μ‹ζ]Γ“c‚P’–Ϊ,10,0,0,0,0,0,0,0,0,0,0,0,0,0,0,0,0,0,0,3,0,1,0,0,0,0,0,0,0,0,2,7,0,0,1,0,6
’†–μ‹ζ]Γ“c‚Q’–Ϊ,7,0,0,0,1,0,0,1,0,0,0,0,0,0,0,0,0,0,0,4,0,0,4,0,0,0,0,0,0,0,0,2,1,1,0,0,0
’†–μ‹ζ]Γ“c‚R’–Ϊ,6,0,0,0,1,0,0,1,0,0,0,0,0,0,0,0,0,0,0,4,0,0,4,0,0,0,0,0,0,0,0,1,0,0,0,0,1
’†–μ‹ζ]Γ“c‚S’–Ϊ,12,0,0,0,1,0,1,0,0,0,1,0,0,0,0,0,0,0,1,8,0,0,3,0,0,0,0,0,0,5,0,2,1,0,0,0,1
’†–μ‹ζ]΄’¬‚P’–Ϊ,7,0,0,0,2,0,1,1,0,0,0,0,0,0,0,0,0,0,0,2,0,0,0,0,0,0,0,0,0,0,2,3,2,0,0,0,1
’†–μ‹ζ]΄’¬‚Q’–Ϊ,11,0,0,0,1,0,1,0,0,0,0,0,0,0,0,0,0,0,0,6,0,0,5,0,0,0,1,0,0,0,0,4,0,0,0,0,4
’†–μ‹ζ]΄’¬‚R’–Ϊ,5,0,0,0,0,0,0,0,0,0,0,0,0,0,0,0,0,0,0,1,0,0,1,0,0,0,0,0,0,0,0,4,0,0,0,0,4
’†–μ‹ζγλ‹{‚P’–Ϊ,4,0,0,0,0,0,0,0,0,0,0,0,0,0,0,0,0,0,0,3,0,1,2,0,0,0,0,0,0,0,0,1,1,0,0,0,0
’†–μ‹ζγλ‹{‚Q’–Ϊ,2,0,0,0,0,0,0,0,0,0,1,0,0,0,0,0,0,0,1,1,0,1,0,0,0,0,0,0,0,0,0,0,0,0,0,0,0
’†–μ‹ζγλ‹{‚R’–Ϊ,5,0,0,0,1,0,1,0,0,0,0,0,0,0,0,0,0,0,0,1,0,0,0,0,0,0,0,0,0,0,1,3,3,0,0,0,0
’†–μ‹ζγλ‹{‚S’–Ϊ,4,0,0,0,0,0,0,0,0,0,0,0,0,0,0,0,0,0,0,3,0,0,2,0,0,0,0,0,0,0,1,1,0,0,0,0,1
’†–μ‹ζγλ‹{‚T’–Ϊ,4,0,0,0,0,0,0,0,0,0,1,0,0,0,0,0,0,0,1,1,0,0,1,0,0,0,0,0,0,0,0,2,2,0,0,0,0
’†–μ‹ζγ‚“c‚P’–Ϊ,11,1,1,0,1,0,1,0,0,0,0,0,0,0,0,0,0,0,0,7,0,0,5,1,0,0,0,0,0,0,1,2,1,0,0,0,1
’†–μ‹ζγ‚“c‚Q’–Ϊ,25,0,0,0,0,0,0,0,0,0,0,0,0,0,0,0,0,0,0,18,0,0,8,1,0,5,0,0,1,1,2,7,4,0,0,0,3
’†–μ‹ζγ‚“c‚R’–Ϊ,13,0,0,0,0,0,0,0,0,0,1,0,0,1,0,0,0,0,0,7,0,2,2,0,0,0,0,0,0,2,1,5,0,0,0,0,5
’†–μ‹ζγ‚“c‚S’–Ϊ,9,0,0,0,0,0,0,0,0,0,0,0,0,0,0,0,0,0,0,6,0,1,5,0,0,0,0,0,0,0,0,3,1,0,0,0,2
’†–μ‹ζγ‚“c‚T’–Ϊ,6,0,0,0,0,0,0,0,0,0,0,0,0,0,0,0,0,0,0,2,0,0,1,0,0,1,0,0,0,0,0,4,2,0,0,0,2
’†–μ‹ζλ‹{‚P’–Ϊ,15,0,0,0,0,0,0,0,0,0,0,0,0,0,0,0,0,0,0,12,0,0,5,0,0,0,0,0,0,5,2,3,2,0,0,0,1
’†–μ‹ζλ‹{‚Q’–Ϊ,4,0,0,0,0,0,0,0,0,0,0,0,0,0,0,0,0,0,0,2,0,0,0,0,0,0,0,0,0,0,2,2,1,1,0,0,0
’†–μ‹ζλ‹{‚R’–Ϊ,22,0,0,0,3,0,3,0,0,0,0,0,0,0,0,0,0,0,0,15,0,0,9,1,0,0,0,0,0,4,1,4,1,0,0,0,3
’†–μ‹ζλ‹{‚S’–Ϊ,15,0,0,0,3,0,3,0,0,0,2,0,0,0,0,2,0,0,0,8,0,0,6,1,0,0,0,0,0,0,1,2,2,0,0,0,0
’†–μ‹ζλ‹{‚T’–Ϊ,2,1,0,1,0,0,0,0,0,0,0,0,0,0,0,0,0,0,0,0,0,0,0,0,0,0,0,0,0,0,0,1,0,0,0,0,1
’†–μ‹ζλ‹{‚U’–Ϊ,3,0,0,0,0,0,0,0,0,0,0,0,0,0,0,0,0,0,0,3,0,0,3,0,0,0,0,0,0,0,0,0,0,0,0,0,0
’†–μ‹ζ”’λ‚P’–Ϊ,11,0,0,0,1,0,0,0,1,0,1,0,0,0,0,1,0,0,0,6,0,0,5,0,0,0,0,0,0,0,1,3,1,0,0,0,2
’†–μ‹ζ”’λ‚Q’–Ϊ,10,0,0,0,1,0,0,1,0,0,2,0,0,0,0,0,2,0,0,2,0,0,0,0,0,0,0,0,0,0,2,5,3,0,0,0,2
’†–μ‹ζ”’λ‚R’–Ϊ,11,0,0,0,0,0,0,0,0,0,1,0,0,0,0,1,0,0,0,10,0,2,6,0,0,0,0,0,0,0,2,0,0,0,0,0,0
’†–μ‹ζ’†‰›‚P’–Ϊ,25,0,0,0,0,0,0,0,0,0,1,0,0,0,0,1,0,0,0,16,0,0,1,0,0,0,0,0,0,14,1,8,4,0,0,0,4
’†–μ‹ζ’†‰›‚Q’–Ϊ,28,0,0,0,2,0,1,0,1,0,0,0,0,0,0,0,0,0,0,13,0,0,5,0,0,0,0,0,1,2,5,13,5,2,0,0,6
’†–μ‹ζ’†‰›‚R’–Ϊ,13,1,0,1,2,0,0,1,1,0,0,0,0,0,0,0,0,0,0,5,0,0,4,0,0,0,0,0,0,0,1,5,3,0,0,0,2
’†–μ‹ζ’†‰›‚S’–Ϊ,26,0,0,0,2,0,2,0,0,0,1,0,0,0,0,1,0,0,0,13,0,0,8,0,0,0,0,0,1,0,4,10,5,1,0,0,4
’†–μ‹ζ’†‰›‚T’–Ϊ,12,0,0,0,0,0,0,0,0,0,0,0,0,0,0,0,0,0,0,9,0,0,2,1,0,0,0,0,0,2,4,3,2,0,0,0,1
’†–μ‹ζ’†–μ‚P’–Ϊ,8,0,0,0,1,0,1,0,0,0,0,0,0,0,0,0,0,0,0,3,0,0,2,1,0,0,0,0,0,0,0,4,1,0,0,0,3
’†–μ‹ζ’†–μ‚Q’–Ϊ,19,0,0,0,0,0,0,0,0,0,1,0,0,0,0,0,0,0,1,9,0,0,6,0,0,0,0,0,0,1,2,9,5,1,1,0,2
’†–μ‹ζ’†–μ‚R’–Ϊ,20,0,0,0,2,0,2,0,0,0,0,0,0,0,0,0,0,0,0,11,0,0,4,0,0,0,0,0,1,4,2,7,2,0,0,0,5
’†–μ‹ζ’†–μ‚S’–Ϊ,49,0,0,0,7,0,5,0,2,0,2,0,1,1,0,0,0,0,0,35,0,0,23,1,0,0,0,0,0,9,2,5,2,1,0,0,2
’†–μ‹ζ’†–μ‚T’–Ϊ,130,0,0,0,23,0,12,9,2,0,9,0,0,0,8,0,0,0,1,66,0,0,33,1,0,0,1,0,2,13,16,32,8,6,2,0,16
’†–μ‹ζ’†–μ‚U’–Ϊ,9,0,0,0,0,0,0,0,0,0,3,0,0,0,0,3,0,0,0,4,0,0,2,0,0,1,0,0,0,0,1,2,0,0,0,0,2
’†–μ‹ζΐ‘ά‚P’–Ϊ,16,0,0,0,2,0,2,0,0,0,0,0,0,0,0,0,0,0,0,9,0,0,6,0,0,0,0,0,0,1,2,5,3,0,0,0,2
’†–μ‹ζΐ‘ά‚Q’–Ϊ,6,0,0,0,1,0,1,0,0,0,0,0,0,0,0,0,0,0,0,4,0,0,2,0,0,0,0,0,0,2,0,1,1,0,0,0,0
’†–μ‹ζΐ‘ά‚R’–Ϊ,13,0,0,0,1,0,0,1,0,0,0,0,0,0,0,0,0,0,0,8,0,0,2,0,0,0,0,0,0,1,5,4,1,1,0,0,2
’†–μ‹ζΐ‘ά‚S’–Ϊ,4,0,0,0,1,0,0,0,1,0,0,0,0,0,0,0,0,0,0,2,0,0,1,1,0,0,0,0,0,0,0,1,1,0,0,0,0
’†–μ‹ζ–μ•ϋ‚P’–Ϊ,15,0,0,0,2,0,0,1,1,0,0,0,0,0,0,0,0,0,0,6,0,0,3,0,0,0,1,0,0,2,0,7,5,0,0,0,2
’†–μ‹ζ–μ•ϋ‚Q’–Ϊ,8,1,0,1,0,0,0,0,0,0,0,0,0,0,0,0,0,0,0,6,0,0,3,0,0,1,0,0,0,1,1,1,1,0,0,0,0
’†–μ‹ζ–μ•ϋ‚R’–Ϊ,2,0,0,0,0,0,0,0,0,0,0,0,0,0,0,0,0,0,0,1,0,0,1,0,0,0,0,0,0,0,0,1,0,0,0,0,1
’†–μ‹ζ–μ•ϋ‚S’–Ϊ,4,1,0,1,0,0,0,0,0,0,0,0,0,0,0,0,0,0,0,2,0,0,0,1,0,0,0,0,0,0,1,1,0,0,0,0,1
’†–μ‹ζ–μ•ϋ‚T’–Ϊ,16,0,0,0,3,0,3,0,0,0,0,0,0,0,0,0,0,0,0,10,0,0,7,0,0,0,0,0,1,2,0,3,0,1,0,0,2
’†–μ‹ζ–μ•ϋ‚U’–Ϊ,15,0,0,0,4,0,3,1,0,0,0,0,0,0,0,0,0,0,0,6,0,0,4,0,0,0,0,0,0,1,1,5,0,0,0,0,5
’†–μ‹ζ“’†–μ‚P’–Ϊ,15,0,0,0,0,0,0,0,0,0,0,0,0,0,0,0,0,0,0,8,0,0,4,0,0,0,0,0,0,1,3,7,4,1,0,0,2
’†–μ‹ζ“’†–μ‚Q’–Ϊ,12,0,0,0,0,0,0,0,0,0,0,0,0,0,0,0,0,0,0,6,0,0,2,0,0,0,0,0,0,1,3,6,1,1,0,0,4
’†–μ‹ζ“’†–μ‚R’–Ϊ,22,0,0,0,3,0,3,0,0,0,0,0,0,0,0,0,0,0,0,14,0,0,8,0,0,0,1,0,0,3,2,5,1,0,0,0,4
’†–μ‹ζ“’†–μ‚S’–Ϊ,20,0,0,0,3,0,3,0,0,0,1,0,0,0,1,0,0,0,0,9,0,0,5,0,0,0,0,0,0,0,4,7,0,0,1,0,6
’†–μ‹ζ“’†–μ‚T’–Ϊ,8,0,0,0,0,0,0,0,0,0,0,0,0,0,0,0,0,0,0,4,0,1,2,0,0,0,0,0,0,0,1,4,2,0,0,0,2
’†–μ‹ζ–{’¬‚P’–Ϊ,11,0,0,0,1,0,0,1,0,0,1,0,0,0,0,1,0,0,0,5,0,0,3,0,1,0,0,0,0,0,1,4,4,0,0,0,0
’†–μ‹ζ–{’¬‚Q’–Ϊ,9,0,0,0,2,0,1,1,0,0,1,0,0,0,0,1,0,0,0,5,0,0,3,0,0,0,0,0,0,0,2,1,1,0,0,0,0
’†–μ‹ζ–{’¬‚R’–Ϊ,17,0,0,0,3,0,2,1,0,0,1,0,0,1,0,0,0,0,0,10,0,1,6,0,0,0,0,0,0,1,2,3,0,1,0,0,2
’†–μ‹ζ–{’¬‚S’–Ϊ,22,0,0,0,4,0,3,0,1,0,2,0,0,0,0,2,0,0,0,11,0,0,3,0,0,0,0,0,0,5,3,5,4,0,0,0,1
’†–μ‹ζ–{’¬‚T’–Ϊ,13,0,0,0,0,0,0,0,0,0,1,0,0,0,0,1,0,0,0,7,0,0,3,1,0,0,0,0,0,1,2,5,3,0,0,0,2
’†–μ‹ζ–{’¬‚U’–Ϊ,8,0,0,0,2,0,0,0,2,0,0,0,0,0,0,0,0,0,0,5,0,0,4,1,0,0,0,0,0,0,0,1,1,0,0,0,0
’†–μ‹ζΌ‚ª‹u‚P’–Ϊ,10,0,0,0,2,0,1,0,1,0,0,0,0,0,0,0,0,0,0,5,0,0,4,0,0,0,0,0,0,0,1,3,0,0,0,0,3
’†–μ‹ζΌ‚ª‹u‚Q’–Ϊ,16,0,0,0,0,0,0,0,0,0,0,0,0,0,0,0,0,0,0,5,0,0,4,0,0,0,0,0,0,1,0,11,1,1,0,0,9
’†–μ‹ζΫR‚P’–Ϊ,3,0,0,0,0,0,0,0,0,0,0,0,0,0,0,0,0,0,0,2,0,0,0,0,0,2,0,0,0,0,0,1,1,0,0,0,0
’†–μ‹ζΫR‚Q’–Ϊ,5,0,0,0,1,0,1,0,0,0,0,0,0,0,0,0,0,0,0,4,0,0,2,1,0,0,0,0,0,1,0,0,0,0,0,0,0
’†–μ‹ζ“μ‘δ‚P’–Ϊ,3,0,0,0,0,0,0,0,0,0,0,0,0,0,0,0,0,0,0,2,0,0,1,0,0,0,0,0,0,0,1,1,1,0,0,0,0
’†–μ‹ζ“μ‘δ‚Q’–Ϊ,14,0,0,0,3,0,0,1,2,0,1,0,0,0,0,0,0,0,1,7,0,0,2,0,0,0,0,0,0,3,2,3,2,0,0,0,1
’†–μ‹ζ“μ‘δ‚R’–Ϊ,11,0,0,0,2,0,0,1,1,0,0,0,0,0,0,0,0,0,0,5,0,0,3,0,0,0,0,0,0,1,1,4,1,0,0,0,3
’†–μ‹ζ“μ‘δ‚S’–Ϊ,3,0,0,0,0,0,0,0,0,0,0,0,0,0,0,0,0,0,0,0,0,0,0,0,0,0,0,0,0,0,0,3,0,0,0,0,3
’†–μ‹ζ“μ‘δ‚T’–Ϊ,6,0,0,0,0,0,0,0,0,0,0,0,0,0,0,0,0,0,0,6,0,0,1,1,0,0,0,0,0,3,1,0,0,0,0,0,0
’†–μ‹ζ‘εa’¬‚P’–Ϊ,14,0,0,0,0,0,0,0,0,0,1,0,0,0,0,1,0,0,0,8,0,1,3,0,0,0,0,0,0,0,4,5,2,1,0,0,2
’†–μ‹ζ‘εa’¬‚Q’–Ϊ,8,1,1,0,2,0,2,0,0,0,0,0,0,0,0,0,0,0,0,2,0,0,1,0,0,0,0,0,0,0,1,3,1,0,0,0,2
’†–μ‹ζ‘εa’¬‚R’–Ϊ,9,0,0,0,1,0,0,1,0,0,0,0,0,0,0,0,0,0,0,6,0,1,2,0,0,0,0,0,0,0,3,2,1,0,0,0,1
’†–μ‹ζ‘εa’¬‚S’–Ϊ,5,0,0,0,0,0,0,0,0,0,0,0,0,0,0,0,0,0,0,4,0,0,3,0,0,0,0,0,0,0,1,1,1,0,0,0,0
’†–μ‹ζ–ν¶’¬‚P’–Ϊ,16,0,0,0,1,0,0,1,0,0,1,0,0,0,0,0,0,0,1,7,0,1,5,0,0,0,0,0,0,0,1,7,1,1,1,0,4
’†–μ‹ζ–ν¶’¬‚Q’–Ϊ,18,3,0,3,2,0,1,0,1,0,2,0,0,0,1,0,0,0,1,4,0,0,1,0,0,0,0,0,0,0,3,7,4,1,0,0,2
’†–μ‹ζ–ν¶’¬‚R’–Ϊ,11,1,0,1,0,0,0,0,0,0,0,0,0,0,0,0,0,0,0,7,0,0,2,1,0,0,0,0,0,0,4,3,3,0,0,0,0
’†–μ‹ζ–ν¶’¬‚S’–Ϊ,7,0,0,0,2,0,1,0,1,0,0,0,0,0,0,0,0,0,0,1,0,0,0,0,0,0,0,0,1,0,0,4,3,0,0,0,1
’†–μ‹ζ–ν¶’¬‚T’–Ϊ,11,0,0,0,2,0,1,1,0,0,0,0,0,0,0,0,0,0,0,8,0,0,2,1,0,2,0,0,0,0,3,1,0,0,0,0,1
’†–μ‹ζ–ν¶’¬‚U’–Ϊ,2,0,0,0,0,0,0,0,0,0,0,0,0,0,0,0,0,0,0,0,0,0,0,0,0,0,0,0,0,0,0,2,2,0,0,0,0
’†–μ‹ζα‹{‚P’–Ϊ,10,0,0,0,0,0,0,0,0,0,0,0,0,0,0,0,0,0,0,4,0,0,3,0,0,0,0,0,0,0,1,6,1,0,0,0,5
’†–μ‹ζα‹{‚Q’–Ϊ,8,0,0,0,0,0,0,0,0,0,3,0,0,0,0,3,0,0,0,5,0,0,3,0,0,0,0,0,0,2,0,0,0,0,0,0,0
’†–μ‹ζα‹{‚R’–Ϊ,6,0,0,0,0,0,0,0,0,0,0,0,0,0,0,0,0,0,0,4,0,0,1,0,0,0,0,0,0,0,3,2,2,0,0,0,0
’†–μ‹ζv,1106,10,2,8,111,0,66,25,20,0,45,0,1,3,10,21,2,0,8,598,1,14,296,18,1,13,4,0,11,99,141,342,135,24,6,0,177
™•ΐ‹ζΆ²’J–k‚P’–Ϊ,29,1,1,0,1,0,1,0,0,0,0,0,0,0,0,0,0,0,0,23,0,0,8,0,0,0,0,0,0,13,2,4,3,0,0,0,1
™•ΐ‹ζΆ²’J–k‚Q’–Ϊ,18,0,0,0,1,0,0,1,0,0,0,0,0,0,0,0,0,0,0,11,0,0,7,0,0,0,0,0,0,0,4,6,2,2,0,0,2
™•ΐ‹ζΆ²’J–k‚R’–Ϊ,2,0,0,0,0,0,0,0,0,0,0,0,0,0,0,0,0,0,0,1,0,0,1,0,0,0,0,0,0,0,0,1,0,0,0,0,1
™•ΐ‹ζΆ²’J–k‚S’–Ϊ,7,0,0,0,2,0,2,0,0,0,0,0,0,0,0,0,0,0,0,4,0,1,1,1,0,0,0,0,0,1,0,1,1,0,0,0,0
™•ΐ‹ζΆ²’J–k‚T’–Ϊ,4,0,0,0,1,0,1,0,0,0,0,0,0,0,0,0,0,0,0,0,0,0,0,0,0,0,0,0,0,0,0,3,3,0,0,0,0
™•ΐ‹ζΆ²’J–k‚U’–Ϊ,5,0,0,0,0,0,0,0,0,0,0,0,0,0,0,0,0,0,0,4,0,0,2,0,0,0,0,0,0,2,0,1,1,0,0,0,0
™•ΐ‹ζΆ²’J“μ‚P’–Ϊ,31,0,0,0,1,0,0,1,0,0,0,0,0,0,0,0,0,0,0,22,0,0,3,0,0,0,0,0,0,16,3,8,8,0,0,0,0
™•ΐ‹ζΆ²’J“μ‚Q’–Ϊ,22,1,0,1,0,0,0,0,0,0,0,0,0,0,0,0,0,0,0,20,0,0,15,1,0,0,0,0,1,1,2,1,1,0,0,0,0
™•ΐ‹ζΆ²’J“μ‚R’–Ϊ,37,0,0,0,2,0,1,0,1,0,1,0,0,0,0,1,0,0,0,24,0,0,17,1,0,0,0,0,0,2,4,10,4,1,0,0,5
™•ΐ‹ζ“Vΐ‚P’–Ϊ,5,0,0,0,0,0,0,0,0,0,0,0,0,0,0,0,0,0,0,3,0,0,2,1,0,0,0,0,0,0,0,2,0,0,0,0,2
™•ΐ‹ζ“Vΐ‚Q’–Ϊ,7,0,0,0,0,0,0,0,0,0,0,0,0,0,0,0,0,0,0,5,0,0,1,0,0,0,0,0,0,3,1,2,1,0,1,0,0
™•ΐ‹ζ“Vΐ‚R’–Ϊ,35,0,0,0,2,0,1,0,0,1,0,0,0,0,0,0,0,0,0,20,0,0,16,0,0,0,0,0,0,0,4,13,5,1,0,0,7
™•ΐ‹ζδ‘‚P’–Ϊ,5,0,0,0,0,0,0,0,0,0,0,0,0,0,0,0,0,0,0,5,0,0,3,0,0,0,0,0,0,1,1,0,0,0,0,0,0
™•ΐ‹ζδ‘‚Q’–Ϊ,10,1,0,1,0,0,0,0,0,0,0,0,0,0,0,0,0,0,0,8,0,0,8,0,0,0,0,0,0,0,0,1,1,0,0,0,0
™•ΐ‹ζδ‘‚R’–Ϊ,11,0,0,0,1,0,1,0,0,0,0,0,0,0,0,0,0,0,0,6,0,0,1,1,0,0,0,0,0,1,3,4,0,0,0,0,4
™•ΐ‹ζδ‘‚S’–Ϊ,4,0,0,0,1,0,0,1,0,0,0,0,0,0,0,0,0,0,0,0,0,0,0,0,0,0,0,0,0,0,0,3,2,0,0,0,1
™•ΐ‹ζδ‘‚T’–Ϊ,5,0,0,0,1,0,0,1,0,0,0,0,0,0,0,0,0,0,0,4,0,0,2,0,0,0,0,0,0,1,1,0,0,0,0,0,0
™•ΐ‹ζaς‚P’–Ϊ,13,1,0,1,3,0,2,0,1,0,0,0,0,0,0,0,0,0,0,6,0,0,4,0,0,0,0,0,0,0,2,3,1,0,1,0,1
™•ΐ‹ζaς‚Q’–Ϊ,10,2,0,2,1,0,0,0,0,1,0,0,0,0,0,0,0,0,0,5,0,0,2,0,0,0,0,0,0,0,3,2,0,0,0,0,2
™•ΐ‹ζaς‚R’–Ϊ,10,0,0,0,1,0,0,1,0,0,0,0,0,0,0,0,0,0,0,5,0,0,3,0,0,0,0,0,0,2,0,4,1,0,0,0,3
™•ΐ‹ζaς‚S’–Ϊ,18,0,0,0,0,0,0,0,0,0,0,0,0,0,0,0,0,0,0,13,0,0,7,0,0,0,0,0,0,6,0,5,3,0,0,0,2
™•ΐ‹ζ΅μ‚Q’–Ϊ,4,0,0,0,0,0,0,0,0,0,0,0,0,0,0,0,0,0,0,3,0,0,2,0,0,0,0,0,0,0,1,1,0,0,1,0,0
™•ΐ‹ζ΅μ‚R’–Ϊ,1,0,0,0,0,0,0,0,0,0,0,0,0,0,0,0,0,0,0,1,0,0,1,0,0,0,0,0,0,0,0,0,0,0,0,0,0
™•ΐ‹ζ΅μ‚S’–Ϊ,5,0,0,0,0,0,0,0,0,0,0,0,0,0,0,0,0,0,0,2,0,0,1,0,0,0,0,0,0,0,1,3,1,0,0,0,2
™•ΐ‹ζ”~—Ά‚P’–Ϊ,10,0,0,0,2,0,1,1,0,0,0,0,0,0,0,0,0,0,0,6,0,0,5,1,0,0,0,0,0,0,0,2,0,1,0,0,1
™•ΐ‹ζ”~—Ά‚Q’–Ϊ,9,0,0,0,0,0,0,0,0,0,0,0,0,0,0,0,0,0,0,3,0,0,3,0,0,0,0,0,0,0,0,6,5,0,0,0,1
™•ΐ‹ζ‰i•‚P’–Ϊ,18,0,0,0,1,0,1,0,0,0,2,0,0,0,0,2,0,0,0,13,0,0,12,0,0,0,1,0,0,0,0,2,1,0,0,0,1
™•ΐ‹ζ‰i•‚Q’–Ϊ,11,0,0,0,2,0,1,1,0,0,0,0,0,0,0,0,0,0,0,7,0,0,3,0,0,0,0,0,0,4,0,2,2,0,0,0,0
™•ΐ‹ζ‰i•‚R’–Ϊ,11,0,0,0,0,0,0,0,0,0,2,0,0,0,0,0,0,0,2,8,0,0,3,0,0,0,0,0,0,4,1,1,0,0,0,0,1
™•ΐ‹ζ‰i•‚S’–Ϊ,9,0,0,0,0,0,0,0,0,0,0,0,0,0,0,0,0,0,0,5,0,0,1,0,0,0,0,0,0,0,4,4,4,0,0,0,0
™•ΐ‹ζ‘ε‹{‚P’–Ϊ,3,0,0,0,0,0,0,0,0,0,0,0,0,0,0,0,0,0,0,2,0,0,1,0,0,0,0,0,0,0,1,1,0,0,0,0,1
™•ΐ‹ζ‘ε‹{‚Q’–Ϊ,4,0,0,0,2,0,1,1,0,0,0,0,0,0,0,0,0,0,0,1,0,0,1,0,0,0,0,0,0,0,0,1,1,0,0,0,0
™•ΐ‹ζ‰¬E‚P’–Ϊ,6,0,0,0,0,0,0,0,0,0,0,0,0,0,0,0,0,0,0,3,0,0,1,0,0,0,0,0,0,0,2,3,2,0,0,0,1
™•ΐ‹ζ‰¬E‚Q’–Ϊ,1,0,0,0,0,0,0,0,0,0,1,0,0,0,0,1,0,0,0,0,0,0,0,0,0,0,0,0,0,0,0,0,0,0,0,0,0
™•ΐ‹ζ‰¬E‚R’–Ϊ,12,0,0,0,1,0,1,0,0,0,0,0,0,0,0,0,0,0,0,7,0,0,6,0,0,0,0,0,0,0,1,4,3,0,0,0,1
™•ΐ‹ζ‰¬E‚S’–Ϊ,9,0,0,0,0,0,0,0,0,0,0,0,0,0,0,0,0,0,0,4,0,0,2,0,0,0,0,0,0,0,2,5,2,1,0,0,2
™•ΐ‹ζ‰¬E‚T’–Ϊ,25,0,0,0,0,0,0,0,0,0,0,0,0,0,0,0,0,0,0,15,0,0,10,0,0,0,0,0,0,2,3,10,5,2,0,0,3
™•ΐ‹ζγδ‘‚P’–Ϊ,9,0,0,0,2,0,0,2,0,0,0,0,0,0,0,0,0,0,0,5,0,0,2,0,0,0,0,0,0,2,1,2,1,0,0,0,1
™•ΐ‹ζγδ‘‚Q’–Ϊ,13,0,0,0,1,0,1,0,0,0,0,0,0,0,0,0,0,0,0,8,0,0,7,0,0,0,0,0,0,1,0,4,4,0,0,0,0
™•ΐ‹ζγδ‘‚R’–Ϊ,11,0,0,0,1,0,0,1,0,0,1,0,0,0,0,0,0,1,0,9,0,0,4,0,0,0,0,0,0,2,3,0,0,0,0,0,0
™•ΐ‹ζγδ‘‚S’–Ϊ,7,0,0,0,1,0,0,1,0,0,0,0,0,0,0,0,0,0,0,4,0,0,1,0,0,0,0,0,0,0,3,2,1,0,0,0,1
™•ΐ‹ζγ‰¬‚P’–Ϊ,78,2,0,2,3,0,3,0,0,0,0,0,0,0,0,0,0,0,0,55,0,0,12,1,0,0,0,0,1,32,9,18,4,3,0,0,11
™•ΐ‹ζγ‰¬‚Q’–Ϊ,5,0,0,0,0,0,0,0,0,0,0,0,0,0,0,0,0,0,0,3,0,0,2,0,0,0,0,1,0,0,0,2,2,0,0,0,0
™•ΐ‹ζγ‰¬‚R’–Ϊ,2,0,0,0,0,0,0,0,0,0,0,0,0,0,0,0,0,0,0,1,0,0,1,0,0,0,0,0,0,0,0,1,1,0,0,0,0
™•ΐ‹ζγ‰¬‚S’–Ϊ,6,0,0,0,1,0,1,0,0,0,0,0,0,0,0,0,0,0,0,3,0,0,2,0,0,0,0,0,0,0,1,2,0,0,0,0,2
™•ΐ‹ζγ‚δΛ‚P’–Ϊ,31,3,0,3,5,0,3,1,0,1,1,0,0,0,0,0,0,0,1,15,0,0,7,0,0,0,0,0,0,4,4,7,3,1,0,0,3
™•ΐ‹ζγ‚δΛ‚Q’–Ϊ,7,0,0,0,3,0,2,1,0,0,0,0,0,0,0,0,0,0,0,4,0,0,0,0,0,0,0,0,0,0,4,0,0,0,0,0,0
™•ΐ‹ζγ‚δΛ‚R’–Ϊ,1,0,0,0,0,0,0,0,0,0,0,0,0,0,0,0,0,0,0,0,0,0,0,0,0,0,0,0,0,0,0,1,0,0,0,0,1
™•ΐ‹ζ‹v‰δR‚P’–Ϊ,1,0,0,0,0,0,0,0,0,0,0,0,0,0,0,0,0,0,0,0,0,0,0,0,0,0,0,0,0,0,0,1,0,0,0,0,1
™•ΐ‹ζ‹v‰δR‚Q’–Ϊ,6,0,0,0,0,0,0,0,0,0,0,0,0,0,0,0,0,0,0,4,0,0,2,0,0,0,0,0,0,1,1,2,1,0,0,0,1
™•ΐ‹ζ‹v‰δR‚R’–Ϊ,11,1,0,1,1,0,1,0,0,0,0,0,0,0,0,0,0,0,0,5,0,0,2,0,0,0,0,0,0,3,0,4,0,2,0,0,2
™•ΐ‹ζ‹v‰δR‚S’–Ϊ,8,0,0,0,1,0,0,0,1,0,0,0,0,0,0,0,0,0,0,5,0,0,3,0,0,0,0,0,0,0,2,2,1,1,0,0,0
™•ΐ‹ζ‹v‰δR‚T’–Ϊ,15,0,0,0,2,0,2,0,0,0,0,0,0,0,0,0,0,0,0,11,0,0,6,0,0,0,0,0,0,4,1,2,0,0,0,0,2
™•ΐ‹ζ‚‰~›–k‚P’–Ϊ,6,0,0,0,0,0,0,0,0,0,0,0,0,0,0,0,0,0,0,6,0,2,2,0,0,0,0,0,0,1,1,0,0,0,0,0,0
™•ΐ‹ζ‚‰~›–k‚Q’–Ϊ,47,0,0,0,3,0,2,1,0,0,1,0,0,0,0,1,0,0,0,28,0,0,12,2,0,0,0,0,0,2,12,15,4,3,2,0,6
™•ΐ‹ζ‚‰~›–k‚R’–Ϊ,39,0,0,0,3,0,2,1,0,0,0,0,0,0,0,0,0,0,0,23,0,0,13,1,0,0,0,0,0,0,9,13,6,1,0,0,6
™•ΐ‹ζ‚‰~›–k‚S’–Ϊ,7,0,0,0,0,0,0,0,0,0,0,0,0,0,0,0,0,0,0,5,0,0,2,0,0,0,0,0,0,1,2,2,0,0,0,0,2
™•ΐ‹ζ‚‰~›“μ‚P’–Ϊ,21,0,0,0,2,0,0,2,0,0,0,0,0,0,0,0,0,0,0,11,0,0,6,2,0,1,0,0,0,0,2,8,0,0,0,0,8
™•ΐ‹ζ‚‰~›“μ‚Q’–Ϊ,26,0,0,0,3,0,2,1,0,0,0,0,0,0,0,0,0,0,0,15,0,1,5,0,0,0,1,0,0,6,2,8,2,0,0,0,6
™•ΐ‹ζ‚‰~›“μ‚R’–Ϊ,31,0,0,0,3,0,3,0,0,0,2,0,0,0,0,0,0,0,2,17,0,0,11,1,0,0,0,0,1,1,3,9,4,2,0,0,3
™•ΐ‹ζ‚‰~›“μ‚S’–Ϊ,65,0,0,0,3,0,3,0,0,0,1,0,0,0,1,0,0,0,0,46,0,0,15,5,0,0,1,0,0,20,5,15,3,2,0,0,10
™•ΐ‹ζ‚‰~›“μ‚T’–Ϊ,6,0,0,0,2,0,1,0,1,0,0,0,0,0,0,0,0,0,0,3,0,0,3,0,0,0,0,0,0,0,0,1,0,0,0,0,1
™•ΐ‹ζ΄…‚P’–Ϊ,3,0,0,0,0,0,0,0,0,0,0,0,0,0,0,0,0,0,0,2,0,0,0,0,0,0,0,0,0,2,0,1,0,0,0,0,1
™•ΐ‹ζ΄…‚R’–Ϊ,4,0,0,0,0,0,0,0,0,0,0,0,0,0,0,0,0,0,0,3,0,0,2,0,0,0,0,0,0,1,0,1,1,0,0,0,0
™•ΐ‹ζ‰Ίδ‘‚P’–Ϊ,3,0,0,0,0,0,0,0,0,0,0,0,0,0,0,0,0,0,0,2,0,0,2,0,0,0,0,0,0,0,0,1,0,0,0,0,1
™•ΐ‹ζ‰Ίδ‘‚Q’–Ϊ,19,0,0,0,0,0,0,0,0,0,0,0,0,0,0,0,0,0,0,15,0,0,9,0,0,0,0,0,0,4,2,4,0,1,0,0,3
™•ΐ‹ζ‰Ίδ‘‚R’–Ϊ,6,0,0,0,0,0,0,0,0,0,0,0,0,0,0,0,0,0,0,3,0,0,1,1,0,0,0,0,0,0,1,3,1,0,0,0,2
™•ΐ‹ζ‰Ίδ‘‚S’–Ϊ,3,0,0,0,0,0,0,0,0,0,1,0,0,0,0,0,0,0,1,1,0,0,1,0,0,0,0,0,0,0,0,1,0,0,0,0,1
™•ΐ‹ζ‰Ίδ‘‚T’–Ϊ,9,0,0,0,0,0,0,0,0,0,0,0,0,0,0,0,0,0,0,6,0,0,4,0,0,0,0,0,0,2,0,3,2,0,0,0,1
™•ΐ‹ζ‰Ί‚δΛ‚P’–Ϊ,21,1,0,1,1,0,1,0,0,0,0,0,0,0,0,0,0,0,0,13,0,0,7,0,0,2,0,0,0,0,4,6,4,1,0,0,1
™•ΐ‹ζ‰Ί‚δΛ‚Q’–Ϊ,10,0,0,0,3,0,2,1,0,0,0,0,0,0,0,0,0,0,0,5,0,0,2,0,0,0,0,0,0,3,0,2,1,0,0,0,1
™•ΐ‹ζ‰Ί‚δΛ‚R’–Ϊ,8,0,0,0,1,0,0,1,0,0,0,0,0,0,0,0,0,0,0,3,0,0,1,0,0,0,0,0,0,1,1,4,0,0,0,0,4
™•ΐ‹ζ‰Ί‚δΛ‚S’–Ϊ,8,0,0,0,0,0,0,0,0,0,0,0,0,0,0,0,0,0,0,4,0,0,2,1,0,0,0,0,0,0,1,4,1,0,0,0,3
™•ΐ‹ζ‰Ί‚δΛ‚T’–Ϊ,7,0,0,0,0,0,0,0,0,0,0,0,0,0,0,0,0,0,0,5,0,0,1,0,0,1,0,0,0,2,1,2,1,0,0,0,1
™•ΐ‹ζΌΑ‚P’–Ϊ,4,0,0,0,0,0,0,0,0,0,0,0,0,0,0,0,0,0,0,2,0,0,2,0,0,0,0,0,0,0,0,2,1,0,0,0,1
™•ΐ‹ζΌΑ‚Q’–Ϊ,4,0,0,0,0,0,0,0,0,0,0,0,0,0,0,0,0,0,0,1,0,0,0,0,0,0,0,0,0,0,1,3,1,0,0,0,2
™•ΐ‹ζΌΑ‚R’–Ϊ,10,0,0,0,0,0,0,0,0,0,1,0,0,0,1,0,0,0,0,9,0,0,5,0,0,0,0,0,0,3,1,0,0,0,0,0,0
™•ΐ‹ζ‘P•›‚P’–Ϊ,4,0,0,0,0,0,0,0,0,0,0,0,0,0,0,0,0,0,0,0,0,0,0,0,0,0,0,0,0,0,0,4,4,0,0,0,0
™•ΐ‹ζ‘P•›‚Q’–Ϊ,3,0,0,0,0,0,0,0,0,0,1,0,0,0,0,0,0,0,1,2,0,0,2,0,0,0,0,0,0,0,0,0,0,0,0,0,0
™•ΐ‹ζ‘P•›‚R’–Ϊ,5,0,0,0,1,0,0,1,0,0,0,0,0,0,0,0,0,0,0,4,0,0,4,0,0,0,0,0,0,0,0,0,0,0,0,0,0
™•ΐ‹ζ‘P•›‚S’–Ϊ,1,0,0,0,0,0,0,0,0,0,0,0,0,0,0,0,0,0,0,1,0,0,1,0,0,0,0,0,0,0,0,0,0,0,0,0,0
™•ΐ‹ζ‚δΛΌ‚P’–Ϊ,10,0,0,0,2,0,1,1,0,0,0,0,0,0,0,0,0,0,0,7,0,0,2,0,0,0,0,0,0,3,2,1,0,1,0,0,0
™•ΐ‹ζ‚δΛΌ‚Q’–Ϊ,3,0,0,0,2,0,0,2,0,0,0,0,0,0,0,0,0,0,0,1,0,0,0,0,0,0,0,0,0,0,1,0,0,0,0,0,0
™•ΐ‹ζ‚δΛΌ‚R’–Ϊ,4,1,0,1,0,0,0,0,0,0,0,0,0,0,0,0,0,0,0,1,0,0,1,0,0,0,0,0,0,0,0,2,0,0,0,0,2
™•ΐ‹ζ‚δΛ“‚P’–Ϊ,8,0,0,0,0,0,0,0,0,0,4,0,0,0,0,4,0,0,0,1,0,0,0,0,0,1,0,0,0,0,0,3,1,0,0,0,2
™•ΐ‹ζ‚δΛ“‚Q’–Ϊ,9,0,0,0,0,0,0,0,0,0,0,0,0,0,0,0,0,0,0,5,0,0,1,0,0,1,0,0,0,0,3,4,2,0,0,0,2
™•ΐ‹ζ‚δΛ“‚R’–Ϊ,14,0,0,0,1,0,0,0,1,0,1,0,0,0,0,0,0,0,1,8,0,0,6,0,0,0,0,0,0,1,1,4,2,0,0,0,2
™•ΐ‹ζ‚δΛ“‚S’–Ϊ,12,1,1,0,0,0,0,0,0,0,0,0,0,0,0,0,0,0,0,9,0,0,5,3,0,0,0,0,0,1,0,2,0,0,0,0,2
™•ΐ‹ζ¬“cΌ‚P’–Ϊ,4,0,0,0,0,0,0,0,0,0,0,0,0,0,0,0,0,0,0,3,0,0,1,0,0,0,0,0,0,0,2,1,0,0,0,0,1
™•ΐ‹ζ¬“cΌ‚R’–Ϊ,5,0,0,0,0,0,0,0,0,0,0,0,0,0,0,0,0,0,0,3,0,0,0,2,0,0,0,0,0,0,1,2,1,0,0,0,1
™•ΐ‹ζ¬“cΌ‚S’–Ϊ,3,0,0,0,0,0,0,0,0,0,0,0,0,0,0,0,0,0,0,2,0,0,1,0,0,0,0,0,0,0,1,1,0,0,0,0,1
™•ΐ‹ζ¬“c“‚P’–Ϊ,13,0,0,0,1,0,0,1,0,0,0,0,0,0,0,0,0,0,0,10,0,0,3,2,0,0,0,0,0,4,1,2,1,0,0,0,1
™•ΐ‹ζ¬“c“‚Q’–Ϊ,6,0,0,0,0,0,0,0,0,0,0,0,0,0,0,0,0,0,0,3,0,0,2,0,0,0,0,0,0,0,1,3,0,0,0,0,3
™•ΐ‹ζ¬“c“‚R’–Ϊ,3,0,0,0,1,0,1,0,0,0,0,0,0,0,0,0,0,0,0,1,0,0,0,0,0,0,0,0,0,0,1,1,0,0,0,0,1
™•ΐ‹ζ¬“c“‚S’–Ϊ,8,0,0,0,0,0,0,0,0,0,0,0,0,0,0,0,0,0,0,5,0,0,4,0,0,0,0,0,0,0,1,3,2,1,0,0,0
™•ΐ‹ζ¬“c“‚T’–Ϊ,6,0,0,0,0,0,0,0,0,0,0,0,0,0,0,0,0,0,0,5,0,0,2,0,0,0,0,0,0,3,0,1,0,0,0,0,1
™•ΐ‹ζΌ‰¬–k‚P’–Ϊ,3,0,0,0,0,0,0,0,0,0,0,0,0,0,0,0,0,0,0,3,0,0,3,0,0,0,0,0,0,0,0,0,0,0,0,0,0
™•ΐ‹ζΌ‰¬–k‚Q’–Ϊ,14,0,0,0,0,0,0,0,0,0,0,0,0,0,0,0,0,0,0,10,0,0,4,0,0,1,0,0,0,0,5,4,2,0,0,0,2
™•ΐ‹ζΌ‰¬–k‚R’–Ϊ,11,0,0,0,1,0,1,0,0,0,0,0,0,0,0,0,0,0,0,6,0,0,4,0,0,0,0,0,0,1,1,4,1,0,0,0,3
™•ΐ‹ζΌ‰¬–k‚S’–Ϊ,4,0,0,0,0,0,0,0,0,0,1,0,0,0,0,1,0,0,0,1,0,0,1,0,0,0,0,0,0,0,0,2,0,0,0,0,2
™•ΐ‹ζΌ‰¬“μ‚P’–Ϊ,2,0,0,0,0,0,0,0,0,0,1,0,0,0,0,0,0,0,1,0,0,0,0,0,0,0,0,0,0,0,0,1,1,0,0,0,0
™•ΐ‹ζΌ‰¬“μ‚R’–Ϊ,28,1,1,0,1,0,0,1,0,0,0,0,0,0,0,0,0,0,0,26,0,0,11,0,0,0,0,0,0,11,4,0,0,0,0,0,0
™•ΐ‹ζΌ‰¬“μ‚S’–Ϊ,4,0,0,0,0,0,0,0,0,0,0,0,0,0,0,0,0,0,0,4,0,0,3,0,0,0,0,0,0,1,0,0,0,0,0,0,0
™•ΐ‹ζ•l“cR‚P’–Ϊ,6,0,0,0,0,0,0,0,0,0,0,0,0,0,0,0,0,0,0,3,0,0,2,0,0,1,0,0,0,0,0,3,1,0,0,0,2
™•ΐ‹ζ•l“cR‚Q’–Ϊ,7,0,0,0,0,0,0,0,0,0,1,0,0,0,0,0,0,0,1,4,0,0,4,0,0,0,0,0,0,0,0,2,0,1,0,0,1
™•ΐ‹ζ•l“cR‚R’–Ϊ,15,0,0,0,2,0,0,1,1,0,0,0,0,0,0,0,0,0,0,12,0,0,8,1,0,0,0,0,0,3,0,1,1,0,0,0,0
™•ΐ‹ζ•l“cR‚S’–Ϊ,4,0,0,0,0,0,0,0,0,0,0,0,0,0,0,0,0,0,0,2,0,0,2,0,0,0,0,0,0,0,0,2,0,0,0,0,2
™•ΐ‹ζ•ϋ“μ‚P’–Ϊ,20,0,0,0,1,0,1,0,0,0,0,0,0,0,0,0,0,0,0,12,0,0,8,0,0,0,0,0,0,1,3,7,4,0,1,0,2
™•ΐ‹ζ•ϋ“μ‚Q’–Ϊ,12,0,0,0,3,0,2,1,0,0,0,0,0,0,0,0,0,0,0,5,0,0,0,0,0,0,0,0,0,2,3,4,0,0,0,0,4
™•ΐ‹ζ–xƒm“ΰ‚P’–Ϊ,7,0,0,0,0,0,0,0,0,0,0,0,0,0,0,0,0,0,0,7,0,0,6,0,0,0,0,0,0,0,1,0,0,0,0,0,0
™•ΐ‹ζ–xƒm“ΰ‚Q’–Ϊ,20,0,0,0,1,0,1,0,0,0,0,0,0,0,0,0,0,0,0,13,0,1,8,0,0,0,0,0,0,0,4,6,2,0,0,0,4
™•ΐ‹ζ–xƒm“ΰ‚R’–Ϊ,20,0,0,0,1,0,0,1,0,0,0,0,0,0,0,0,0,0,0,14,0,0,8,0,0,0,0,0,0,3,3,5,4,0,0,0,1
™•ΐ‹ζ–{“Vΐ‚P’–Ϊ,5,0,0,0,1,0,0,1,0,0,0,0,0,0,0,0,0,0,0,0,0,0,0,0,0,0,0,0,0,0,0,4,0,0,0,0,4
™•ΐ‹ζ–{“Vΐ‚Q’–Ϊ,8,0,0,0,1,0,1,0,0,0,0,0,0,0,0,0,0,0,0,4,0,0,3,0,0,0,0,0,0,0,1,3,0,0,0,0,3
™•ΐ‹ζ–{“Vΐ‚R’–Ϊ,6,0,0,0,1,0,1,0,0,0,0,0,0,0,0,0,0,0,0,2,0,0,1,0,0,0,0,0,0,0,1,3,2,0,0,0,1
™•ΐ‹ζΌƒm–Ψ‚P’–Ϊ,14,0,0,0,1,0,0,1,0,0,0,0,0,0,0,0,0,0,0,9,0,0,6,0,0,0,0,0,0,2,1,4,0,0,0,0,4
™•ΐ‹ζΌƒm–Ψ‚Q’–Ϊ,4,0,0,0,0,0,0,0,0,0,0,0,0,0,0,0,0,0,0,3,0,0,1,0,0,0,0,0,0,0,2,1,0,0,0,0,1
™•ΐ‹ζΌƒm–Ψ‚R’–Ϊ,9,0,0,0,0,0,0,0,0,0,0,0,0,0,0,0,0,0,0,3,0,0,3,0,0,0,0,0,0,0,0,6,2,0,0,0,4
™•ΐ‹ζ“μ‰¬E‚P’–Ϊ,6,0,0,0,0,0,0,0,0,0,0,0,0,0,0,0,0,0,0,2,0,0,2,0,0,0,0,0,0,0,0,4,3,0,0,0,1
™•ΐ‹ζ“μ‰¬E‚Q’–Ϊ,5,0,0,0,0,0,0,0,0,0,0,0,0,0,0,0,0,0,0,1,0,0,0,0,0,0,0,0,0,0,1,4,2,0,0,0,2
™•ΐ‹ζ“μ‰¬E‚R’–Ϊ,3,0,0,0,0,0,0,0,0,0,0,0,0,0,0,0,0,0,0,2,0,0,2,0,0,0,0,0,0,0,0,1,0,0,0,0,1
™•ΐ‹ζ“μ‰¬E‚S’–Ϊ,5,0,0,0,0,0,0,0,0,0,0,0,0,0,0,0,0,0,0,2,0,0,1,0,0,0,0,0,0,0,1,3,2,0,0,0,1
™•ΐ‹ζ‹{‘O‚P’–Ϊ,1,0,0,0,0,0,0,0,0,0,0,0,0,0,0,0,0,0,0,0,0,0,0,0,0,0,0,0,0,0,0,1,0,0,0,0,1
™•ΐ‹ζ‹{‘O‚Q’–Ϊ,4,0,0,0,0,0,0,0,0,0,0,0,0,0,0,0,0,0,0,4,0,0,1,0,0,0,0,0,0,0,3,0,0,0,0,0,0
™•ΐ‹ζ‹{‘O‚R’–Ϊ,7,0,0,0,2,0,1,0,1,0,0,0,0,0,0,0,0,0,0,5,0,0,3,0,0,0,0,0,0,0,2,0,0,0,0,0,0
™•ΐ‹ζ‹{‘O‚S’–Ϊ,4,0,0,0,2,0,1,1,0,0,0,0,0,0,0,0,0,0,0,1,0,0,1,0,0,0,0,0,0,0,0,1,1,0,0,0,0
™•ΐ‹ζ‹{‘O‚T’–Ϊ,3,0,0,0,0,0,0,0,0,0,0,0,0,0,0,0,0,0,0,3,0,0,2,0,0,0,0,0,0,0,1,0,0,0,0,0,0
™•ΐ‹ζ“δ‚P’–Ϊ,2,0,0,0,1,0,0,1,0,0,1,0,0,0,0,0,0,1,0,0,0,0,0,0,0,0,0,0,0,0,0,0,0,0,0,0,0
™•ΐ‹ζ“δ‚Q’–Ϊ,2,0,0,0,0,0,0,0,0,0,0,0,0,0,0,0,0,0,0,0,0,0,0,0,0,0,0,0,0,0,0,2,1,0,0,0,1
™•ΐ‹ζ“δ‚R’–Ϊ,3,0,0,0,2,0,0,1,1,0,0,0,0,0,0,0,0,0,0,1,0,0,1,0,0,0,0,0,0,0,0,0,0,0,0,0,0
™•ΐ‹ζ“δ‚S’–Ϊ,4,0,0,0,1,0,1,0,0,0,0,0,0,0,0,0,0,0,0,1,0,0,0,0,0,0,0,0,0,0,1,2,1,0,0,0,1
™•ΐ‹ζa“c‚P’–Ϊ,10,0,0,0,2,0,1,1,0,0,1,0,0,0,0,1,0,0,0,4,0,0,2,0,0,0,0,0,0,1,1,3,1,1,0,0,1
™•ΐ‹ζa“c‚Q’–Ϊ,10,0,0,0,2,0,0,0,2,0,0,0,0,0,0,0,0,0,0,3,0,0,1,0,0,0,0,0,0,0,2,5,3,0,0,0,2
™•ΐ‹ζa“c‚R’–Ϊ,17,0,0,0,2,0,0,2,0,0,0,0,0,0,0,0,0,0,0,7,0,0,5,0,0,0,0,0,0,1,1,8,4,0,0,0,4
™•ΐ‹ζv,1434,16,3,13,107,0,56,38,10,3,25,0,0,0,2,11,0,2,10,879,0,5,456,28,0,8,3,1,3,195,180,407,164,29,6,0,208
–L“‡‹ζ’r‘ά‚P’–Ϊ,27,3,1,2,6,0,4,1,0,1,0,0,0,0,0,0,0,0,0,11,0,1,2,0,0,0,0,0,0,2,6,7,4,1,0,0,2
–L“‡‹ζ’r‘ά‚Q’–Ϊ,101,3,2,1,6,0,1,5,0,0,9,1,0,0,2,1,4,0,1,53,1,1,22,0,0,0,0,0,0,3,26,30,16,0,0,0,14
–L“‡‹ζ’r‘ά‚R’–Ϊ,32,0,0,0,3,0,1,2,0,0,3,0,0,1,0,1,0,1,0,12,1,0,4,1,0,0,0,0,0,1,5,14,7,1,0,0,6
–L“‡‹ζ’r‘ά‚S’–Ϊ,13,0,0,0,0,0,0,0,0,0,1,0,0,0,0,1,0,0,0,11,0,0,7,1,0,0,0,0,0,0,3,1,1,0,0,0,0
–L“‡‹ζ’r‘ά–{’¬‚P’–Ϊ,18,0,0,0,2,0,1,1,0,0,1,0,0,0,0,0,0,0,1,9,0,0,6,0,0,0,0,0,0,0,3,6,2,0,0,0,4
–L“‡‹ζ’r‘ά–{’¬‚Q’–Ϊ,17,1,0,1,1,0,1,0,0,0,0,0,0,0,0,0,0,0,0,9,0,0,3,1,0,0,0,0,0,2,3,6,2,3,0,0,1
–L“‡‹ζ’r‘ά–{’¬‚R’–Ϊ,11,0,0,0,1,0,1,0,0,0,0,0,0,0,0,0,0,0,0,5,0,0,4,0,0,0,0,0,0,0,1,5,2,0,0,0,3
–L“‡‹ζ’r‘ά–{’¬‚S’–Ϊ,14,0,0,0,2,0,0,2,0,0,0,0,0,0,0,0,0,0,0,8,0,0,4,1,0,0,0,0,0,0,3,4,2,0,0,0,2
–L“‡‹ζ—v’¬‚P’–Ϊ,25,0,0,0,4,0,0,3,1,0,0,0,0,0,0,0,0,0,0,18,0,1,13,0,0,0,0,0,0,2,2,3,2,0,0,0,1
–L“‡‹ζ—v’¬‚Q’–Ϊ,7,0,0,0,0,0,0,0,0,0,2,0,0,0,0,2,0,0,0,2,0,0,2,0,0,0,0,0,0,0,0,3,0,0,0,0,3
–L“‡‹ζ—v’¬‚R’–Ϊ,31,0,0,0,1,0,0,1,0,0,0,0,0,0,0,0,0,0,0,25,0,0,10,0,0,0,0,0,0,10,5,5,3,0,0,0,2
–L“‡‹ζγ’r‘ά‚P’–Ϊ,16,0,0,0,1,0,0,0,1,0,0,0,0,0,0,0,0,0,0,7,0,0,5,0,0,0,0,0,0,0,2,8,3,0,0,0,5
–L“‡‹ζγ’r‘ά‚Q’–Ϊ,18,0,0,0,2,0,2,0,0,0,0,0,0,0,0,0,0,0,0,13,0,0,9,1,0,0,1,0,0,0,2,3,0,0,0,0,3
–L“‡‹ζγ’r‘ά‚R’–Ϊ,9,0,0,0,0,0,0,0,0,0,0,0,0,0,0,0,0,0,0,6,0,0,4,0,0,0,0,0,0,0,2,3,1,0,0,0,2
–L“‡‹ζγ’r‘ά‚S’–Ϊ,15,0,0,0,0,0,0,0,0,0,0,0,0,0,0,0,0,0,0,8,0,0,4,1,0,0,0,0,0,0,3,7,5,0,0,0,2
–L“‡‹ζ–k‘ε’Λ‚P’–Ϊ,11,0,0,0,0,0,0,0,0,0,0,0,0,0,0,0,0,0,0,8,0,0,2,0,0,0,0,0,0,3,3,3,1,1,0,0,1
–L“‡‹ζ–k‘ε’Λ‚Q’–Ϊ,66,2,0,2,6,0,2,3,1,0,2,0,0,0,1,0,0,0,1,39,0,0,11,0,0,0,0,0,1,9,18,17,5,0,1,0,11
–L“‡‹ζ–k‘ε’Λ‚R’–Ϊ,15,0,0,0,0,0,0,0,0,0,0,0,0,0,0,0,0,0,0,7,0,0,3,2,0,0,0,0,0,0,2,8,4,0,1,0,3
–L“‡‹ζ‹ξ‚P’–Ϊ,14,1,0,1,1,0,1,0,0,0,0,0,0,0,0,0,0,0,0,6,0,0,1,0,0,0,0,0,0,1,4,6,2,0,0,0,4
–L“‡‹ζ‹ξ‚Q’–Ϊ,9,0,0,0,2,0,2,0,0,0,1,0,0,0,0,0,0,0,1,3,0,0,0,0,0,0,1,0,0,0,2,3,0,0,0,0,3
–L“‡‹ζ‹ξ‚R’–Ϊ,5,0,0,0,1,0,0,1,0,0,0,0,0,0,0,0,0,0,0,1,0,0,0,0,0,0,0,0,0,0,1,3,1,1,0,0,1
–L“‡‹ζ‹ξ‚S’–Ϊ,12,0,0,0,1,0,0,0,1,0,0,0,0,0,0,0,0,0,0,8,0,0,2,0,0,0,0,0,0,0,6,3,2,0,0,0,1
–L“‡‹ζ‹ξ‚U’–Ϊ,1,0,0,0,0,0,0,0,0,0,0,0,0,0,0,0,0,0,0,0,0,0,0,0,0,0,0,0,0,0,0,1,1,0,0,0,0
–L“‡‹ζ‹ξ‚V’–Ϊ,3,0,0,0,0,0,0,0,0,0,0,0,0,0,0,0,0,0,0,1,0,0,1,0,0,0,0,0,0,0,0,2,1,0,0,0,1
–L“‡‹ζ‘ƒ›‚P’–Ϊ,35,1,0,1,3,0,2,0,0,1,2,0,0,0,2,0,0,0,0,17,0,0,4,0,0,0,0,0,0,9,4,12,4,3,0,0,5
–L“‡‹ζ‘ƒ›‚Q’–Ϊ,33,0,0,0,1,0,1,0,0,0,1,0,0,0,1,0,0,0,0,26,0,0,8,0,0,0,0,0,1,7,10,5,4,0,0,0,1
–L“‡‹ζ‘ƒ›‚R’–Ϊ,23,0,0,0,4,0,2,1,0,1,0,0,0,0,0,0,0,0,0,15,0,1,7,0,0,0,2,0,0,1,4,4,3,0,0,0,1
–L“‡‹ζ‘ƒ›‚S’–Ϊ,9,0,0,0,1,0,0,1,0,0,0,0,0,0,0,0,0,0,0,5,0,0,0,1,0,0,0,0,0,0,4,3,2,1,0,0,0
–L“‡‹ζ‘ƒ›‚T’–Ϊ,6,0,0,0,0,0,0,0,0,0,0,0,0,0,0,0,0,0,0,5,0,0,3,0,0,0,0,0,0,0,2,1,1,0,0,0,0
–L“‡‹ζGi‚ª’J‚P’–Ϊ,6,0,0,0,0,0,0,0,0,0,0,0,0,0,0,0,0,0,0,2,0,0,1,0,0,0,0,0,0,0,1,4,2,0,0,0,2
–L“‡‹ζGi‚ª’J‚Q’–Ϊ,11,0,0,0,2,0,2,0,0,0,0,0,0,0,0,0,0,0,0,8,0,3,4,0,0,0,1,0,0,0,0,1,0,0,0,0,1
–L“‡‹ζGi‚ª’J‚R’–Ϊ,11,1,0,1,0,0,0,0,0,0,0,0,0,0,0,0,0,0,0,7,0,0,5,0,0,0,0,0,0,0,2,3,0,1,0,0,2
–L“‡‹ζ‚“c‚P’–Ϊ,12,1,0,1,2,0,0,1,1,0,0,0,0,0,0,0,0,0,0,8,0,0,4,1,0,0,0,0,0,0,3,1,1,0,0,0,0
–L“‡‹ζ‚“c‚Q’–Ϊ,12,0,0,0,1,0,0,1,0,0,0,0,0,0,0,0,0,0,0,10,0,1,5,0,0,0,0,0,0,1,3,1,1,0,0,0,0
–L“‡‹ζ‚“c‚R’–Ϊ,14,0,0,0,3,0,0,0,2,1,1,0,0,0,0,0,0,0,1,3,0,0,2,0,0,0,0,0,0,0,1,7,3,1,0,0,3
–L“‡‹ζ‚Ό‚P’–Ϊ,6,0,0,0,0,0,0,0,0,0,0,0,0,0,0,0,0,0,0,5,1,0,2,0,0,0,0,0,0,0,2,1,1,0,0,0,0
–L“‡‹ζ‚Ό‚Q’–Ϊ,5,0,0,0,0,0,0,0,0,0,0,0,0,0,0,0,0,0,0,2,0,0,0,0,0,0,0,0,0,0,2,3,2,0,0,0,1
–L“‡‹ζ‚Ό‚R’–Ϊ,8,0,0,0,0,0,0,0,0,0,0,0,0,0,0,0,0,0,0,6,0,0,2,0,0,0,0,0,0,0,4,2,2,0,0,0,0
–L“‡‹ζ’·θ‚P’–Ϊ,10,0,0,0,1,0,1,0,0,0,0,0,0,0,0,0,0,0,0,9,0,1,2,0,0,0,0,0,0,6,0,0,0,0,0,0,0
–L“‡‹ζ’·θ‚Q’–Ϊ,10,0,0,0,1,0,1,0,0,0,0,0,0,0,0,0,0,0,0,8,0,0,4,0,0,0,0,0,0,3,1,1,1,0,0,0,0
–L“‡‹ζ’·θ‚R’–Ϊ,6,0,0,0,0,0,0,0,0,0,0,0,0,0,0,0,0,0,0,5,0,1,4,0,0,0,0,0,0,0,0,1,1,0,0,0,0
–L“‡‹ζ’·θ‚S’–Ϊ,11,0,0,0,1,0,0,0,1,0,0,0,0,0,0,0,0,0,0,5,0,0,3,0,0,0,0,0,0,1,1,5,4,0,0,0,1
–L“‡‹ζ’·θ‚T’–Ϊ,12,0,0,0,0,0,0,0,0,0,1,0,0,0,0,0,1,0,0,10,0,0,1,0,0,0,0,0,0,7,2,1,1,0,0,0,0
–L“‡‹ζ’·θ‚U’–Ϊ,12,0,0,0,2,0,1,0,1,0,0,0,0,0,0,0,0,0,0,9,0,0,2,0,0,0,0,0,0,4,3,1,0,0,0,0,1
–L“‡‹ζΌ’r‘ά‚P’–Ϊ,253,3,0,3,45,0,29,16,0,0,6,1,0,0,4,1,0,0,0,145,0,1,23,5,0,0,4,0,4,54,54,54,20,1,7,0,26
–L“‡‹ζΌ’r‘ά‚Q’–Ϊ,20,1,0,1,2,0,1,1,0,0,0,0,0,0,0,0,0,0,0,12,0,0,7,0,0,0,0,0,1,3,1,5,2,0,0,0,3
–L“‡‹ζΌ’r‘ά‚R’–Ϊ,52,0,0,0,7,0,5,1,1,0,1,0,1,0,0,0,0,0,0,27,0,0,11,0,0,0,0,0,0,8,8,17,5,2,2,0,8
–L“‡‹ζΌ’r‘ά‚S’–Ϊ,13,0,0,0,1,0,0,0,1,0,0,0,0,0,0,0,0,0,0,9,0,0,7,1,0,0,0,0,0,0,1,3,2,1,0,0,0
–L“‡‹ζΌ’r‘ά‚T’–Ϊ,27,1,0,1,1,0,1,0,0,0,1,0,0,0,0,1,0,0,0,18,0,1,6,0,0,0,0,0,0,6,5,6,1,1,0,0,4
–L“‡‹ζΌ‘ƒ›‚P’–Ϊ,9,0,0,0,0,0,0,0,0,0,0,0,0,0,0,0,0,0,0,5,0,0,4,1,0,0,0,0,0,0,0,4,1,0,0,0,3
–L“‡‹ζΌ‘ƒ›‚Q’–Ϊ,10,0,0,0,0,0,0,0,0,0,0,0,0,0,0,0,0,0,0,5,0,1,4,0,0,0,0,0,0,0,0,5,2,0,0,0,3
–L“‡‹ζΌ‘ƒ›‚R’–Ϊ,11,0,0,0,1,0,0,0,1,0,0,0,0,0,0,0,0,0,0,6,0,1,3,0,0,0,0,0,0,2,0,4,3,0,0,0,1
–L“‡‹ζΌ‘ƒ›‚S’–Ϊ,3,0,0,0,0,0,0,0,0,0,0,0,0,0,0,0,0,0,0,2,0,0,1,0,0,0,0,0,0,1,0,1,0,0,0,0,1
–L“‡‹ζ“’r‘ά‚P’–Ϊ,240,3,0,3,19,0,7,11,1,0,3,0,0,0,1,0,0,0,2,140,0,0,9,2,1,0,5,0,21,31,71,75,41,6,9,0,19
–L“‡‹ζ“’r‘ά‚Q’–Ϊ,20,0,0,0,2,0,1,1,0,0,0,0,0,0,0,0,0,0,0,7,0,1,2,0,0,0,0,0,0,0,4,11,6,1,0,0,4
–L“‡‹ζ“’r‘ά‚R’–Ϊ,62,1,0,1,6,0,2,1,0,3,0,0,0,0,0,0,0,0,0,41,0,0,2,0,0,0,2,0,2,31,4,14,4,1,1,0,8
–L“‡‹ζ“’r‘ά‚S’–Ϊ,21,1,1,0,1,0,1,0,0,0,0,0,0,0,0,0,0,0,0,11,1,0,6,1,0,0,0,0,0,0,3,8,5,0,0,0,3
–L“‡‹ζ“’r‘ά‚T’–Ϊ,16,0,0,0,1,0,1,0,0,0,1,0,0,0,0,1,0,0,0,6,0,0,3,0,0,0,0,0,0,0,3,8,4,0,0,0,4
–L“‡‹ζ“μ’r‘ά‚P’–Ϊ,288,3,1,2,45,0,34,11,0,0,1,0,0,0,0,0,0,0,1,184,0,0,5,1,0,0,18,0,5,67,88,55,13,7,2,0,33
–L“‡‹ζ“μ’r‘ά‚Q’–Ϊ,52,0,0,0,4,0,2,2,0,0,5,0,1,0,4,0,0,0,0,31,0,0,10,0,0,1,0,0,0,7,13,12,10,1,0,0,1
–L“‡‹ζ“μ’r‘ά‚R’–Ϊ,9,1,1,0,1,0,0,1,0,0,0,0,0,0,0,0,0,0,0,4,0,0,2,0,0,0,0,0,0,0,2,3,1,0,0,0,2
–L“‡‹ζ“μ’r‘ά‚S’–Ϊ,10,0,0,0,0,0,0,0,0,0,0,0,0,0,0,0,0,0,0,4,0,0,2,1,0,0,0,0,0,0,1,6,0,0,0,0,6
–L“‡‹ζ“μ‘ε’Λ‚P’–Ϊ,14,1,0,1,3,0,1,2,0,0,0,0,0,0,0,0,0,0,0,7,1,0,4,1,0,0,0,0,0,0,1,3,1,0,0,0,2
–L“‡‹ζ“μ‘ε’Λ‚Q’–Ϊ,31,1,0,1,3,0,3,0,0,0,3,0,0,0,0,2,1,0,0,11,0,0,1,0,1,0,0,0,0,3,6,13,8,1,2,0,2
–L“‡‹ζ“μ‘ε’Λ‚R’–Ϊ,51,0,0,0,8,0,5,3,0,0,0,0,0,0,0,0,0,0,0,25,0,0,5,1,0,0,0,0,1,12,6,18,7,2,0,0,9
–L“‡‹ζ“μ’·θ‚P’–Ϊ,22,0,0,0,2,0,0,2,0,0,0,0,0,0,0,0,0,0,0,13,0,0,4,1,0,0,0,0,0,2,6,7,1,2,0,0,4
–L“‡‹ζ“μ’·θ‚Q’–Ϊ,10,0,0,0,0,0,0,0,0,0,0,0,0,0,0,0,0,0,0,7,0,1,2,0,0,0,0,0,0,1,3,3,2,0,0,0,1
–L“‡‹ζ“μ’·θ‚R’–Ϊ,7,0,0,0,0,0,0,0,0,0,0,0,0,0,0,0,0,0,0,5,0,0,2,0,0,0,0,0,0,0,3,2,1,0,0,0,1
–L“‡‹ζ“μ’·θ‚S’–Ϊ,18,0,0,0,1,0,1,0,0,0,0,0,0,0,0,0,0,0,0,15,0,2,5,0,0,0,0,0,0,4,4,2,1,0,0,0,1
–L“‡‹ζ“μ’·θ‚T’–Ϊ,16,0,0,0,3,0,2,1,0,0,0,0,0,0,0,0,0,0,0,12,0,0,3,0,0,0,0,0,0,6,3,1,1,0,0,0,0
–L“‡‹ζ“μ’·θ‚U’–Ϊ,11,0,0,0,0,0,0,0,0,0,0,0,0,0,0,0,0,0,0,7,0,0,4,0,0,0,0,0,0,1,2,4,1,0,0,0,3
–L“‡‹ζ–Ϊ”’‚P’–Ϊ,9,0,0,0,0,0,0,0,0,0,1,0,1,0,0,0,0,0,0,3,0,0,0,0,0,0,0,0,0,0,3,5,1,0,1,0,3
–L“‡‹ζ–Ϊ”’‚Q’–Ϊ,15,0,0,0,1,0,0,0,1,0,0,0,0,0,0,0,0,0,0,7,0,0,3,0,0,0,0,0,0,0,4,7,3,0,0,0,4
–L“‡‹ζ–Ϊ”’‚R’–Ϊ,11,0,0,0,0,0,0,0,0,0,0,0,0,0,0,0,0,0,0,8,0,0,3,0,0,0,1,0,0,1,3,3,1,0,0,0,2
–L“‡‹ζ–Ϊ”’‚S’–Ϊ,12,0,0,0,2,0,2,0,0,0,0,0,0,0,0,0,0,0,0,4,0,0,2,0,0,0,0,0,0,0,2,6,2,1,0,0,3
–L“‡‹ζ–Ϊ”’‚T’–Ϊ,6,0,0,0,0,0,0,0,0,0,0,0,0,0,0,0,0,0,0,4,0,0,4,0,0,0,0,0,0,0,0,2,1,0,0,0,1
–L“‡‹ζημ‚P’–Ϊ,1,0,0,0,0,0,0,0,0,0,0,0,0,0,0,0,0,0,0,1,0,0,1,0,0,0,0,0,0,0,0,0,0,0,0,0,0
–L“‡‹ζημ‚Q’–Ϊ,4,0,0,0,0,0,0,0,0,0,0,0,0,0,0,0,0,0,0,2,0,0,2,0,0,0,0,0,0,0,0,2,2,0,0,0,0
–L“‡‹ζη‘‚P’–Ϊ,7,1,0,1,0,0,0,0,0,0,0,0,0,0,0,0,0,0,0,1,0,0,0,0,0,0,0,0,0,0,1,5,1,0,0,0,4
–L“‡‹ζη‘‚Q’–Ϊ,6,0,0,0,1,0,1,0,0,0,0,0,0,0,0,0,0,0,0,3,0,0,2,0,0,0,0,0,0,0,1,2,1,0,0,0,1
–L“‡‹ζη‘‚R’–Ϊ,5,0,0,0,0,0,0,0,0,0,1,0,0,0,0,0,0,0,1,3,0,0,2,0,0,1,0,0,0,0,0,1,1,0,0,0,0
–L“‡‹ζη‘‚S’–Ϊ,4,1,0,1,2,0,2,0,0,0,0,0,0,0,0,0,0,0,0,0,0,0,0,0,0,0,0,0,0,0,0,1,1,0,0,0,0
–L“‡‹ζv,2118,31,6,25,224,0,127,76,14,7,47,2,3,1,15,10,6,1,9,1230,5,18,338,25,2,2,35,0,36,312,457,586,257,40,26,0,263
–k‹ζΤ‰H‚P’–Ϊ,167,3,2,1,24,0,17,6,1,0,1,0,0,0,0,0,0,0,1,96,0,1,35,1,0,0,5,0,3,26,25,43,14,5,3,0,21
–k‹ζΤ‰H‚Q’–Ϊ,46,0,0,0,3,0,2,1,0,0,0,0,0,0,0,0,0,0,0,34,0,0,21,0,0,0,0,0,0,5,8,9,4,1,1,0,3
–k‹ζΤ‰H‚R’–Ϊ,6,0,0,0,0,0,0,0,0,0,0,0,0,0,0,0,0,0,0,5,0,0,5,0,0,0,0,0,0,0,0,1,0,0,0,0,1
–k‹ζΤ‰H–k‚P’–Ϊ,7,0,0,0,2,0,2,0,0,0,2,0,0,0,0,1,0,0,1,1,0,0,1,0,0,0,0,0,0,0,0,2,1,0,0,0,1
–k‹ζΤ‰H–k‚Q’–Ϊ,18,0,0,0,2,0,2,0,0,0,0,0,0,0,0,0,0,0,0,11,0,0,3,0,0,0,0,0,0,0,8,5,2,0,0,0,3
–k‹ζΤ‰H–k‚R’–Ϊ,7,0,0,0,0,0,0,0,0,0,0,0,0,0,0,0,0,0,0,4,0,0,3,0,0,0,0,0,0,0,1,3,3,0,0,0,0
–k‹ζΤ‰H‘δ‚P’–Ϊ,12,1,0,1,0,0,0,0,0,0,1,0,1,0,0,0,0,0,0,5,0,0,3,0,0,0,0,0,2,0,0,5,2,0,0,0,3
–k‹ζΤ‰H‘δ‚Q’–Ϊ,8,0,0,0,0,0,0,0,0,0,0,0,0,0,0,0,0,0,0,4,0,0,3,0,0,0,0,0,1,0,0,4,1,2,0,0,1
–k‹ζΤ‰H‘δ‚R’–Ϊ,3,0,0,0,0,0,0,0,0,0,0,0,0,0,0,0,0,0,0,2,0,0,1,0,0,0,0,0,0,0,1,1,1,0,0,0,0
–k‹ζΤ‰H‘δ‚S’–Ϊ,1,0,0,0,0,0,0,0,0,0,0,0,0,0,0,0,0,0,0,1,0,0,1,0,0,0,0,0,0,0,0,0,0,0,0,0,0
–k‹ζΤ‰HΌ‚P’–Ϊ,32,0,0,0,1,0,1,0,0,0,1,0,0,0,1,0,0,0,0,27,0,0,5,0,0,0,0,0,1,16,5,3,1,0,1,0,1
–k‹ζΤ‰HΌ‚Q’–Ϊ,3,0,0,0,0,0,0,0,0,0,0,0,0,0,0,0,0,0,0,1,0,0,1,0,0,0,0,0,0,0,0,2,1,0,0,0,1
–k‹ζΤ‰HΌ‚R’–Ϊ,3,0,0,0,0,0,0,0,0,0,0,0,0,0,0,0,0,0,0,0,0,0,0,0,0,0,0,0,0,0,0,3,0,0,0,0,3
–k‹ζΤ‰HΌ‚S’–Ϊ,13,0,0,0,0,0,0,0,0,0,0,0,0,0,0,0,0,0,0,3,0,0,2,1,0,0,0,0,0,0,0,10,8,0,0,0,2
–k‹ζΤ‰HΌ‚T’–Ϊ,2,0,0,0,0,0,0,0,0,0,0,0,0,0,0,0,0,0,0,1,0,1,0,0,0,0,0,0,0,0,0,1,0,0,0,0,1
–k‹ζΤ‰HΌ‚U’–Ϊ,3,0,0,0,0,0,0,0,0,0,0,0,0,0,0,0,0,0,0,1,0,0,0,0,0,0,0,0,0,0,1,2,2,0,0,0,0
–k‹ζΤ‰H“μ‚P’–Ϊ,27,0,0,0,5,0,2,1,1,1,1,0,0,0,1,0,0,0,0,14,0,0,7,0,0,0,0,0,0,0,7,7,3,0,0,0,4
–k‹ζΤ‰H“μ‚Q’–Ϊ,5,0,0,0,0,0,0,0,0,0,0,0,0,0,0,0,0,0,0,4,0,0,2,0,0,0,0,0,0,0,2,1,1,0,0,0,0
–k‹ζβ•£’¬,16,0,0,0,1,0,0,1,0,0,0,0,0,0,0,0,0,0,0,7,0,0,5,0,0,0,0,0,0,2,0,8,4,2,1,0,1
–k‹ζ•‚Τ‚P’–Ϊ,9,0,0,0,0,0,0,0,0,0,0,0,0,0,0,0,0,0,0,5,0,0,3,0,0,0,0,0,0,0,2,4,3,1,0,0,0
–k‹ζ•‚Τ‚Q’–Ϊ,9,0,0,0,2,0,1,1,0,0,0,0,0,0,0,0,0,0,0,4,0,0,3,0,0,0,0,0,0,1,0,3,0,0,0,0,3
–k‹ζ•‚Τ‚R’–Ϊ,22,0,0,0,2,0,1,1,0,0,1,0,0,0,0,1,0,0,0,14,0,0,7,0,0,0,0,0,1,2,4,5,2,0,1,0,2
–k‹ζ•‚Τ‚S’–Ϊ,13,0,0,0,3,0,2,0,1,0,0,0,0,0,0,0,0,0,0,7,0,0,4,1,0,0,0,0,0,0,2,3,0,0,0,0,3
–k‹ζ•‚Τ‚T’–Ϊ,7,0,0,0,1,0,1,0,0,0,0,0,0,0,0,0,0,0,0,5,0,0,2,1,0,0,0,0,0,1,1,1,0,0,0,0,1
–k‹ζ‰¤q‚P’–Ϊ,76,0,0,0,9,0,7,2,0,0,1,0,0,0,1,0,0,0,0,50,0,0,21,0,0,0,1,0,0,17,11,16,6,3,0,0,7
–k‹ζ‰¤q‚Q’–Ϊ,10,0,0,0,0,0,0,0,0,0,0,0,0,0,0,0,0,0,0,8,0,0,5,0,0,0,0,0,0,2,1,2,1,0,0,0,1
–k‹ζ‰¤q‚R’–Ϊ,6,0,0,0,2,0,0,1,1,0,0,0,0,0,0,0,0,0,0,2,0,0,1,0,0,0,0,0,0,0,1,2,2,0,0,0,0
–k‹ζ‰¤q‚S’–Ϊ,4,0,0,0,0,0,0,0,0,0,0,0,0,0,0,0,0,0,0,3,0,0,3,0,0,0,0,0,0,0,0,1,1,0,0,0,0
–k‹ζ‰¤q‚T’–Ϊ,34,0,0,0,5,0,3,1,1,0,0,0,0,0,0,0,0,0,0,22,0,1,8,3,0,0,0,0,0,9,1,7,1,1,0,0,5
–k‹ζ‰¤q‚U’–Ϊ,5,0,0,0,0,0,0,0,0,0,0,0,0,0,0,0,0,0,0,4,0,0,3,0,0,0,0,0,0,1,0,1,0,0,1,0,0
–k‹ζ‰¤q–{’¬‚P’–Ϊ,6,0,0,0,1,0,0,1,0,0,0,0,0,0,0,0,0,0,0,3,0,0,1,0,0,0,0,0,0,2,0,2,0,0,2,0,0
–k‹ζ‰¤q–{’¬‚Q’–Ϊ,3,0,0,0,0,0,0,0,0,0,0,0,0,0,0,0,0,0,0,0,0,0,0,0,0,0,0,0,0,0,0,3,3,0,0,0,0
–k‹ζ‰¤q–{’¬‚R’–Ϊ,2,0,0,0,0,0,0,0,0,0,0,0,0,0,0,0,0,0,0,0,0,0,0,0,0,0,0,0,0,0,0,2,0,0,0,0,2
–k‹ζγ\π‚P’–Ϊ,11,0,0,0,2,0,0,2,0,0,0,0,0,0,0,0,0,0,0,1,0,0,0,0,0,0,1,0,0,0,0,8,1,2,0,0,5
–k‹ζγ\π‚Q’–Ϊ,10,1,0,1,0,0,0,0,0,0,0,0,0,0,0,0,0,0,0,8,0,0,5,1,0,0,0,0,0,0,2,1,0,0,0,0,1
–k‹ζγ\π‚R’–Ϊ,6,0,0,0,0,0,0,0,0,0,0,0,0,0,0,0,0,0,0,4,0,0,0,0,0,0,0,0,0,2,2,2,0,0,0,0,2
–k‹ζγ\π‚S’–Ϊ,2,0,0,0,0,0,0,0,0,0,0,0,0,0,0,0,0,0,0,1,0,0,1,0,0,0,0,0,0,0,0,1,1,0,0,0,0
–k‹ζγ\π‚T’–Ϊ,9,0,0,0,0,0,0,0,0,0,1,0,0,0,0,0,0,0,1,6,0,0,1,0,0,0,0,0,0,5,0,2,1,0,0,0,1
–k‹ζγ’†—Ά‚P’–Ϊ,7,0,0,0,2,0,0,2,0,0,0,0,0,0,0,0,0,0,0,2,0,0,1,0,0,0,1,0,0,0,0,3,2,0,0,0,1
–k‹ζγ’†—Ά‚Q’–Ϊ,8,0,0,0,1,0,0,0,1,0,0,0,0,0,0,0,0,0,0,7,0,0,3,0,0,0,0,0,0,3,1,0,0,0,0,0,0
–k‹ζγ’†—Ά‚R’–Ϊ,2,0,0,0,1,0,0,1,0,0,0,0,0,0,0,0,0,0,0,1,0,0,0,0,0,0,0,0,0,0,1,0,0,0,0,0,0
–k‹ζ_’J‚P’–Ϊ,12,0,0,0,1,0,1,0,0,0,0,0,0,0,0,0,0,0,0,4,0,0,3,0,0,0,0,0,0,0,1,7,3,0,0,0,4
–k‹ζ_’J‚Q’–Ϊ,12,0,0,0,0,0,0,0,0,0,0,0,0,0,0,0,0,0,0,6,0,0,4,0,0,0,0,0,0,0,2,6,3,1,0,0,2
–k‹ζ_’J‚R’–Ϊ,36,0,0,0,2,0,1,1,0,0,0,0,0,0,0,0,0,0,0,15,0,0,5,1,0,0,0,0,0,3,6,19,17,1,0,0,1
–k‹ζέ’¬‚P’–Ϊ,4,1,0,1,1,0,1,0,0,0,0,0,0,0,0,0,0,0,0,1,0,0,1,0,0,0,0,0,0,0,0,1,1,0,0,0,0
–k‹ζέ’¬‚Q’–Ϊ,2,0,0,0,0,0,0,0,0,0,0,0,0,0,0,0,0,0,0,2,0,0,1,0,0,0,0,0,0,0,1,0,0,0,0,0,0
–k‹ζ‹ΛƒP‹u‚P’–Ϊ,10,1,0,1,0,0,0,0,0,0,0,0,0,0,0,0,0,0,0,4,0,1,3,0,0,0,0,0,0,0,0,5,3,0,0,0,2
–k‹ζ‹ΛƒP‹u‚Q’–Ϊ,4,0,0,0,1,0,1,0,0,0,0,0,0,0,0,0,0,0,0,2,0,0,0,0,0,0,0,0,0,0,2,1,1,0,0,0,0
–k‹ζ‰h’¬,2,0,0,0,0,0,0,0,0,0,0,0,0,0,0,0,0,0,0,1,0,0,1,0,0,0,0,0,0,0,0,1,1,0,0,0,0
–k‹ζu–Ξ‚P’–Ϊ,14,0,0,0,1,0,1,0,0,0,0,0,0,0,0,0,0,0,0,10,0,0,1,0,0,0,0,0,1,6,2,3,2,0,0,0,1
–k‹ζu–Ξ‚Q’–Ϊ,19,0,0,0,2,0,1,1,0,0,0,0,0,0,0,0,0,0,0,9,0,0,6,0,0,0,0,1,0,2,0,8,4,2,1,0,1
–k‹ζu–Ξ‚R’–Ϊ,10,0,0,0,1,0,1,0,0,0,0,0,0,0,0,0,0,0,0,3,0,0,1,0,0,0,0,0,0,1,1,6,4,0,0,0,2
–k‹ζu–Ξ‚S’–Ϊ,8,0,0,0,0,0,0,0,0,0,0,0,0,0,0,0,0,0,0,4,0,0,3,0,0,0,0,0,0,0,1,4,0,0,0,0,4
–k‹ζu–Ξ‚T’–Ϊ,3,0,0,0,0,0,0,0,0,0,0,0,0,0,0,0,0,0,0,1,0,0,1,0,0,0,0,0,0,0,0,2,1,0,0,0,1
–k‹ζΊa’¬‚P’–Ϊ,8,0,0,0,2,0,1,1,0,0,0,0,0,0,0,0,0,0,0,4,0,1,1,0,0,0,0,0,0,0,2,2,0,0,0,0,2
–k‹ζΊa’¬‚Q’–Ϊ,6,1,0,1,0,0,0,0,0,0,0,0,0,0,0,0,0,0,0,4,0,1,1,0,0,0,0,0,0,0,2,1,1,0,0,0,0
–k‹ζΊa’¬‚R’–Ϊ,4,0,0,0,0,0,0,0,0,0,0,0,0,0,0,0,0,0,0,2,0,0,1,0,0,0,0,0,0,0,1,2,0,0,0,0,2
–k‹ζ\π‘δ‚P’–Ϊ,1,0,0,0,0,0,0,0,0,0,0,0,0,0,0,0,0,0,0,1,0,0,0,0,0,0,0,0,0,0,1,0,0,0,0,0,0
–k‹ζ\π‘δ‚Q’–Ϊ,1,0,0,0,0,0,0,0,0,0,0,0,0,0,0,0,0,0,0,0,0,0,0,0,0,0,0,0,0,0,0,1,1,0,0,0,0
–k‹ζ\π’‡΄‚P’–Ϊ,10,1,0,1,0,0,0,0,0,0,0,0,0,0,0,0,0,0,0,6,0,0,3,0,0,0,0,0,0,2,1,3,1,1,1,0,0
–k‹ζ\π’‡΄‚Q’–Ϊ,4,0,0,0,0,0,0,0,0,0,0,0,0,0,0,0,0,0,0,3,0,0,1,1,0,0,0,0,0,1,0,1,0,0,0,0,1
–k‹ζ\π’‡΄‚R’–Ϊ,5,0,0,0,0,0,0,0,0,0,0,0,0,0,0,0,0,0,0,3,0,0,0,0,0,0,0,0,0,2,1,2,2,0,0,0,0
–k‹ζ\π’‡΄‚S’–Ϊ,1,0,0,0,1,0,0,0,1,0,0,0,0,0,0,0,0,0,0,0,0,0,0,0,0,0,0,0,0,0,0,0,0,0,0,0,0
–k‹ζ‘κ–μμ‚P’–Ϊ,11,0,0,0,1,0,1,0,0,0,0,0,0,0,0,0,0,0,0,6,0,0,2,0,0,0,0,0,0,2,2,4,1,0,0,0,3
–k‹ζ‘κ–μμ‚Q’–Ϊ,12,0,0,0,0,0,0,0,0,0,0,0,0,0,0,0,0,0,0,4,0,0,2,0,0,0,0,0,0,0,2,8,5,0,0,0,3
–k‹ζ‘κ–μμ‚R’–Ϊ,15,0,0,0,1,0,0,0,1,0,0,0,0,0,0,0,0,0,0,11,0,0,4,0,0,0,0,0,0,5,2,3,2,0,0,0,1
–k‹ζ‘κ–μμ‚S’–Ϊ,3,0,0,0,2,0,1,0,0,1,0,0,0,0,0,0,0,0,0,0,0,0,0,0,0,0,0,0,0,0,0,1,0,0,0,0,1
–k‹ζ‘κ–μμ‚T’–Ϊ,12,0,0,0,2,0,0,1,1,0,0,0,0,0,0,0,0,0,0,3,0,0,1,0,0,0,0,0,0,0,2,7,5,0,0,0,2
–k‹ζ‘κ–μμ‚U’–Ϊ,25,0,0,0,5,0,3,1,1,0,0,0,0,0,0,0,0,0,0,7,0,0,2,2,0,0,0,0,0,1,2,13,4,1,0,0,8
–k‹ζ‘κ–μμ‚V’–Ϊ,21,0,0,0,2,0,1,0,1,0,0,0,0,0,0,0,0,0,0,9,0,0,1,0,0,0,0,0,0,1,7,10,4,1,0,0,5
–k‹ζ“c’[‚P’–Ϊ,9,0,0,0,2,0,2,0,0,0,0,0,0,0,0,0,0,0,0,3,0,1,0,0,0,0,0,0,0,0,2,4,2,0,0,0,2
–k‹ζ“c’[‚Q’–Ϊ,1,0,0,0,0,0,0,0,0,0,0,0,0,0,0,0,0,0,0,1,0,0,1,0,0,0,0,0,0,0,0,0,0,0,0,0,0
–k‹ζ“c’[‚R’–Ϊ,5,0,0,0,0,0,0,0,0,0,0,0,0,0,0,0,0,0,0,2,0,0,1,0,0,0,0,0,0,0,1,3,3,0,0,0,0
–k‹ζ“c’[‚S’–Ϊ,3,0,0,0,0,0,0,0,0,0,0,0,0,0,0,0,0,0,0,3,0,0,2,0,0,1,0,0,0,0,0,0,0,0,0,0,0
–k‹ζ“c’[‚T’–Ϊ,2,0,0,0,1,0,1,0,0,0,0,0,0,0,0,0,0,0,0,0,0,0,0,0,0,0,0,0,0,0,0,1,1,0,0,0,0
–k‹ζ“c’[‚U’–Ϊ,5,0,0,0,1,0,1,0,0,0,0,0,0,0,0,0,0,0,0,2,0,0,1,0,0,0,0,0,0,0,1,2,1,0,0,0,1
–k‹ζ“c’[V’¬‚P’–Ϊ,5,0,0,0,0,0,0,0,0,0,0,0,0,0,0,0,0,0,0,5,0,0,4,0,0,0,0,0,0,0,1,0,0,0,0,0,0
–k‹ζ“c’[V’¬‚Q’–Ϊ,9,0,0,0,0,0,0,0,0,0,0,0,0,0,0,0,0,0,0,5,0,0,2,0,0,0,0,0,0,1,2,4,3,0,0,0,1
–k‹ζ“c’[V’¬‚R’–Ϊ,9,1,0,1,1,0,1,0,0,0,0,0,0,0,0,0,0,0,0,4,0,1,2,0,0,0,0,0,0,0,1,3,1,0,0,0,2
–k‹ζ–L“‡‚P’–Ϊ,26,1,0,1,1,0,1,0,0,0,0,0,0,0,0,0,0,0,0,11,0,1,7,0,0,2,0,0,0,0,1,13,1,0,1,0,11
–k‹ζ–L“‡‚Q’–Ϊ,4,0,0,0,1,0,1,0,0,0,0,0,0,0,0,0,0,0,0,1,0,0,0,0,0,0,0,0,0,1,0,2,2,0,0,0,0
–k‹ζ–L“‡‚R’–Ϊ,4,0,0,0,2,0,1,1,0,0,0,0,0,0,0,0,0,0,0,2,0,0,0,0,0,0,0,0,0,1,1,0,0,0,0,0,0
–k‹ζ–L“‡‚S’–Ϊ,7,0,0,0,0,0,0,0,0,0,0,0,0,0,0,0,0,0,0,5,0,1,1,0,0,0,0,0,0,3,0,2,0,0,0,0,2
–k‹ζ–L“‡‚T’–Ϊ,34,0,0,0,3,0,2,1,0,0,0,0,0,0,0,0,0,0,0,25,0,6,11,1,0,0,0,0,0,0,7,6,2,1,0,0,3
–k‹ζ–L“‡‚U’–Ϊ,3,1,1,0,0,0,0,0,0,0,0,0,0,0,0,0,0,0,0,2,0,0,1,0,0,0,0,0,0,1,0,0,0,0,0,0,0
–k‹ζ–L“‡‚V’–Ϊ,2,0,0,0,0,0,0,0,0,0,0,0,0,0,0,0,0,0,0,2,0,0,2,0,0,0,0,0,0,0,0,0,0,0,0,0,0
–k‹ζ–L“‡‚W’–Ϊ,5,0,0,0,0,0,0,0,0,0,0,0,0,0,0,0,0,0,0,5,0,0,1,0,0,0,0,0,0,2,2,0,0,0,0,0,0
–k‹ζ’†—Ά‚P’–Ϊ,13,0,0,0,1,0,0,1,0,0,0,0,0,0,0,0,0,0,0,8,0,0,6,0,0,0,0,0,0,0,2,4,2,0,0,0,2
–k‹ζ’†—Ά‚Q’–Ϊ,10,0,0,0,2,0,0,0,1,1,0,0,0,0,0,0,0,0,0,6,0,0,5,0,0,0,0,0,0,1,0,2,1,0,0,0,1
–k‹ζ’†—Ά‚R’–Ϊ,8,0,0,0,2,0,0,1,1,0,0,0,0,0,0,0,0,0,0,2,0,0,1,0,0,0,0,0,0,0,1,4,2,0,0,0,2
–k‹ζ’†\π‚P’–Ϊ,4,0,0,0,2,0,1,1,0,0,0,0,0,0,0,0,0,0,0,1,0,0,1,0,0,0,0,0,0,0,0,1,0,0,0,0,1
–k‹ζ’†\π‚Q’–Ϊ,7,0,0,0,1,0,0,1,0,0,0,0,0,0,0,0,0,0,0,2,0,0,1,0,0,0,0,0,0,1,0,4,3,0,0,0,1
–k‹ζ’†\π‚R’–Ϊ,7,0,0,0,2,0,0,0,1,1,0,0,0,0,0,0,0,0,0,4,0,0,3,0,0,0,0,0,0,0,1,1,0,0,0,0,1
–k‹ζ’†\π‚S’–Ϊ,1,0,0,0,0,0,0,0,0,0,0,0,0,0,0,0,0,0,0,1,0,0,1,0,0,0,0,0,0,0,0,0,0,0,0,0,0
–k‹ζΌ‚ª‹u‚P’–Ϊ,7,0,0,0,0,0,0,0,0,0,2,0,0,1,0,1,0,0,0,3,0,0,3,0,0,0,0,0,0,0,0,2,2,0,0,0,0
–k‹ζΌ‚ª‹u‚Q’–Ϊ,4,0,0,0,0,0,0,0,0,0,0,0,0,0,0,0,0,0,0,3,0,0,0,1,0,0,0,0,0,0,2,1,0,0,0,0,1
–k‹ζΌ‚ª‹u‚R’–Ϊ,6,0,0,0,1,0,0,0,1,0,0,0,0,0,0,0,0,0,0,1,0,0,1,0,0,0,0,0,0,0,0,4,0,1,0,0,3
–k‹ζΌƒP΄‚P’–Ϊ,10,0,0,0,1,0,1,0,0,0,0,0,0,0,0,0,0,0,0,5,0,1,1,0,0,1,0,0,0,0,2,4,2,0,0,0,2
–k‹ζΌƒP΄‚Q’–Ϊ,15,0,0,0,2,0,2,0,0,0,0,0,0,0,0,0,0,0,0,8,0,0,4,1,0,0,0,0,0,2,1,5,2,0,0,0,3
–k‹ζΌƒP΄‚R’–Ϊ,2,0,0,0,0,0,0,0,0,0,0,0,0,0,0,0,0,0,0,1,0,0,0,0,0,0,0,0,0,0,1,1,1,0,0,0,0
–k‹ζΌƒP΄‚S’–Ϊ,6,0,0,0,2,0,0,1,0,1,0,0,0,0,0,0,0,0,0,2,0,0,1,0,0,0,0,0,0,0,1,2,2,0,0,0,0
–k‹ζ“\π‚P’–Ϊ,4,0,0,0,0,0,0,0,0,0,0,0,0,0,0,0,0,0,0,3,0,0,1,1,0,0,0,0,0,0,1,1,0,0,0,0,1
–k‹ζ“\π‚Q’–Ϊ,1,0,0,0,0,0,0,0,0,0,0,0,0,0,0,0,0,0,0,1,0,0,0,0,0,0,0,0,0,1,0,0,0,0,0,0,0
–k‹ζ“\π‚R’–Ϊ,18,0,0,0,5,0,4,0,1,0,0,0,0,0,0,0,0,0,0,10,0,0,1,1,0,0,0,0,0,2,6,3,2,0,0,0,1
–k‹ζ“\π‚S’–Ϊ,5,0,0,0,0,0,0,0,0,0,0,0,0,0,0,0,0,0,0,3,0,0,0,1,0,0,0,0,0,0,2,2,2,0,0,0,0
–k‹ζ“\π‚T’–Ϊ,5,0,0,0,0,0,0,0,0,0,0,0,0,0,0,0,0,0,0,5,0,0,0,0,0,0,0,0,0,2,3,0,0,0,0,0,0
–k‹ζ“\π‚U’–Ϊ,11,0,0,0,0,0,0,0,0,0,0,0,0,0,0,0,0,0,0,9,0,0,3,0,0,0,0,0,0,0,6,2,1,0,0,0,1
–k‹ζ““c’[‚P’–Ϊ,29,1,1,0,3,0,2,1,0,0,0,0,0,0,0,0,0,0,0,19,0,0,9,1,0,0,0,0,5,0,4,6,0,2,0,0,4
–k‹ζ““c’[‚Q’–Ϊ,6,0,0,0,1,0,0,1,0,0,0,0,0,0,0,0,0,0,0,4,0,0,1,1,0,0,0,0,0,0,2,1,0,0,0,0,1
–k‹ζ–x‘D‚P’–Ϊ,8,0,0,0,0,0,0,0,0,0,0,0,0,0,0,0,0,0,0,3,0,0,0,0,0,0,0,0,0,3,0,5,4,0,0,0,1
–k‹ζ–x‘D‚Q’–Ϊ,5,0,0,0,1,0,0,1,0,0,0,0,0,0,0,0,0,0,0,3,0,0,3,0,0,0,0,0,0,0,0,1,1,0,0,0,0
–k‹ζ–x‘D‚R’–Ϊ,13,1,0,1,0,0,0,0,0,0,1,0,0,0,0,1,0,0,0,8,0,1,3,0,0,0,0,0,0,2,2,3,2,0,0,0,1
–k‹ζ–x‘D‚S’–Ϊ,2,0,0,0,0,0,0,0,0,0,1,0,0,0,0,0,0,0,1,1,0,0,0,0,0,0,0,0,0,0,1,0,0,0,0,0,0
–k‹ζv,1255,14,4,10,132,0,75,36,16,5,13,0,1,1,3,4,0,0,4,697,0,18,304,20,0,4,8,1,14,143,185,399,183,28,13,0,175
rμ‹ζrμ‚P’–Ϊ,6,0,0,0,0,0,0,0,0,0,0,0,0,0,0,0,0,0,0,3,0,0,2,1,0,0,0,0,0,0,0,3,2,0,0,0,1
rμ‹ζrμ‚Q’–Ϊ,14,0,0,0,2,0,2,0,0,0,0,0,0,0,0,0,0,0,0,7,0,0,6,0,0,0,0,0,0,0,1,5,2,1,1,0,1
rμ‹ζrμ‚R’–Ϊ,9,0,0,0,1,0,1,0,0,0,0,0,0,0,0,0,0,0,0,6,0,0,3,0,0,0,0,0,0,0,3,2,2,0,0,0,0
rμ‹ζrμ‚S’–Ϊ,4,0,0,0,0,0,0,0,0,0,1,0,0,0,0,1,0,0,0,3,0,0,1,0,0,0,0,0,0,0,2,0,0,0,0,0,0
rμ‹ζrμ‚T’–Ϊ,5,0,0,0,0,0,0,0,0,0,0,0,0,0,0,0,0,0,0,5,0,0,2,1,0,0,0,0,0,1,1,0,0,0,0,0,0
rμ‹ζrμ‚U’–Ϊ,11,0,0,0,0,0,0,0,0,0,0,0,0,0,0,0,0,0,0,8,0,0,5,0,0,0,0,0,0,2,1,3,2,0,0,0,1
rμ‹ζrμ‚V’–Ϊ,18,0,0,0,1,0,1,0,0,0,0,0,0,0,0,0,0,0,0,13,0,0,8,1,0,0,0,0,0,2,2,4,0,2,0,0,2
rμ‹ζrμ‚W’–Ϊ,2,0,0,0,0,0,0,0,0,0,0,0,0,0,0,0,0,0,0,1,0,0,1,0,0,0,0,0,0,0,0,1,1,0,0,0,0
rμ‹ζΌ”φ‹v‚P’–Ϊ,7,1,0,1,1,0,1,0,0,0,0,0,0,0,0,0,0,0,0,4,0,0,3,0,0,0,0,0,0,0,1,1,0,0,0,0,1
rμ‹ζΌ”φ‹v‚Q’–Ϊ,6,0,0,0,1,0,1,0,0,0,0,0,0,0,0,0,0,0,0,2,0,0,2,0,0,0,0,0,0,0,0,3,3,0,0,0,0
rμ‹ζΌ”φ‹v‚R’–Ϊ,14,0,0,0,2,0,1,1,0,0,0,0,0,0,0,0,0,0,0,7,0,1,1,1,0,0,0,0,2,0,2,5,0,0,0,0,5
rμ‹ζΌ”φ‹v‚S’–Ϊ,12,0,0,0,1,0,1,0,0,0,0,0,0,0,0,0,0,0,0,8,0,1,6,1,0,0,0,0,0,0,0,3,2,0,0,0,1
rμ‹ζΌ”φ‹v‚T’–Ϊ,5,1,0,1,0,0,0,0,0,0,0,0,0,0,0,0,0,0,0,1,0,0,0,0,0,0,0,0,0,0,1,3,2,0,0,0,1
rμ‹ζΌ”φ‹v‚U’–Ϊ,4,0,0,0,0,0,0,0,0,0,0,0,0,0,0,0,0,0,0,1,0,0,1,0,0,0,0,0,0,0,0,3,1,1,0,0,1
rμ‹ζΌ”φ‹v‚V’–Ϊ,5,0,0,0,0,0,0,0,0,0,0,0,0,0,0,0,0,0,0,2,0,0,0,1,0,0,0,0,0,1,0,3,3,0,0,0,0
rμ‹ζΌ”φ‹v‚W’–Ϊ,17,0,0,0,1,0,0,1,0,0,0,0,0,0,0,0,0,0,0,9,0,2,4,0,0,0,0,0,0,2,1,7,5,1,0,0,1
rμ‹ζΌ“ϊ•ι—Ά‚P’–Ϊ,22,0,0,0,2,0,1,1,0,0,0,0,0,0,0,0,0,0,0,12,0,0,5,0,0,0,0,0,0,0,7,8,3,2,0,0,3
rμ‹ζΌ“ϊ•ι—Ά‚Q’–Ϊ,63,0,0,0,17,0,13,4,0,0,1,0,0,0,0,0,0,0,1,31,1,1,11,0,0,1,2,0,2,1,12,14,5,1,0,0,8
rμ‹ζΌ“ϊ•ι—Ά‚R’–Ϊ,3,0,0,0,1,0,1,0,0,0,0,0,0,0,0,0,0,0,0,1,0,0,0,0,0,0,0,0,0,1,0,1,1,0,0,0,0
rμ‹ζΌ“ϊ•ι—Ά‚S’–Ϊ,4,0,0,0,0,0,0,0,0,0,0,0,0,0,0,0,0,0,0,1,0,0,0,0,0,0,0,0,0,0,1,3,2,0,0,0,1
rμ‹ζΌ“ϊ•ι—Ά‚T’–Ϊ,46,0,0,0,14,0,11,3,0,0,0,0,0,0,0,0,0,0,0,24,0,0,12,0,0,0,0,0,0,5,7,8,3,1,0,0,4
rμ‹ζΌ“ϊ•ι—Ά‚U’–Ϊ,11,0,0,0,2,0,1,0,0,1,2,0,0,0,0,0,0,0,2,3,0,0,1,1,0,0,0,0,0,1,0,4,2,1,0,0,1
rμ‹ζ“”φ‹v‚P’–Ϊ,13,0,0,0,0,0,0,0,0,0,0,0,0,0,0,0,0,0,0,10,0,2,6,0,0,0,0,0,0,0,2,3,0,1,0,0,2
rμ‹ζ“”φ‹v‚Q’–Ϊ,6,0,0,0,1,0,0,1,0,0,0,0,0,0,0,0,0,0,0,3,0,1,0,0,0,0,0,0,0,0,2,2,1,0,0,0,1
rμ‹ζ“”φ‹v‚R’–Ϊ,17,0,0,0,2,0,1,1,0,0,0,0,0,0,0,0,0,0,0,7,0,1,5,0,0,0,0,0,0,0,1,8,4,0,0,0,4
rμ‹ζ“”φ‹v‚S’–Ϊ,25,0,0,0,3,0,2,1,0,0,0,0,0,0,0,0,0,0,0,14,0,0,6,0,0,3,0,0,0,1,4,8,4,1,0,0,3
rμ‹ζ“”φ‹v‚T’–Ϊ,13,0,0,0,1,0,0,0,1,0,3,0,0,1,0,0,0,0,2,8,0,1,6,0,0,0,0,0,0,0,1,1,0,0,0,0,1
rμ‹ζ“”φ‹v‚U’–Ϊ,24,1,0,1,3,0,1,2,0,0,1,0,0,0,0,0,0,0,1,15,0,0,9,0,0,0,0,0,1,4,1,4,4,0,0,0,0
rμ‹ζ“”φ‹v‚V’–Ϊ,2,0,0,0,0,0,0,0,0,0,0,0,0,0,0,0,0,0,0,1,0,1,0,0,0,0,0,0,0,0,0,1,0,0,0,0,1
rμ‹ζ“”φ‹v‚W’–Ϊ,20,0,0,0,1,0,0,1,0,0,0,0,0,0,0,0,0,0,0,14,0,0,2,1,0,0,0,0,0,4,7,5,2,1,0,0,2
rμ‹ζ““ϊ•ι—Ά‚P’–Ϊ,9,0,0,0,0,0,0,0,0,0,0,0,0,0,0,0,0,0,0,8,0,0,3,1,0,0,0,0,0,1,3,1,1,0,0,0,0
rμ‹ζ““ϊ•ι—Ά‚Q’–Ϊ,7,0,0,0,0,0,0,0,0,0,0,0,0,0,0,0,0,0,0,6,0,0,2,1,0,1,0,0,0,0,2,1,0,0,0,0,1
rμ‹ζ““ϊ•ι—Ά‚R’–Ϊ,16,0,0,0,0,0,0,0,0,0,0,0,0,0,0,0,0,0,0,9,0,0,5,1,0,0,0,0,0,2,1,7,5,0,1,0,1
rμ‹ζ““ϊ•ι—Ά‚S’–Ϊ,16,0,0,0,1,0,1,0,0,0,0,0,0,0,0,0,0,0,0,14,0,1,6,1,0,0,0,0,0,1,5,1,0,0,0,0,1
rμ‹ζ““ϊ•ι—Ά‚T’–Ϊ,28,0,0,0,3,0,1,2,0,0,1,0,0,0,0,0,0,0,1,15,0,0,5,0,0,0,1,0,0,3,6,9,2,1,1,0,5
rμ‹ζ““ϊ•ι—Ά‚U’–Ϊ,23,0,0,0,3,0,1,2,0,0,0,0,0,0,0,0,0,0,0,12,0,0,6,1,0,0,0,0,0,3,2,8,2,3,0,0,3
rμ‹ζ’¬‰®‚P’–Ϊ,21,0,0,0,3,0,3,0,0,0,3,0,0,0,3,0,0,0,0,12,0,0,10,0,0,0,0,0,0,0,2,3,1,0,0,0,2
rμ‹ζ’¬‰®‚Q’–Ϊ,16,0,0,0,3,0,3,0,0,0,1,0,0,0,0,0,1,0,0,9,0,1,1,0,0,0,0,0,0,2,5,3,0,0,0,0,3
rμ‹ζ’¬‰®‚R’–Ϊ,11,0,0,0,1,0,1,0,0,0,0,0,0,0,0,0,0,0,0,4,0,1,1,0,0,0,0,0,0,1,1,6,2,0,0,0,4
rμ‹ζ’¬‰®‚S’–Ϊ,6,0,0,0,0,0,0,0,0,0,0,0,0,0,0,0,0,0,0,3,0,2,1,0,0,0,0,0,0,0,0,3,3,0,0,0,0
rμ‹ζ’¬‰®‚T’–Ϊ,12,0,0,0,0,0,0,0,0,0,0,0,0,0,0,0,0,0,0,8,0,1,1,0,0,0,0,0,0,6,0,4,3,0,0,0,1
rμ‹ζ’¬‰®‚U’–Ϊ,16,0,0,0,3,0,0,3,0,0,0,0,0,0,0,0,0,0,0,5,0,1,3,0,0,0,0,0,0,0,1,8,3,0,0,0,5
rμ‹ζ’¬‰®‚V’–Ϊ,4,0,0,0,0,0,0,0,0,0,0,0,0,0,0,0,0,0,0,3,0,0,3,0,0,0,0,0,0,0,0,1,1,0,0,0,0
rμ‹ζ’¬‰®‚W’–Ϊ,8,0,0,0,1,0,0,1,0,0,0,0,0,0,0,0,0,0,0,5,0,0,5,0,0,0,0,0,0,0,0,2,2,0,0,0,0
rμ‹ζ“μηZ‚P’–Ϊ,22,0,0,0,2,0,2,0,0,0,0,0,0,0,0,0,0,0,0,18,0,0,9,2,0,0,0,0,0,4,3,2,1,0,0,0,1
rμ‹ζ“μηZ‚Q’–Ϊ,10,0,0,0,0,0,0,0,0,0,1,0,0,0,0,1,0,0,0,7,0,0,4,0,0,0,0,0,0,0,3,2,1,0,0,0,1
rμ‹ζ“μηZ‚R’–Ϊ,16,0,0,0,2,0,0,1,0,1,0,0,0,0,0,0,0,0,0,12,0,0,7,1,0,0,0,0,0,2,2,2,0,2,0,0,0
rμ‹ζ“μηZ‚S’–Ϊ,51,0,0,0,2,0,1,1,0,0,0,0,0,0,0,0,0,0,0,42,0,1,15,3,0,0,1,0,1,15,6,7,2,1,0,0,4
rμ‹ζ“μηZ‚T’–Ϊ,7,0,0,0,0,0,0,0,0,0,0,0,0,0,0,0,0,0,0,2,0,0,1,0,0,0,0,0,0,0,1,5,1,0,0,0,4
rμ‹ζ“μηZ‚U’–Ϊ,13,0,0,0,0,0,0,0,0,0,0,0,0,0,0,0,0,0,0,10,0,1,4,1,0,1,0,0,0,2,1,3,1,0,0,0,2
rμ‹ζ“μηZ‚V’–Ϊ,23,1,1,0,0,0,0,0,0,0,1,0,0,0,0,0,1,0,0,13,0,1,4,0,0,0,0,0,0,2,6,8,3,1,0,0,4
rμ‹ζ“μηZ‚W’–Ϊ,17,0,0,0,2,0,2,0,0,0,1,0,0,0,0,0,0,1,0,13,0,1,11,0,0,0,0,0,0,0,1,1,0,0,0,0,1
rμ‹ζv,760,4,1,3,83,0,54,26,1,2,16,0,0,1,3,2,2,1,7,454,1,22,215,20,0,6,4,0,6,69,111,203,90,21,3,0,89
”Β‹΄‹ζ‘¶’¬,11,0,0,0,1,0,0,1,0,0,0,0,0,0,0,0,0,0,0,6,0,0,3,0,0,0,0,0,1,0,2,4,1,1,0,0,2
”Β‹΄‹ζΤ’Λ‚P’–Ϊ,7,0,0,0,0,0,0,0,0,0,0,0,0,0,0,0,0,0,0,3,0,0,1,0,0,0,0,0,0,1,1,4,2,0,0,0,2
”Β‹΄‹ζΤ’Λ‚Q’–Ϊ,13,0,0,0,2,0,1,1,0,0,0,0,0,0,0,0,0,0,0,8,0,0,3,0,0,0,0,0,0,0,5,3,1,0,0,0,2
”Β‹΄‹ζΤ’Λ‚R’–Ϊ,10,0,0,0,1,0,1,0,0,0,1,0,0,0,0,0,1,0,0,3,0,0,1,0,0,0,0,0,0,0,2,5,3,0,0,0,2
”Β‹΄‹ζΤ’Λ‚S’–Ϊ,11,2,0,2,0,0,0,0,0,0,0,0,0,0,0,0,0,0,0,6,0,0,2,0,0,0,0,0,0,0,4,3,3,0,0,0,0
”Β‹΄‹ζΤ’Λ‚T’–Ϊ,6,0,0,0,1,0,0,1,0,0,1,0,0,0,0,1,0,0,0,3,0,1,0,0,0,0,0,0,0,1,1,1,0,0,0,0,1
”Β‹΄‹ζΤ’Λ‚U’–Ϊ,12,0,0,0,0,0,0,0,0,0,1,0,0,0,0,0,0,0,1,3,0,0,0,0,0,0,0,0,0,3,0,8,4,0,0,0,4
”Β‹΄‹ζΤ’Λ‚V’–Ϊ,5,0,0,0,0,0,0,0,0,0,0,0,0,0,0,0,0,0,0,3,0,1,2,0,0,0,0,0,0,0,0,2,2,0,0,0,0
”Β‹΄‹ζΤ’Λ‚W’–Ϊ,2,0,0,0,0,0,0,0,0,0,0,0,0,0,0,0,0,0,0,0,0,0,0,0,0,0,0,0,0,0,0,2,1,0,0,0,1
”Β‹΄‹ζΤ’ΛV’¬‚P’–Ϊ,15,0,0,0,1,0,0,0,0,1,0,0,0,0,0,0,0,0,0,10,0,0,7,0,0,0,0,0,0,0,3,4,1,1,0,0,2
”Β‹΄‹ζΤ’ΛV’¬‚Q’–Ϊ,4,0,0,0,0,0,0,0,0,0,0,0,0,0,0,0,0,0,0,2,0,0,0,0,0,0,0,0,0,0,2,2,1,0,0,0,1
”Β‹΄‹ζΤ’ΛV’¬‚R’–Ϊ,20,0,0,0,4,0,3,0,1,0,0,0,0,0,0,0,0,0,0,9,0,0,1,1,0,0,0,0,1,4,2,7,4,1,0,0,2
”Β‹΄‹ζ¬“¤‘ς‚P’–Ϊ,3,0,0,0,0,0,0,0,0,0,0,0,0,0,0,0,0,0,0,1,0,0,1,0,0,0,0,0,0,0,0,2,1,0,1,0,0
”Β‹΄‹ζ¬“¤‘ς‚Q’–Ϊ,8,0,0,0,0,0,0,0,0,0,0,0,0,0,0,0,0,0,0,5,0,0,2,0,0,0,0,0,0,1,2,3,1,0,1,0,1
”Β‹΄‹ζ¬“¤‘ς‚R’–Ϊ,17,0,0,0,0,0,0,0,0,0,1,0,0,0,0,0,0,0,1,13,0,0,5,1,0,0,0,0,0,5,2,3,0,1,0,0,2
”Β‹΄‹ζ¬“¤‘ς‚S’–Ϊ,4,0,0,0,0,0,0,0,0,0,0,0,0,0,0,0,0,0,0,2,0,0,0,0,0,0,0,0,1,0,1,2,1,0,0,0,1
”Β‹΄‹ζς’¬,10,0,0,0,0,0,0,0,0,0,1,0,0,0,0,1,0,0,0,7,0,1,3,0,1,0,0,0,0,1,1,2,1,0,0,0,1
”Β‹΄‹ζ”Β‹΄‚P’–Ϊ,45,0,0,0,15,0,12,3,0,0,0,0,0,0,0,0,0,0,0,19,0,0,9,0,0,1,2,0,0,3,4,11,3,1,1,0,6
”Β‹΄‹ζ”Β‹΄‚Q’–Ϊ,28,1,0,1,4,0,3,1,0,0,3,0,0,0,0,3,0,0,0,11,0,0,4,2,0,0,1,0,0,4,0,9,4,2,0,0,3
”Β‹΄‹ζ”Β‹΄‚R’–Ϊ,16,2,1,1,0,0,0,0,0,0,0,0,0,0,0,0,0,0,0,11,0,0,3,0,0,0,0,0,0,7,1,3,1,1,0,0,1
”Β‹΄‹ζ”Β‹΄‚S’–Ϊ,13,0,0,0,3,0,0,3,0,0,0,0,0,0,0,0,0,0,0,6,0,0,3,0,0,0,0,0,0,0,3,4,0,0,0,0,4
”Β‹΄‹ζξ‰Χ‘δ,5,0,0,0,0,0,0,0,0,0,0,0,0,0,0,0,0,0,0,4,0,0,3,0,0,0,0,0,0,0,1,1,1,0,0,0,0
”Β‹΄‹ζ‘ε΄’¬,10,0,0,0,1,0,1,0,0,0,1,0,0,0,0,1,0,0,0,7,0,0,3,0,0,0,0,0,0,1,3,1,0,0,0,0,1
”Β‹΄‹ζ‘ε’Jϋ‚P’–Ϊ,1,0,0,0,0,0,0,0,0,0,0,0,0,0,0,0,0,0,0,1,0,0,0,0,0,0,0,0,0,0,1,0,0,0,0,0,0
”Β‹΄‹ζ‘ε’Jϋ‚Q’–Ϊ,9,0,0,0,3,0,1,2,0,0,1,0,0,0,0,1,0,0,0,4,0,0,1,0,0,0,0,0,0,1,2,1,1,0,0,0,0
”Β‹΄‹ζ‘ε’Jϋγ’¬,7,0,0,0,2,0,1,1,0,0,0,0,0,0,0,0,0,0,0,2,0,0,0,0,0,0,0,0,0,0,2,3,3,0,0,0,0
”Β‹΄‹ζ‘ε’Jϋ–k’¬,19,0,0,0,1,0,1,0,0,0,0,0,0,0,0,0,0,0,0,8,0,0,3,0,0,0,0,0,0,1,4,10,4,0,0,0,6
”Β‹΄‹ζ‘εR‹ΰδ’¬,15,0,0,0,2,0,1,0,1,0,0,0,0,0,0,0,0,0,0,6,0,0,5,0,1,0,0,0,0,0,0,7,3,1,0,0,3
”Β‹΄‹ζ‘εRΌ’¬,7,0,0,0,0,0,0,0,0,0,0,0,0,0,0,0,0,0,0,6,0,1,4,0,0,0,0,0,0,0,1,1,1,0,0,0,0
”Β‹΄‹ζ‘εR“’¬,36,0,0,0,5,0,2,1,2,0,0,0,0,0,0,0,0,0,0,24,0,1,15,0,0,0,0,0,0,2,6,7,1,0,0,0,6
”Β‹΄‹ζ‘εR’¬,38,0,0,0,5,0,1,2,2,0,0,0,0,0,0,0,0,0,0,22,0,0,9,2,0,0,0,0,0,5,6,11,4,2,0,0,5
”Β‹΄‹ζ‰Α‰κ‚P’–Ϊ,7,0,0,0,1,0,0,0,1,0,0,0,0,0,0,0,0,0,0,2,0,0,0,0,0,0,0,0,0,0,2,4,4,0,0,0,0
”Β‹΄‹ζ‰Α‰κ‚Q’–Ϊ,3,0,0,0,1,0,0,0,1,0,0,0,0,0,0,0,0,0,0,0,0,0,0,0,0,0,0,0,0,0,0,2,1,0,0,0,1
”Β‹΄‹ζγ”Β‹΄‚P’–Ϊ,10,0,0,0,0,0,0,0,0,0,0,0,0,0,0,0,0,0,0,8,0,0,5,0,0,0,0,0,0,2,1,2,1,0,0,0,1
”Β‹΄‹ζγ”Β‹΄‚Q’–Ϊ,16,0,0,0,3,0,2,0,1,0,0,0,0,0,0,0,0,0,0,6,0,1,4,0,0,0,0,0,0,1,0,7,4,0,0,0,3
”Β‹΄‹ζγ”Β‹΄‚R’–Ϊ,7,0,0,0,0,0,0,0,0,0,0,0,0,0,0,0,0,0,0,7,0,0,5,1,0,0,0,0,0,0,1,0,0,0,0,0,0
”Β‹΄‹ζF–μ’¬,22,0,0,0,1,0,1,0,0,0,0,0,0,0,0,0,0,0,0,15,0,1,7,3,0,0,0,0,0,0,4,6,0,1,0,0,5
”Β‹΄‹ζ¬–Ξª‚P’–Ϊ,6,0,0,0,0,0,0,0,0,0,0,0,0,0,0,0,0,0,0,5,0,0,3,0,0,0,0,0,0,0,2,1,0,0,0,0,1
”Β‹΄‹ζ¬–Ξª‚Q’–Ϊ,10,0,0,0,0,0,0,0,0,0,0,0,0,0,0,0,0,0,0,7,0,0,5,0,0,0,0,0,0,1,1,3,3,0,0,0,0
”Β‹΄‹ζ¬–Ξª‚R’–Ϊ,6,0,0,0,0,0,0,0,0,0,0,0,0,0,0,0,0,0,0,1,0,0,1,0,0,0,0,0,0,0,0,5,3,0,1,0,1
”Β‹΄‹ζ¬–Ξª‚S’–Ϊ,4,0,0,0,0,0,0,0,0,0,0,0,0,0,0,0,0,0,0,2,0,0,2,0,0,0,0,0,0,0,0,2,0,0,0,0,2
”Β‹΄‹ζ¬–Ξª‚T’–Ϊ,3,0,0,0,0,0,0,0,0,0,0,0,0,0,0,0,0,0,0,1,0,0,0,0,0,0,0,0,0,0,1,2,0,0,0,0,2
”Β‹΄‹ζK’¬,17,0,0,0,0,0,0,0,0,0,0,0,0,0,0,0,0,0,0,9,0,2,5,0,0,0,0,0,0,0,2,8,7,0,0,0,1
”Β‹΄‹ζ‰h’¬,11,0,0,0,2,0,1,0,0,1,0,0,0,0,0,0,0,0,0,6,0,1,3,0,0,1,0,0,0,0,1,3,1,0,0,0,2
”Β‹΄‹ζβ‰Ί‚P’–Ϊ,8,0,0,0,1,0,1,0,0,0,0,0,0,0,0,0,0,0,0,5,0,0,2,0,0,0,0,0,0,0,3,2,1,0,0,0,1
”Β‹΄‹ζβ‰Ί‚Q’–Ϊ,14,0,0,0,2,0,1,0,1,0,0,0,0,0,0,0,0,0,0,5,0,0,2,1,0,0,0,0,0,1,1,7,3,0,0,0,4
”Β‹΄‹ζβ‰Ί‚R’–Ϊ,17,0,0,0,1,0,1,0,0,0,2,0,0,0,0,0,0,0,2,8,0,1,4,0,0,0,0,0,0,0,3,6,2,0,0,0,4
”Β‹΄‹ζχμ‚P’–Ϊ,1,0,0,0,0,0,0,0,0,0,0,0,0,0,0,0,0,0,0,1,0,0,0,0,0,0,0,0,0,0,1,0,0,0,0,0,0
”Β‹΄‹ζχμ‚Q’–Ϊ,5,0,0,0,0,0,0,0,0,0,0,0,0,0,0,0,0,0,0,3,0,0,1,0,0,0,0,0,0,0,2,2,0,1,0,0,1
”Β‹΄‹ζχμ‚R’–Ϊ,15,0,0,0,3,0,2,0,1,0,0,0,0,0,0,0,0,0,0,11,0,0,8,0,0,0,0,0,0,3,0,1,0,0,0,0,1
”Β‹΄‹ζ΄…’¬,9,0,0,0,1,0,1,0,0,0,0,0,0,0,0,0,0,0,0,5,0,1,3,0,0,0,0,0,0,0,1,3,2,0,0,0,1
”Β‹΄‹ζu‘Ί‚P’–Ϊ,8,0,0,0,1,0,1,0,0,0,0,0,0,0,0,0,0,0,0,2,0,0,2,0,0,0,0,0,0,0,0,5,3,0,0,0,2
”Β‹΄‹ζu‘Ί‚Q’–Ϊ,10,0,0,0,1,0,1,0,0,0,0,0,0,0,0,0,0,0,0,7,0,1,1,0,0,0,0,0,0,1,4,2,1,0,0,0,1
”Β‹΄‹ζu‘Ί‚R’–Ϊ,27,0,0,0,0,0,0,0,0,0,1,0,0,0,0,0,0,0,1,20,0,0,11,1,0,0,0,0,1,5,2,6,2,1,0,0,3
”Β‹΄‹ζV‰Νέ‚P’–Ϊ,20,0,0,0,1,0,0,1,0,0,1,0,0,1,0,0,0,0,0,13,0,0,0,0,0,0,0,0,0,12,1,5,2,0,0,0,3
”Β‹΄‹ζV‰Νέ‚Q’–Ϊ,2,0,0,0,0,0,0,0,0,0,0,0,0,0,0,0,0,0,0,1,0,0,0,0,0,0,0,0,0,0,1,1,0,0,0,0,1
”Β‹΄‹ζV‰Νέ‚R’–Ϊ,2,0,0,0,0,0,0,0,0,0,1,0,0,0,0,1,0,0,0,1,0,0,1,0,0,0,0,0,0,0,0,0,0,0,0,0,0
”Β‹΄‹ζ‚“‡•½‚P’–Ϊ,45,0,0,0,4,0,2,1,1,0,0,0,0,0,0,0,0,0,0,31,0,0,8,4,0,0,0,0,0,12,7,10,4,0,0,0,6
”Β‹΄‹ζ‚“‡•½‚Q’–Ϊ,56,0,0,0,2,0,1,1,0,0,0,0,0,0,0,0,0,0,0,38,0,1,5,1,0,0,0,0,2,11,18,16,9,1,0,0,6
”Β‹΄‹ζ‚“‡•½‚R’–Ϊ,21,0,0,0,4,0,1,2,1,0,0,0,0,0,0,0,0,0,0,9,0,1,3,1,0,0,0,0,0,0,4,8,4,0,0,0,4
”Β‹΄‹ζ‚“‡•½‚S’–Ϊ,5,0,0,0,0,0,0,0,0,0,1,0,0,0,0,1,0,0,0,1,0,0,0,0,0,0,0,0,0,0,1,3,2,0,0,0,1
”Β‹΄‹ζ‚“‡•½‚T’–Ϊ,17,0,0,0,1,0,0,1,0,0,0,0,0,0,0,0,0,0,0,13,0,0,2,0,0,0,0,0,0,0,11,3,2,0,0,0,1
”Β‹΄‹ζ‚“‡•½‚U’–Ϊ,12,0,0,0,0,0,0,0,0,0,1,0,0,0,0,0,0,0,1,8,0,0,4,0,0,0,0,0,0,0,4,3,0,0,0,0,3
”Β‹΄‹ζ‚“‡•½‚V’–Ϊ,23,0,0,0,3,0,1,1,1,0,1,0,0,0,0,1,0,0,0,10,0,0,1,0,0,0,0,0,0,6,3,9,4,0,0,0,5
”Β‹΄‹ζ‚“‡•½‚W’–Ϊ,23,0,0,0,2,0,1,1,0,0,0,0,0,0,0,0,0,0,0,16,0,0,6,0,0,0,1,0,0,2,7,5,2,1,0,0,2
”Β‹΄‹ζ‚“‡•½‚X’–Ϊ,24,0,0,0,3,0,0,1,2,0,0,0,0,0,0,0,0,0,0,10,0,0,2,0,0,0,0,0,0,4,4,11,5,0,1,0,5
”Β‹΄‹ζ‘ε–ε,1,0,0,0,0,0,0,0,0,0,0,0,0,0,0,0,0,0,0,0,0,0,0,0,0,0,0,0,0,0,0,1,0,0,0,0,1
”Β‹΄‹ζ“V’¬‚P’–Ϊ,15,0,0,0,1,0,0,1,0,0,0,0,0,0,0,0,0,0,0,10,0,0,7,0,0,0,0,0,0,3,0,4,2,1,0,0,1
”Β‹΄‹ζ“V’¬‚Q’–Ϊ,10,0,0,0,0,0,0,0,0,0,0,0,0,0,0,0,0,0,0,5,0,0,3,0,0,0,0,0,0,2,0,5,3,0,0,0,2
”Β‹΄‹ζν”Υ‘δ‚P’–Ϊ,18,0,0,0,1,0,0,1,0,0,0,0,0,0,0,0,0,0,0,14,0,0,10,1,0,0,0,0,0,1,2,3,0,0,0,0,3
”Β‹΄‹ζν”Υ‘δ‚Q’–Ϊ,5,0,0,0,1,0,1,0,0,0,1,0,0,0,0,1,0,0,0,2,0,0,1,0,0,0,0,0,0,1,0,1,1,0,0,0,0
”Β‹΄‹ζν”Υ‘δ‚R’–Ϊ,1,0,0,0,1,0,0,1,0,0,0,0,0,0,0,0,0,0,0,0,0,0,0,0,0,0,0,0,0,0,0,0,0,0,0,0,0
”Β‹΄‹ζν”Υ‘δ‚S’–Ϊ,17,0,0,0,2,0,0,2,0,0,0,0,0,0,0,0,0,0,0,7,0,0,4,0,0,0,0,0,0,0,3,8,3,2,0,0,3
”Β‹΄‹ζ“ΏΫ‚P’–Ϊ,16,0,0,0,4,0,3,0,1,0,1,0,0,0,0,1,0,0,0,7,0,0,4,0,0,0,0,0,0,1,2,4,2,0,0,0,2
”Β‹΄‹ζ“ΏΫ‚Q’–Ϊ,52,0,0,0,2,0,1,0,1,0,0,0,0,0,0,0,0,0,0,38,0,1,10,0,0,0,0,0,0,22,5,12,6,1,0,0,5
”Β‹΄‹ζ“ΏΫ‚R’–Ϊ,12,0,0,0,3,0,3,0,0,0,0,0,0,0,0,0,0,0,0,6,0,1,4,0,0,0,0,0,0,0,1,3,1,0,0,0,2
”Β‹΄‹ζ“ΏΫ‚S’–Ϊ,4,1,0,1,0,0,0,0,0,0,0,0,0,0,0,0,0,0,0,2,0,1,1,0,0,0,0,0,0,0,0,1,1,0,0,0,0
”Β‹΄‹ζ“ΏΫ‚T’–Ϊ,7,0,0,0,0,0,0,0,0,0,0,0,0,0,0,0,0,0,0,6,0,0,1,4,0,0,0,0,0,0,1,1,0,0,0,0,1
”Β‹΄‹ζ“ΏΫ‚U’–Ϊ,11,0,0,0,0,0,0,0,0,0,0,0,0,0,0,0,0,0,0,2,0,0,2,0,0,0,0,0,0,0,0,9,1,0,1,0,7
”Β‹΄‹ζ“ΏΫ‚V’–Ϊ,4,0,0,0,0,0,0,0,0,0,0,0,0,0,0,0,0,0,0,4,0,0,1,1,0,0,0,0,0,2,0,0,0,0,0,0,0
”Β‹΄‹ζ“ΏΫ‚W’–Ϊ,4,0,0,0,1,0,1,0,0,0,0,0,0,0,0,0,0,0,0,0,0,0,0,0,0,0,0,0,0,0,0,3,3,0,0,0,0
”Β‹΄‹ζ’†”Β‹΄,37,0,0,0,0,0,0,0,0,0,0,0,0,0,0,0,0,0,0,29,0,1,13,0,0,0,0,0,0,12,3,8,6,0,0,0,2
”Β‹΄‹ζ’‡h,29,0,0,0,2,0,2,0,0,0,0,0,0,0,0,0,0,0,0,22,0,2,5,0,0,0,0,0,0,10,5,5,2,0,0,0,3
”Β‹΄‹ζ’†‘δ‚P’–Ϊ,12,0,0,0,1,0,0,0,1,0,0,0,0,0,0,0,0,0,0,7,0,0,4,1,0,0,0,0,0,2,0,4,2,0,0,0,2
”Β‹΄‹ζ’†‘δ‚Q’–Ϊ,4,0,0,0,1,0,1,0,0,0,2,0,0,2,0,0,0,0,0,1,0,0,0,0,0,0,0,0,0,0,1,0,0,0,0,0,0
”Β‹΄‹ζ’†‘δ‚R’–Ϊ,11,0,0,0,1,0,0,0,1,0,0,0,0,0,0,0,0,0,0,2,0,0,2,0,0,0,0,0,0,0,0,8,7,0,0,0,1
”Β‹΄‹ζ’‡’¬,7,0,0,0,0,0,0,0,0,0,0,0,0,0,0,0,0,0,0,3,0,0,2,0,1,0,0,0,0,0,0,4,1,1,0,0,2
”Β‹΄‹ζ’†Ϋ’¬,23,0,0,0,1,0,1,0,0,0,0,0,0,0,0,0,0,0,0,15,0,0,12,0,0,0,0,0,0,0,3,7,5,0,1,0,1
”Β‹΄‹ζ¬‘‚P’–Ϊ,14,0,0,0,0,0,0,0,0,0,0,0,0,0,0,0,0,0,0,11,0,0,5,0,0,0,0,0,0,4,2,3,3,0,0,0,0
”Β‹΄‹ζ¬‘‚Q’–Ϊ,92,1,1,0,7,0,5,1,1,0,0,0,0,0,0,0,0,0,0,54,0,1,20,1,0,0,1,0,1,11,19,30,6,0,0,0,24
”Β‹΄‹ζ¬‘‚R’–Ϊ,31,0,0,0,1,0,0,1,0,0,1,0,0,0,0,1,0,0,0,25,0,0,4,0,0,0,0,0,0,15,6,4,1,0,0,0,3
”Β‹΄‹ζ¬‘‚S’–Ϊ,8,0,0,0,0,0,0,0,0,0,1,0,0,0,0,0,0,1,0,6,0,0,0,0,0,0,0,0,0,0,6,1,1,0,0,0,0
”Β‹΄‹ζ¬‘‚T’–Ϊ,10,0,0,0,1,0,1,0,0,0,0,0,0,0,0,0,0,0,0,5,0,0,2,0,0,0,0,0,0,1,2,4,2,0,0,0,2
”Β‹΄‹ζΌ‘δ‚P’–Ϊ,3,0,0,0,0,0,0,0,0,0,1,0,0,0,0,1,0,0,0,0,0,0,0,0,0,0,0,0,0,0,0,2,1,0,0,0,1
”Β‹΄‹ζΌ‘δ‚Q’–Ϊ,10,0,0,0,1,0,0,1,0,0,0,0,0,0,0,0,0,0,0,7,0,0,4,1,0,0,0,0,0,0,2,2,1,1,0,0,0
”Β‹΄‹ζΌ‘δ‚R’–Ϊ,4,0,0,0,1,0,1,0,0,0,0,0,0,0,0,0,0,0,0,3,0,0,0,1,0,0,0,0,0,0,2,0,0,0,0,0,0
”Β‹΄‹ζΌ‘δ‚S’–Ϊ,6,0,0,0,1,0,1,0,0,0,0,0,0,0,0,0,0,0,0,3,0,0,3,0,0,0,0,0,0,0,0,2,2,0,0,0,0
”Β‹΄‹ζ@ΐ’¬,15,0,0,0,1,0,0,1,0,0,0,0,0,0,0,0,0,0,0,13,0,0,3,0,0,0,0,0,0,7,3,1,0,0,0,0,1
”Β‹΄‹ζ@ª‚P’–Ϊ,2,0,0,0,0,0,0,0,0,0,0,0,0,0,0,0,0,0,0,2,0,0,2,0,0,0,0,0,0,0,0,0,0,0,0,0,0
”Β‹΄‹ζ@ª‚Q’–Ϊ,20,0,0,0,0,0,0,0,0,0,0,0,0,0,0,0,0,0,0,15,0,1,6,0,0,0,0,0,0,4,4,5,4,0,0,0,1
”Β‹΄‹ζ@ª‚R’–Ϊ,20,0,0,0,0,0,0,0,0,0,1,0,0,0,0,0,0,1,0,12,0,0,4,0,0,0,0,0,0,4,4,7,1,1,0,0,5
”Β‹΄‹ζ•Xμ’¬,17,0,0,0,1,0,0,1,0,0,1,0,0,0,0,1,0,0,0,10,0,0,5,0,0,0,0,0,0,1,4,5,3,2,0,0,0
”Β‹΄‹ζ“β‰Ί‚P’–Ϊ,2,0,0,0,0,0,0,0,0,0,1,1,0,0,0,0,0,0,0,0,0,0,0,0,0,0,0,0,0,0,0,1,0,0,0,0,1
”Β‹΄‹ζ“β‰Ί‚Q’–Ϊ,3,0,0,0,0,0,0,0,0,0,0,0,0,0,0,0,0,0,0,1,0,0,0,0,0,0,0,0,0,0,1,2,1,0,0,0,1
”Β‹΄‹ζ“R’¬,12,0,0,0,0,0,0,0,0,0,1,0,0,0,0,1,0,0,0,8,0,0,4,2,0,0,0,0,0,0,2,3,1,0,0,0,2
”Β‹΄‹ζ•xm©’¬,23,0,0,0,2,0,1,1,0,0,1,0,0,0,0,0,0,1,0,16,0,0,13,0,0,0,0,0,0,2,1,4,3,0,0,0,1
”Β‹΄‹ζ‘o—t’¬,13,0,0,0,0,0,0,0,0,0,0,0,0,0,0,0,0,0,0,11,0,0,10,0,0,0,0,0,0,0,1,2,2,0,0,0,0
”Β‹΄‹ζM“n‚P’–Ϊ,20,0,0,0,2,0,1,1,0,0,1,0,0,0,0,0,0,0,1,14,0,1,6,0,0,0,0,0,3,2,2,3,1,0,0,0,2
”Β‹΄‹ζM“n‚Q’–Ϊ,5,0,0,0,0,0,0,0,0,0,1,0,0,1,0,0,0,0,0,2,0,1,0,0,0,0,0,0,0,0,1,2,1,0,0,0,1
”Β‹΄‹ζM“n‚R’–Ϊ,1,0,0,0,0,0,0,0,0,0,0,0,0,0,0,0,0,0,0,0,0,0,0,0,0,0,0,0,0,0,0,1,0,0,0,0,1
”Β‹΄‹ζM“n‚S’–Ϊ,3,0,0,0,0,0,0,0,0,0,0,0,0,0,0,0,0,0,0,3,0,0,0,1,0,0,0,0,0,0,2,0,0,0,0,0,0
”Β‹΄‹ζ–{’¬,17,0,0,0,3,0,1,2,0,0,0,0,0,0,0,0,0,0,0,9,0,0,4,0,0,0,0,0,0,4,1,5,1,1,0,0,3
”Β‹΄‹ζ‘O–μ’¬‚P’–Ϊ,16,0,0,0,0,0,0,0,0,0,0,0,0,0,0,0,0,0,0,11,0,0,9,0,0,0,0,0,2,0,0,5,1,1,0,0,3
”Β‹΄‹ζ‘O–μ’¬‚Q’–Ϊ,5,0,0,0,1,0,1,0,0,0,0,0,0,0,0,0,0,0,0,3,0,0,3,0,0,0,0,0,0,0,0,1,1,0,0,0,0
”Β‹΄‹ζ‘O–μ’¬‚R’–Ϊ,15,0,0,0,0,0,0,0,0,0,0,0,0,0,0,0,0,0,0,9,0,0,4,0,0,0,0,0,0,3,2,6,4,1,1,0,0
”Β‹΄‹ζ‘O–μ’¬‚S’–Ϊ,14,0,0,0,2,0,0,2,0,0,0,0,0,0,0,0,0,0,0,7,0,0,2,0,0,0,0,0,0,5,0,5,1,0,0,0,4
”Β‹΄‹ζ‘O–μ’¬‚T’–Ϊ,5,0,0,0,0,0,0,0,0,0,0,0,0,0,0,0,0,0,0,4,0,0,4,0,0,0,0,0,0,0,0,1,0,0,0,0,1
”Β‹΄‹ζ‘O–μ’¬‚U’–Ϊ,18,0,0,0,0,0,0,0,0,0,0,0,0,0,0,0,0,0,0,12,0,0,5,0,0,0,0,0,1,5,1,6,5,1,0,0,0
”Β‹΄‹ζO‰€‚P’–Ϊ,19,1,0,1,2,0,1,1,0,0,1,0,0,0,0,1,0,0,0,9,0,0,2,0,0,2,0,0,0,2,3,6,1,0,0,0,5
”Β‹΄‹ζO‰€‚Q’–Ϊ,4,0,0,0,0,0,0,0,0,0,0,0,0,0,0,0,0,0,0,2,0,0,0,0,0,0,0,0,0,0,2,2,0,1,0,0,1
”Β‹΄‹ζ“μ’¬,9,0,0,0,0,0,0,0,0,0,0,0,0,0,0,0,0,0,0,7,0,1,4,0,0,0,0,0,0,1,1,2,0,0,0,0,2
”Β‹΄‹ζ“μν”Υ‘δ‚P’–Ϊ,19,0,0,0,2,0,1,1,0,0,0,0,0,0,0,0,0,0,0,11,0,0,3,0,0,2,0,0,0,5,1,6,3,0,0,0,3
”Β‹΄‹ζ“μν”Υ‘δ‚Q’–Ϊ,2,0,0,0,0,0,0,0,0,0,0,0,0,0,0,0,0,0,0,1,0,0,1,0,0,0,0,0,0,0,0,1,1,0,0,0,0
”Β‹΄‹ζ‹{–{’¬,20,0,0,0,1,0,1,0,0,0,0,0,0,0,0,0,0,0,0,16,0,0,10,0,0,0,0,0,2,1,3,3,1,0,0,0,2
”Β‹΄‹ζό΄‚P’–Ϊ,7,0,0,0,0,0,0,0,0,0,0,0,0,0,0,0,0,0,0,6,0,0,5,0,0,0,0,0,0,0,1,1,0,0,0,0,1
”Β‹΄‹ζό΄‚Q’–Ϊ,3,0,0,0,0,0,0,0,0,0,0,0,0,0,0,0,0,0,0,3,0,0,1,0,0,0,0,0,0,0,2,0,0,0,0,0,0
”Β‹΄‹ζό΄‚R’–Ϊ,8,0,0,0,2,0,1,0,1,0,0,0,0,0,0,0,0,0,0,5,0,1,4,0,0,0,0,0,0,0,0,1,1,0,0,0,0
”Β‹΄‹ζ‘εa’¬,22,0,0,0,0,0,0,0,0,0,0,0,0,0,0,0,0,0,0,14,0,1,12,0,0,0,0,0,0,0,1,8,6,0,0,0,2
”Β‹΄‹ζ–ν¶’¬,29,0,0,0,2,0,0,2,0,0,0,0,0,0,0,0,0,0,0,20,0,1,16,1,0,0,1,0,0,0,1,7,2,0,0,0,5
”Β‹΄‹ζl—t‚P’–Ϊ,2,0,0,0,0,0,0,0,0,0,0,0,0,0,0,0,0,0,0,2,0,0,1,0,0,0,0,0,0,1,0,0,0,0,0,0,0
”Β‹΄‹ζl—t‚Q’–Ϊ,8,0,0,0,0,0,0,0,0,0,0,0,0,0,0,0,0,0,0,4,0,0,0,0,0,0,0,0,0,2,2,4,3,0,0,0,1
”Β‹΄‹ζα–Ψ‚P’–Ϊ,5,0,0,0,0,0,0,0,0,0,0,0,0,0,0,0,0,0,0,4,0,0,3,0,0,0,0,0,0,0,1,1,0,0,0,0,1
”Β‹΄‹ζα–Ψ‚Q’–Ϊ,8,0,0,0,0,0,0,0,0,0,0,0,0,0,0,0,0,0,0,4,0,0,4,0,0,0,0,0,0,0,0,4,3,0,0,0,1
”Β‹΄‹ζα–Ψ‚R’–Ϊ,3,0,0,0,0,0,0,0,0,0,0,0,0,0,0,0,0,0,0,2,0,0,1,0,0,0,0,0,0,1,0,1,0,0,0,0,1
”Β‹΄‹ζv,1785,8,2,6,144,0,75,45,22,2,33,1,0,4,0,17,1,3,7,1070,0,29,474,32,3,6,6,0,15,238,267,530,239,30,8,0,253
—ϋ”n‹ζ®‹u‚P’–Ϊ,40,0,0,0,5,0,3,1,1,0,1,0,0,0,0,1,0,0,0,23,0,0,12,0,0,0,0,0,0,5,6,11,3,0,0,0,8
—ϋ”n‹ζ®‹u‚Q’–Ϊ,3,0,0,0,0,0,0,0,0,0,0,0,0,0,0,0,0,0,0,3,0,0,1,1,0,0,0,0,0,0,1,0,0,0,0,0,0
—ϋ”n‹ζ®’¬‚P’–Ϊ,15,0,0,0,1,0,1,0,0,0,6,0,0,0,0,0,0,0,6,6,0,0,1,0,0,0,0,0,0,1,4,2,1,1,0,0,0
—ϋ”n‹ζ®’¬‚Q’–Ϊ,5,0,0,0,0,0,0,0,0,0,0,0,0,0,0,0,0,0,0,4,0,0,3,0,0,0,0,0,0,0,1,1,0,0,0,0,1
—ϋ”n‹ζ®’¬‚R’–Ϊ,10,0,0,0,0,0,0,0,0,0,0,0,0,0,0,0,0,0,0,4,0,0,3,0,0,0,0,0,0,1,0,6,4,1,0,0,1
—ϋ”n‹ζ‘εςw‰€’¬‚P’–Ϊ,10,0,0,0,1,0,1,0,0,0,2,0,0,0,0,0,0,1,1,3,0,0,2,0,0,0,0,0,0,0,1,4,1,0,0,0,3
—ϋ”n‹ζ‘εςw‰€’¬‚Q’–Ϊ,7,0,0,0,0,0,0,0,0,0,0,0,0,0,0,0,0,0,0,5,0,0,4,0,0,0,0,0,0,1,0,2,1,0,0,0,1
—ϋ”n‹ζ‘εςw‰€’¬‚R’–Ϊ,2,0,0,0,0,0,0,0,0,0,1,0,0,0,0,0,0,0,1,0,0,0,0,0,0,0,0,0,0,0,0,1,1,0,0,0,0
—ϋ”n‹ζ‘εςw‰€’¬‚S’–Ϊ,10,0,0,0,1,0,1,0,0,0,1,0,0,0,0,0,0,1,0,4,0,0,1,0,0,0,0,0,0,1,2,4,2,0,0,0,2
—ϋ”n‹ζ‘εςw‰€’¬‚T’–Ϊ,10,0,0,0,0,0,0,0,0,0,0,0,0,0,0,0,0,0,0,5,0,0,2,1,0,0,0,0,0,1,1,5,1,0,1,0,3
—ϋ”n‹ζ‘εςw‰€’¬‚U’–Ϊ,12,0,0,0,2,0,2,0,0,0,3,0,0,0,0,1,0,0,2,3,0,0,2,0,0,0,0,0,0,0,1,4,3,0,0,0,1
—ϋ”n‹ζ‘εςw‰€’¬‚V’–Ϊ,15,0,0,0,1,0,1,0,0,0,0,0,0,0,0,0,0,0,0,10,0,0,2,1,0,0,0,0,0,3,4,4,1,0,0,0,3
—ϋ”n‹ζ‘εςw‰€’¬‚W’–Ϊ,7,1,1,0,0,0,0,0,0,0,0,0,0,0,0,0,0,0,0,3,0,1,1,0,0,0,0,0,0,1,0,3,1,0,0,0,2
—ϋ”n‹ζ‘εςw‰€’¬‚X’–Ϊ,2,0,0,0,0,0,0,0,0,0,0,0,0,0,0,0,0,0,0,1,0,0,1,0,0,0,0,0,0,0,0,1,0,0,0,0,1
—ϋ”n‹ζ‘ες’¬‚P’–Ϊ,8,0,0,0,3,0,1,2,0,0,0,0,0,0,0,0,0,0,0,4,0,1,3,0,0,0,0,0,0,0,0,1,0,0,0,0,1
—ϋ”n‹ζ‘ες’¬‚Q’–Ϊ,9,0,0,0,1,0,1,0,0,0,2,0,0,0,0,2,0,0,0,6,0,1,2,0,0,0,0,0,0,0,3,0,0,0,0,0,0
—ϋ”n‹ζ‘ες’¬‚R’–Ϊ,8,0,0,0,1,0,0,1,0,0,2,0,0,0,0,2,0,0,0,2,0,0,0,0,0,0,0,0,0,0,2,3,1,0,0,0,2
—ϋ”n‹ζ‘ες’¬‚S’–Ϊ,5,0,0,0,0,0,0,0,0,0,0,0,0,0,0,0,0,0,0,1,0,0,0,0,0,0,0,0,0,0,1,4,3,0,0,0,1
—ϋ”n‹ζ‘ες’¬‚T’–Ϊ,5,0,0,0,0,0,0,0,0,0,0,0,0,0,0,0,0,0,0,3,0,0,1,0,0,0,0,0,0,2,0,2,2,0,0,0,0
—ϋ”n‹ζ‘ες’¬‚U’–Ϊ,6,0,0,0,0,0,0,0,0,0,0,0,0,0,0,0,0,0,0,5,0,0,2,0,0,0,0,0,0,2,1,1,0,0,0,0,1
—ϋ”n‹ζt“ϊ’¬‚P’–Ϊ,11,1,1,0,2,0,0,0,1,1,0,0,0,0,0,0,0,0,0,4,0,0,0,3,0,0,0,0,0,0,1,4,2,0,0,0,2
—ϋ”n‹ζt“ϊ’¬‚Q’–Ϊ,11,0,0,0,1,0,1,0,0,0,0,0,0,0,0,0,0,0,0,8,0,0,3,0,0,0,0,0,0,2,3,2,2,0,0,0,0
—ϋ”n‹ζt“ϊ’¬‚R’–Ϊ,18,0,0,0,1,0,0,1,0,0,0,0,0,0,0,0,0,0,0,15,0,0,10,0,0,0,0,0,0,0,5,2,2,0,0,0,0
—ϋ”n‹ζt“ϊ’¬‚S’–Ϊ,8,0,0,0,1,0,0,1,0,0,1,0,1,0,0,0,0,0,0,2,0,0,2,0,0,0,0,0,0,0,0,4,3,1,0,0,0
—ϋ”n‹ζt“ϊ’¬‚T’–Ϊ,7,0,0,0,0,0,0,0,0,0,0,0,0,0,0,0,0,0,0,6,0,0,4,0,0,0,0,0,0,2,0,1,1,0,0,0,0
—ϋ”n‹ζt“ϊ’¬‚U’–Ϊ,7,0,0,0,2,0,1,1,0,0,1,0,0,0,0,0,1,0,0,4,0,0,2,0,0,0,0,0,0,0,2,0,0,0,0,0,0
—ϋ”n‹ζγΞ_δ‚P’–Ϊ,36,1,0,1,6,0,4,2,0,0,0,0,0,0,0,0,0,0,0,23,0,0,13,0,0,0,1,0,0,5,4,6,1,0,0,0,5
—ϋ”n‹ζγΞ_δ‚Q’–Ϊ,10,0,0,0,3,0,2,1,0,0,0,0,0,0,0,0,0,0,0,6,0,0,6,0,0,0,0,0,0,0,0,1,0,0,0,0,1
—ϋ”n‹ζγΞ_δ‚R’–Ϊ,4,0,0,0,0,0,0,0,0,0,0,0,0,0,0,0,0,0,0,3,0,0,2,0,0,0,0,0,0,1,0,1,1,0,0,0,0
—ϋ”n‹ζγΞ_δ‚S’–Ϊ,11,0,0,0,0,0,0,0,0,0,2,0,0,0,1,0,0,0,1,6,0,0,2,0,0,0,0,0,0,0,4,3,1,0,0,0,2
—ϋ”n‹ζ–k’¬‚P’–Ϊ,11,0,0,0,2,0,1,1,0,0,0,0,0,0,0,0,0,0,0,8,0,0,3,2,0,0,0,0,0,0,3,1,1,0,0,0,0
—ϋ”n‹ζ–k’¬‚Q’–Ϊ,17,0,0,0,1,0,1,0,0,0,0,0,0,0,0,0,0,0,0,13,0,0,7,1,0,0,0,0,0,1,4,3,1,0,0,0,2
—ϋ”n‹ζ–k’¬‚R’–Ϊ,2,0,0,0,0,0,0,0,0,0,0,0,0,0,0,0,0,0,0,1,0,0,0,0,0,0,0,0,0,0,1,1,0,0,0,0,1
—ϋ”n‹ζ–k’¬‚T’–Ϊ,2,0,0,0,0,0,0,0,0,0,0,0,0,0,0,0,0,0,0,1,0,0,0,0,0,0,0,0,0,0,1,1,1,0,0,0,0
—ϋ”n‹ζ–k’¬‚U’–Ϊ,15,0,0,0,1,0,1,0,0,0,0,0,0,0,0,0,0,0,0,12,0,1,4,0,0,0,0,0,0,4,3,2,1,0,0,0,1
—ϋ”n‹ζ–k’¬‚V’–Ϊ,8,0,0,0,0,0,0,0,0,0,1,0,0,1,0,0,0,0,0,4,0,1,1,0,0,0,0,0,0,0,2,3,3,0,0,0,0
—ϋ”n‹ζ–k’¬‚W’–Ϊ,5,0,0,0,0,0,0,0,0,0,0,0,0,0,0,0,0,0,0,4,0,0,0,0,0,0,0,0,0,0,4,1,1,0,0,0,0
—ϋ”n‹ζόR‚P’–Ϊ,8,0,0,0,1,0,1,0,0,0,0,0,0,0,0,0,0,0,0,4,1,0,3,0,0,0,0,0,0,0,0,3,3,0,0,0,0
—ϋ”n‹ζόR‚Q’–Ϊ,6,0,0,0,2,0,1,1,0,0,0,0,0,0,0,0,0,0,0,2,0,0,2,0,0,0,0,0,0,0,0,2,1,0,0,0,1
—ϋ”n‹ζόR‚R’–Ϊ,4,0,0,0,0,0,0,0,0,0,0,0,0,0,0,0,0,0,0,0,0,0,0,0,0,0,0,0,0,0,0,4,3,0,0,0,1
—ϋ”n‹ζόR‚S’–Ϊ,1,0,0,0,1,0,1,0,0,0,0,0,0,0,0,0,0,0,0,0,0,0,0,0,0,0,0,0,0,0,0,0,0,0,0,0,0
—ϋ”n‹ζ¬’|’¬‚P’–Ϊ,14,0,0,0,3,0,1,1,1,0,0,0,0,0,0,0,0,0,0,8,0,0,5,0,0,0,0,0,0,0,3,3,2,0,0,0,1
—ϋ”n‹ζ¬’|’¬‚Q’–Ϊ,8,0,0,0,2,0,1,1,0,0,0,0,0,0,0,0,0,0,0,3,0,0,2,0,0,0,0,0,0,0,1,3,2,0,0,0,1
—ϋ”n‹ζ‰h’¬,18,0,0,0,1,0,0,1,0,0,0,0,0,0,0,0,0,0,0,10,0,0,6,0,0,0,0,0,0,1,3,7,5,0,0,0,2
—ϋ”n‹ζχ‘δ‚P’–Ϊ,22,0,0,0,0,0,0,0,0,0,0,0,0,0,0,0,0,0,0,13,0,0,10,0,0,0,0,0,0,2,1,9,5,1,0,0,3
—ϋ”n‹ζχ‘δ‚Q’–Ϊ,18,0,0,0,0,0,0,0,0,0,0,0,0,0,0,0,0,0,0,10,0,0,7,0,0,0,0,0,0,0,3,8,6,0,0,0,2
—ϋ”n‹ζχ‘δ‚R’–Ϊ,11,0,0,0,0,0,0,0,0,0,0,0,0,0,0,0,0,0,0,6,0,0,2,1,0,0,0,0,0,3,0,5,4,0,0,0,1
—ϋ”n‹ζχ‘δ‚S’–Ϊ,6,0,0,0,0,0,0,0,0,0,1,0,0,0,0,0,1,0,0,4,0,0,4,0,0,0,0,0,0,0,0,1,1,0,0,0,0
—ϋ”n‹ζχ‘δ‚T’–Ϊ,10,0,0,0,1,0,1,0,0,0,2,0,0,0,0,2,0,0,0,2,0,0,2,0,0,0,0,0,0,0,0,5,2,0,0,0,3
—ϋ”n‹ζχ‘δ‚U’–Ϊ,3,0,0,0,1,0,0,0,1,0,0,0,0,0,0,0,0,0,0,0,0,0,0,0,0,0,0,0,0,0,0,2,2,0,0,0,0
—ϋ”n‹ζ‰ΊΞ_δ‚P’–Ϊ,2,0,0,0,0,0,0,0,0,0,0,0,0,0,0,0,0,0,0,1,0,0,1,0,0,0,0,0,0,0,0,1,0,1,0,0,0
—ϋ”n‹ζ‰ΊΞ_δ‚Q’–Ϊ,6,0,0,0,0,0,0,0,0,0,0,0,0,0,0,0,0,0,0,3,0,0,1,0,0,0,0,0,0,0,2,3,1,1,0,0,1
—ϋ”n‹ζ‰ΊΞ_δ‚R’–Ϊ,3,0,0,0,0,0,0,0,0,0,0,0,0,0,0,0,0,0,0,1,0,0,0,0,0,0,0,0,0,0,1,2,1,0,0,0,1
—ϋ”n‹ζ‰ΊΞ_δ‚S’–Ϊ,9,0,0,0,0,0,0,0,0,0,2,0,0,0,0,2,0,0,0,4,0,0,1,0,0,0,0,0,0,2,1,3,1,0,0,0,2
—ϋ”n‹ζ‰ΊΞ_δ‚T’–Ϊ,4,0,0,0,0,0,0,0,0,0,0,0,0,0,0,0,0,0,0,3,0,0,0,0,0,0,0,0,0,1,2,1,0,0,0,0,1
—ϋ”n‹ζ‰ΊΞ_δ‚U’–Ϊ,6,0,0,0,1,0,1,0,0,0,0,0,0,0,0,0,0,0,0,2,0,0,2,0,0,0,0,0,0,0,0,3,0,0,0,0,3
—ϋ”n‹ζΞ_δ‘δ‚P’–Ϊ,7,1,1,0,1,0,1,0,0,0,0,0,0,0,0,0,0,0,0,2,0,0,0,0,0,0,0,0,0,0,2,3,1,1,0,0,1
—ϋ”n‹ζΞ_δ‘δ‚Q’–Ϊ,1,0,0,0,0,0,0,0,0,0,0,0,0,0,0,0,0,0,0,1,0,1,0,0,0,0,0,0,0,0,0,0,0,0,0,0,0
—ϋ”n‹ζΞ_δ‘δ‚R’–Ϊ,12,0,0,0,0,0,0,0,0,0,0,0,0,0,0,0,0,0,0,7,0,0,5,1,0,0,0,0,0,0,1,5,4,0,1,0,0
—ϋ”n‹ζΞ_δ‘δ‚S’–Ϊ,10,0,0,0,0,0,0,0,0,0,0,0,0,0,0,0,0,0,0,7,0,0,5,0,0,0,0,0,0,1,1,3,2,0,0,0,1
—ϋ”n‹ζΞ_δ‘δ‚T’–Ϊ,6,0,0,0,3,0,3,0,0,0,0,0,0,0,0,0,0,0,0,2,0,0,2,0,0,0,0,0,0,0,0,1,1,0,0,0,0
—ϋ”n‹ζΞ_δ‘δ‚U’–Ϊ,4,0,0,0,0,0,0,0,0,0,0,0,0,0,0,0,0,0,0,1,0,0,1,0,0,0,0,0,0,0,0,3,1,1,0,0,1
—ϋ”n‹ζΞ_δ‘δ‚V’–Ϊ,6,0,0,0,1,0,1,0,0,0,0,0,0,0,0,0,0,0,0,4,0,0,3,0,0,0,0,0,0,0,1,1,1,0,0,0,0
—ϋ”n‹ζΞ_δ‘δ‚W’–Ϊ,7,0,0,0,1,0,0,0,1,0,1,0,0,0,0,0,0,1,0,2,0,0,1,0,0,0,0,0,0,0,1,3,0,1,0,0,2
—ϋ”n‹ζΞ_δ’¬‚P’–Ϊ,13,0,0,0,0,0,0,0,0,0,0,0,0,0,0,0,0,0,0,9,0,1,8,0,0,0,0,0,0,0,0,4,2,0,0,0,2
—ϋ”n‹ζΞ_δ’¬‚Q’–Ϊ,18,0,0,0,0,0,0,0,0,0,0,0,0,0,0,0,0,0,0,15,0,0,7,1,0,0,0,0,0,7,0,3,1,0,0,0,2
—ϋ”n‹ζΞ_δ’¬‚R’–Ϊ,51,0,0,0,5,0,5,0,0,0,1,0,0,0,0,1,0,0,0,32,0,2,22,1,0,0,0,0,0,1,6,13,1,0,0,0,12
—ϋ”n‹ζΞ_δ’¬‚S’–Ϊ,8,0,0,0,0,0,0,0,0,0,1,0,0,0,0,0,0,0,1,6,0,0,4,0,0,0,0,0,0,1,1,1,1,0,0,0,0
—ϋ”n‹ζΞ_δ’¬‚T’–Ϊ,6,0,0,0,1,0,0,1,0,0,0,0,0,0,0,0,0,0,0,2,0,0,2,0,0,0,0,0,0,0,0,3,1,0,0,0,2
—ϋ”n‹ζΞ_δ’¬‚U’–Ϊ,9,0,0,0,0,0,0,0,0,0,2,0,0,0,0,0,1,0,1,3,0,0,1,1,0,1,0,0,0,0,0,4,2,0,1,0,1
—ϋ”n‹ζΞ_δ’¬‚V’–Ϊ,8,0,0,0,1,0,1,0,0,0,2,0,0,0,0,0,0,0,2,4,0,0,4,0,0,0,0,0,0,0,0,1,1,0,0,0,0
—ϋ”n‹ζΞ_δ’¬‚W’–Ϊ,11,0,0,0,0,0,0,0,0,0,1,0,0,0,0,1,0,0,0,8,0,0,5,0,0,0,0,1,0,0,2,2,1,0,0,0,1
—ϋ”n‹ζΦ’¬–k‚P’–Ϊ,11,0,0,0,0,0,0,0,0,0,0,0,0,0,0,0,0,0,0,8,0,0,6,0,0,0,0,0,0,0,2,3,3,0,0,0,0
—ϋ”n‹ζΦ’¬–k‚Q’–Ϊ,14,0,0,0,0,0,0,0,0,0,0,0,0,0,0,0,0,0,0,10,0,1,3,1,0,0,0,0,0,1,4,4,2,1,0,0,1
—ϋ”n‹ζΦ’¬–k‚R’–Ϊ,7,0,0,0,1,0,0,0,0,1,0,0,0,0,0,0,0,0,0,5,0,0,3,0,0,0,0,0,0,0,2,1,1,0,0,0,0
—ϋ”n‹ζΦ’¬–k‚S’–Ϊ,18,0,0,0,0,0,0,0,0,0,0,0,0,0,0,0,0,0,0,6,0,0,5,0,0,0,0,0,0,0,1,12,0,0,0,0,12
—ϋ”n‹ζΦ’¬–k‚T’–Ϊ,11,0,0,0,1,0,0,1,0,0,1,0,0,0,0,1,0,0,0,7,1,0,1,1,0,0,0,0,0,2,2,2,0,0,0,0,2
—ϋ”n‹ζ‚–μ‘δ‚P’–Ϊ,12,0,0,0,0,0,0,0,0,0,0,0,0,0,0,0,0,0,0,8,0,0,4,0,0,0,0,0,0,2,2,4,3,0,0,0,1
—ϋ”n‹ζ‚–μ‘δ‚Q’–Ϊ,9,0,0,0,1,0,0,1,0,0,0,0,0,0,0,0,0,0,0,5,0,0,3,0,0,0,0,0,0,0,2,3,2,0,0,0,1
—ϋ”n‹ζ‚–μ‘δ‚R’–Ϊ,9,0,0,0,1,0,1,0,0,0,0,0,0,0,0,0,0,0,0,3,0,0,1,0,0,0,0,0,0,0,2,5,2,1,1,0,1
—ϋ”n‹ζ‚–μ‘δ‚S’–Ϊ,6,0,0,0,0,0,0,0,0,0,0,0,0,0,0,0,0,0,0,2,0,0,1,0,0,0,0,0,0,0,1,4,3,1,0,0,0
—ϋ”n‹ζ‚–μ‘δ‚T’–Ϊ,6,0,0,0,0,0,0,0,0,0,0,0,0,0,0,0,0,0,0,4,0,0,3,0,0,0,0,0,0,0,1,2,1,0,0,0,1
—ϋ”n‹ζ‚Ό‚P’–Ϊ,2,0,0,0,0,0,0,0,0,0,0,0,0,0,0,0,0,0,0,1,0,0,1,0,0,0,0,0,0,0,0,1,0,1,0,0,0
—ϋ”n‹ζ‚Ό‚Q’–Ϊ,2,0,0,0,0,0,0,0,0,0,0,0,0,0,0,0,0,0,0,1,0,0,1,0,0,0,0,0,0,0,0,1,1,0,0,0,0
—ϋ”n‹ζ‚Ό‚R’–Ϊ,6,0,0,0,1,0,1,0,0,0,0,0,0,0,0,0,0,0,0,3,0,0,2,0,0,0,0,0,0,1,0,2,1,1,0,0,0
—ϋ”n‹ζ‚Ό‚S’–Ϊ,3,0,0,0,0,0,0,0,0,0,0,0,0,0,0,0,0,0,0,3,0,0,2,0,0,0,0,0,0,0,1,0,0,0,0,0,0
—ϋ”n‹ζ‚Ό‚T’–Ϊ,8,0,0,0,0,0,0,0,0,0,0,0,0,0,0,0,0,0,0,5,0,0,2,0,0,1,0,0,0,1,1,3,2,1,0,0,0
—ϋ”n‹ζ‚Ό‚U’–Ϊ,7,0,0,0,0,0,0,0,0,0,0,0,0,0,0,0,0,0,0,4,0,0,1,0,0,0,0,0,0,2,1,3,2,0,0,0,1
—ϋ”n‹ζ“c•Ώ‚P’–Ϊ,7,0,0,0,0,0,0,0,0,0,0,0,0,0,0,0,0,0,0,4,0,0,3,0,0,0,0,0,0,0,1,3,0,1,0,0,2
—ϋ”n‹ζ“c•Ώ‚Q’–Ϊ,28,0,0,0,0,0,0,0,0,0,0,0,0,0,0,0,0,0,0,17,0,0,10,0,0,0,0,0,1,3,3,11,5,1,0,0,5
—ϋ”n‹ζ“c•Ώ‚R’–Ϊ,14,0,0,0,0,0,0,0,0,0,1,0,0,0,0,1,0,0,0,5,0,0,4,0,0,0,0,0,0,0,1,8,5,0,0,0,3
—ϋ”n‹ζ“c•Ώ‚S’–Ϊ,9,0,0,0,1,0,1,0,0,0,0,0,0,0,0,0,0,0,0,2,0,0,1,0,0,0,0,0,0,0,1,6,3,0,1,0,2
—ϋ”n‹ζ“c•Ώ‚T’–Ϊ,8,0,0,0,0,0,0,0,0,0,0,0,0,0,0,0,0,0,0,3,0,0,2,0,0,0,0,0,0,0,1,5,2,0,0,0,3
—ϋ”n‹ζ—§–μ’¬,7,0,0,0,0,0,0,0,0,0,0,0,0,0,0,0,0,0,0,5,0,0,5,0,0,0,0,0,0,0,0,2,2,0,0,0,0
—ϋ”n‹ζ–L‹Κγ‚P’–Ϊ,15,0,0,0,0,0,0,0,0,0,1,0,1,0,0,0,0,0,0,8,0,0,3,0,0,0,0,0,0,1,4,6,3,0,0,0,3
—ϋ”n‹ζ–L‹Κγ‚Q’–Ϊ,13,0,0,0,0,0,0,0,0,0,1,0,0,0,0,0,1,0,0,7,0,0,1,0,0,0,0,0,0,1,5,5,1,0,0,0,4
—ϋ”n‹ζ–L‹Κ–k‚P’–Ϊ,10,0,0,0,2,0,2,0,0,0,0,0,0,0,0,0,0,0,0,4,0,0,1,0,0,0,0,0,0,1,2,4,2,0,0,0,2
—ϋ”n‹ζ–L‹Κ–k‚Q’–Ϊ,3,1,0,1,0,0,0,0,0,0,0,0,0,0,0,0,0,0,0,0,0,0,0,0,0,0,0,0,0,0,0,2,1,0,0,0,1
—ϋ”n‹ζ–L‹Κ–k‚R’–Ϊ,9,0,0,0,0,0,0,0,0,0,0,0,0,0,0,0,0,0,0,4,0,1,3,0,0,0,0,0,0,0,0,5,2,0,0,0,3
—ϋ”n‹ζ–L‹Κ–k‚S’–Ϊ,12,0,0,0,1,0,1,0,0,0,0,0,0,0,0,0,0,0,0,7,0,0,3,0,0,0,0,0,0,1,3,4,3,0,0,0,1
—ϋ”n‹ζ–L‹Κ–k‚T’–Ϊ,45,0,0,0,8,0,5,2,1,0,1,0,0,0,1,0,0,0,0,26,0,0,17,1,0,0,1,0,1,0,6,10,3,1,0,0,6
—ϋ”n‹ζ–L‹Κ–k‚U’–Ϊ,18,0,0,0,0,0,0,0,0,0,0,0,0,0,0,0,0,0,0,12,0,0,6,0,0,0,0,0,0,3,3,6,3,0,1,0,2
—ϋ”n‹ζ–L‹Κ’†‚P’–Ϊ,3,0,0,0,1,0,0,0,1,0,0,0,0,0,0,0,0,0,0,2,0,0,2,0,0,0,0,0,0,0,0,0,0,0,0,0,0
—ϋ”n‹ζ–L‹Κ’†‚Q’–Ϊ,8,0,0,0,0,0,0,0,0,0,0,0,0,0,0,0,0,0,0,4,0,0,3,0,0,0,0,0,0,0,1,4,0,1,0,0,3
—ϋ”n‹ζ–L‹Κ’†‚R’–Ϊ,12,0,0,0,0,0,0,0,0,0,0,0,0,0,0,0,0,0,0,11,0,0,3,0,0,0,0,0,0,2,6,1,1,0,0,0,0
—ϋ”n‹ζ–L‹Κ’†‚S’–Ϊ,8,0,0,0,0,0,0,0,0,0,0,0,0,0,0,0,0,0,0,6,1,0,4,0,1,0,0,0,0,0,0,2,1,0,0,0,1
—ϋ”n‹ζ–L‹Κ“μ‚P’–Ϊ,4,0,0,0,0,0,0,0,0,0,0,0,0,0,0,0,0,0,0,2,0,0,1,0,0,0,0,0,0,1,0,2,1,0,0,0,1
—ϋ”n‹ζ–L‹Κ“μ‚Q’–Ϊ,7,0,0,0,0,0,0,0,0,0,0,0,0,0,0,0,0,0,0,5,0,0,2,1,0,0,0,0,0,1,1,2,0,0,0,0,2
—ϋ”n‹ζ–L‹Κ“μ‚R’–Ϊ,9,0,0,0,0,0,0,0,0,0,0,0,0,0,0,0,0,0,0,5,0,0,3,0,0,0,0,0,0,0,2,4,1,0,0,0,3
—ϋ”n‹ζ“yx“c‚P’–Ϊ,5,0,0,0,0,0,0,0,0,0,0,0,0,0,0,0,0,0,0,1,0,0,1,0,0,0,0,0,0,0,0,4,2,0,0,0,2
—ϋ”n‹ζ“yx“c‚Q’–Ϊ,14,1,0,1,1,0,1,0,0,0,0,0,0,0,0,0,0,0,0,9,0,0,6,0,0,0,0,0,0,2,1,3,3,0,0,0,0
—ϋ”n‹ζ“yx“c‚R’–Ϊ,14,0,0,0,2,0,1,1,0,0,0,0,0,0,0,0,0,0,0,9,0,0,2,0,0,0,0,0,0,6,1,3,2,0,0,0,1
—ϋ”n‹ζ“yx“c‚S’–Ϊ,3,1,0,1,0,0,0,0,0,0,0,0,0,0,0,0,0,0,0,0,0,0,0,0,0,0,0,0,0,0,0,2,0,0,0,0,2
—ϋ”n‹ζ’†‘Ί‚P’–Ϊ,9,0,0,0,1,0,1,0,0,0,0,0,0,0,0,0,0,0,0,4,0,0,3,0,0,0,0,0,0,0,1,4,2,0,0,0,2
—ϋ”n‹ζ’†‘Ί‚Q’–Ϊ,3,0,0,0,0,0,0,0,0,0,0,0,0,0,0,0,0,0,0,1,0,0,1,0,0,0,0,0,0,0,0,2,0,0,0,0,2
—ϋ”n‹ζ’†‘Ί‚R’–Ϊ,9,0,0,0,0,0,0,0,0,0,0,0,0,0,0,0,0,0,0,6,0,0,1,0,0,0,0,0,0,1,4,3,2,0,0,0,1
—ϋ”n‹ζ’†‘Ί–k‚P’–Ϊ,10,0,0,0,0,0,0,0,0,0,0,0,0,0,0,0,0,0,0,4,0,0,4,0,0,0,0,0,0,0,0,6,2,0,0,0,4
—ϋ”n‹ζ’†‘Ί–k‚Q’–Ϊ,2,0,0,0,0,0,0,0,0,0,0,0,0,0,0,0,0,0,0,2,0,0,1,0,0,0,0,0,0,0,1,0,0,0,0,0,0
—ϋ”n‹ζ’†‘Ί–k‚R’–Ϊ,8,0,0,0,1,0,0,1,0,0,0,0,0,0,0,0,0,0,0,7,0,0,5,0,0,0,0,0,0,0,2,0,0,0,0,0,0
—ϋ”n‹ζ’†‘Ί–k‚S’–Ϊ,10,0,0,0,1,0,1,0,0,0,0,0,0,0,0,0,0,0,0,4,0,0,1,0,0,0,1,0,0,1,1,5,1,0,0,0,4
—ϋ”n‹ζ’†‘Ί“μ‚P’–Ϊ,7,0,0,0,0,0,0,0,0,0,1,0,0,0,0,1,0,0,0,2,0,0,0,0,0,0,0,0,0,0,2,4,2,1,0,0,1
—ϋ”n‹ζ’†‘Ί“μ‚Q’–Ϊ,6,0,0,0,1,0,0,1,0,0,0,0,0,0,0,0,0,0,0,4,0,0,2,0,0,0,0,0,0,1,1,1,1,0,0,0,0
—ϋ”n‹ζ’†‘Ί“μ‚R’–Ϊ,14,0,0,0,0,0,0,0,0,0,0,0,0,0,0,0,0,0,0,6,0,0,1,1,0,0,0,0,0,1,3,8,6,0,0,0,2
—ϋ”n‹ζΌ‘ες‚P’–Ϊ,4,0,0,0,0,0,0,0,0,0,1,0,0,0,0,1,0,0,0,2,0,0,2,0,0,0,0,0,0,0,0,1,1,0,0,0,0
—ϋ”n‹ζΌ‘ες‚Q’–Ϊ,3,0,0,0,0,0,0,0,0,0,0,0,0,0,0,0,0,0,0,2,0,0,1,0,0,0,0,0,0,0,1,1,0,0,0,0,1
—ϋ”n‹ζΌ‘ες‚R’–Ϊ,6,0,0,0,0,0,0,0,0,0,0,0,0,0,0,0,0,0,0,3,1,0,2,0,0,0,0,0,0,0,0,3,2,1,0,0,0
—ϋ”n‹ζΌ‘ες‚S’–Ϊ,8,0,0,0,1,0,1,0,0,0,0,0,0,0,0,0,0,0,0,5,0,0,0,1,0,0,0,0,0,3,1,2,0,0,0,0,2
—ϋ”n‹ζΌ‘ες‚T’–Ϊ,13,0,0,0,0,0,0,0,0,0,4,0,0,0,0,3,0,1,0,7,0,0,4,0,0,1,0,0,0,2,0,2,1,0,0,0,1
—ϋ”n‹ζΌ‘ες‚U’–Ϊ,9,0,0,0,1,0,0,1,0,0,0,0,0,0,0,0,0,0,0,7,0,1,5,0,0,0,0,0,0,0,1,1,1,0,0,0,0
—ϋ”n‹ζ‹Ρ‚P’–Ϊ,7,0,0,0,1,0,1,0,0,0,0,0,0,0,0,0,0,0,0,2,0,0,2,0,0,0,0,0,0,0,0,4,4,0,0,0,0
—ϋ”n‹ζ‹Ρ‚Q’–Ϊ,16,0,0,0,1,0,0,0,1,0,0,0,0,0,0,0,0,0,0,9,0,0,2,0,0,0,0,0,0,7,0,6,2,0,1,0,3
—ϋ”n‹ζΡδ‚P’–Ϊ,18,1,0,1,0,0,0,0,0,0,0,0,0,0,0,0,0,0,0,7,0,0,4,0,0,0,0,0,0,1,2,10,3,1,0,0,6
—ϋ”n‹ζΡδ‚Q’–Ϊ,4,0,0,0,0,0,0,0,0,0,0,0,0,0,0,0,0,0,0,2,0,0,2,0,0,0,0,0,0,0,0,2,1,0,0,0,1
—ϋ”n‹ζΡδ‚R’–Ϊ,21,0,0,0,2,0,2,0,0,0,0,0,0,0,0,0,0,0,0,17,0,0,12,0,0,0,1,0,0,1,3,2,1,0,0,0,1
—ϋ”n‹ζΡδ‚S’–Ϊ,7,0,0,0,1,0,1,0,0,0,1,0,0,0,0,1,0,0,0,4,0,0,2,1,0,0,0,0,0,0,1,1,0,0,0,0,1
—ϋ”n‹ζΡδ‚T’–Ϊ,6,0,0,0,1,0,1,0,0,0,0,0,0,0,0,0,0,0,0,2,0,0,1,0,0,0,0,0,0,1,0,3,1,0,0,0,2
—ϋ”n‹ζ—ϋ”n‚P’–Ϊ,85,0,0,0,10,0,9,1,0,0,0,0,0,0,0,0,0,0,0,59,0,0,31,2,0,0,0,0,0,18,8,16,7,1,0,0,8
—ϋ”n‹ζ—ϋ”n‚Q’–Ϊ,7,0,0,0,0,0,0,0,0,0,0,0,0,0,0,0,0,0,0,3,0,0,1,0,0,0,0,0,0,0,2,4,2,0,0,0,2
—ϋ”n‹ζ—ϋ”n‚R’–Ϊ,12,0,0,0,3,0,1,1,1,0,0,0,0,0,0,0,0,0,0,8,0,0,5,1,0,0,0,0,0,1,1,1,0,0,0,0,1
—ϋ”n‹ζ—ϋ”n‚S’–Ϊ,13,1,1,0,3,0,2,1,0,0,2,0,1,0,0,0,0,0,1,6,0,1,5,0,0,0,0,0,0,0,0,1,1,0,0,0,0
—ϋ”n‹ζ‰H‘ς‚P’–Ϊ,3,0,0,0,0,0,0,0,0,0,0,0,0,0,0,0,0,0,0,3,0,0,2,0,0,0,0,0,0,0,1,0,0,0,0,0,0
—ϋ”n‹ζ‰H‘ς‚Q’–Ϊ,9,0,0,0,0,0,0,0,0,0,0,0,0,0,0,0,0,0,0,4,0,0,0,0,0,0,0,0,0,2,2,5,3,0,0,0,2
—ϋ”n‹ζ‰H‘ς‚R’–Ϊ,8,0,0,0,0,0,0,0,0,0,1,0,0,0,0,1,0,0,0,3,0,0,1,0,0,0,0,0,0,2,0,4,1,0,0,0,3
—ϋ”n‹ζ‘‹{‚P’–Ϊ,11,0,0,0,1,0,1,0,0,0,0,0,0,0,0,0,0,0,0,6,0,0,6,0,0,0,0,0,0,0,0,4,3,0,0,0,1
—ϋ”n‹ζ‘‹{‚Q’–Ϊ,11,0,0,0,2,0,2,0,0,0,0,0,0,0,0,0,0,0,0,6,0,0,3,0,0,0,0,0,0,2,1,3,1,0,0,0,2
—ϋ”n‹ζ‘‹{‚R’–Ϊ,7,0,0,0,1,0,1,0,0,0,1,0,0,1,0,0,0,0,0,2,0,0,1,0,0,0,0,0,0,0,1,3,3,0,0,0,0
—ϋ”n‹ζ‘‹{‚S’–Ϊ,6,0,0,0,0,0,0,0,0,0,1,0,0,0,1,0,0,0,0,3,0,0,1,1,0,0,0,0,0,1,0,2,0,0,1,0,1
—ϋ”n‹ζυ‚ª‹u‚P’–Ϊ,2,0,0,0,0,0,0,0,0,0,0,0,0,0,0,0,0,0,0,1,0,0,0,0,0,0,0,0,0,0,1,1,1,0,0,0,0
—ϋ”n‹ζυ‚ª‹u‚Q’–Ϊ,48,2,0,2,3,0,2,1,0,0,1,0,0,0,0,0,0,0,1,33,0,0,14,1,0,0,0,0,1,2,15,9,3,2,0,0,4
—ϋ”n‹ζυ‚ª‹u‚R’–Ϊ,25,0,0,0,0,0,0,0,0,0,0,0,0,0,0,0,0,0,0,21,0,0,17,0,0,0,0,0,0,0,4,4,3,0,0,0,1
—ϋ”n‹ζυ‚ª‹u‚S’–Ϊ,12,0,0,0,0,0,0,0,0,0,0,0,0,0,0,0,0,0,0,10,0,0,6,1,0,0,0,0,2,0,1,2,0,2,0,0,0
—ϋ”n‹ζυ‚ª‹u‚T’–Ϊ,55,0,0,0,2,0,1,1,0,0,0,0,0,0,0,0,0,0,0,48,0,0,13,2,0,0,0,0,0,26,7,5,2,1,0,0,2
—ϋ”n‹ζυ‚ª‹u‚V’–Ϊ,11,0,0,0,0,0,0,0,0,0,0,0,0,0,0,0,0,0,0,7,0,0,5,0,0,0,0,0,0,0,2,4,3,0,0,0,1
—ϋ”n‹ζ•Xμ‘δ‚P’–Ϊ,2,0,0,0,0,0,0,0,0,0,0,0,0,0,0,0,0,0,0,2,0,0,0,0,0,0,0,0,0,0,2,0,0,0,0,0,0
—ϋ”n‹ζ•Xμ‘δ‚Q’–Ϊ,2,0,0,0,1,1,0,0,0,0,0,0,0,0,0,0,0,0,0,1,0,0,1,0,0,0,0,0,0,0,0,0,0,0,0,0,0
—ϋ”n‹ζ•Xμ‘δ‚R’–Ϊ,13,0,0,0,3,0,2,1,0,0,0,0,0,0,0,0,0,0,0,9,0,0,2,0,0,0,0,0,0,1,6,1,1,0,0,0,0
—ϋ”n‹ζ•Xμ‘δ‚S’–Ϊ,6,1,0,1,0,0,0,0,0,0,0,0,0,0,0,0,0,0,0,5,0,0,1,0,0,0,0,0,0,1,3,0,0,0,0,0,0
—ϋ”n‹ζ“‘ες‚P’–Ϊ,38,0,0,0,4,0,2,0,2,0,0,0,0,0,0,0,0,0,0,26,0,0,19,0,0,0,0,0,0,6,1,8,3,2,0,0,3
—ϋ”n‹ζ“‘ες‚Q’–Ϊ,19,0,0,0,2,0,2,0,0,0,0,0,0,0,0,0,0,0,0,13,0,2,7,1,0,0,0,0,0,1,2,4,1,1,0,0,2
—ϋ”n‹ζ“‘ες‚R’–Ϊ,9,0,0,0,0,0,0,0,0,0,1,0,0,0,0,1,0,0,0,6,0,1,5,0,0,0,0,0,0,0,0,2,1,0,0,0,1
—ϋ”n‹ζ“‘ες‚S’–Ϊ,27,1,0,1,2,0,0,1,1,0,0,0,0,0,0,0,0,0,0,20,0,0,14,0,0,0,1,0,0,3,2,4,0,2,0,0,2
—ϋ”n‹ζ“‘ες‚T’–Ϊ,33,0,0,0,0,0,0,0,0,0,1,0,0,0,0,1,0,0,0,26,1,0,7,0,0,0,1,0,1,13,3,6,2,0,0,0,4
—ϋ”n‹ζ“‘ες‚U’–Ϊ,14,0,0,0,1,0,0,1,0,0,1,0,0,0,0,0,0,0,1,11,0,0,3,0,0,0,0,0,0,7,1,1,0,0,0,0,1
—ϋ”n‹ζ“‘ες‚V’–Ϊ,16,1,0,1,1,0,1,0,0,0,3,0,0,0,0,3,0,0,0,8,0,0,1,0,0,0,0,0,0,0,7,3,0,0,0,0,3
—ϋ”n‹ζ•xm©‘δ‚P’–Ϊ,5,0,0,0,0,0,0,0,0,0,0,0,0,0,0,0,0,0,0,3,0,0,1,0,0,0,0,0,0,0,2,2,1,0,0,0,1
—ϋ”n‹ζ•xm©‘δ‚Q’–Ϊ,8,0,0,0,0,0,0,0,0,0,0,0,0,0,0,0,0,0,0,3,0,0,3,0,0,0,0,0,0,0,0,5,3,1,0,0,1
—ϋ”n‹ζ•xm©‘δ‚R’–Ϊ,5,0,0,0,0,0,0,0,0,0,0,0,0,0,0,0,0,0,0,2,0,0,1,0,0,0,0,0,0,0,1,3,2,1,0,0,0
—ϋ”n‹ζ•xm©‘δ‚S’–Ϊ,5,0,0,0,0,0,0,0,0,0,0,0,0,0,0,0,0,0,0,2,0,0,0,0,0,0,0,0,0,0,2,3,1,0,0,0,2
—ϋ”n‹ζ•½a‘δ‚P’–Ϊ,7,0,0,0,0,0,0,0,0,0,0,0,0,0,0,0,0,0,0,6,0,0,6,0,0,0,0,0,0,0,0,1,1,0,0,0,0
—ϋ”n‹ζ•½a‘δ‚Q’–Ϊ,15,0,0,0,0,0,0,0,0,0,1,0,0,1,0,0,0,0,0,8,0,0,5,0,0,0,0,0,0,0,3,6,5,0,0,0,1
—ϋ”n‹ζ•½a‘δ‚R’–Ϊ,11,0,0,0,2,0,2,0,0,0,0,0,0,0,0,0,0,0,0,6,0,1,5,0,0,0,0,0,0,0,0,3,1,0,0,0,2
—ϋ”n‹ζ•½a‘δ‚S’–Ϊ,2,0,0,0,0,0,0,0,0,0,0,0,0,0,0,0,0,0,0,0,0,0,0,0,0,0,0,0,0,0,0,2,1,0,0,0,1
—ϋ”n‹ζ“μ‘ες‚P’–Ϊ,10,0,0,0,0,0,0,0,0,0,5,0,0,0,0,5,0,0,0,4,0,0,2,0,0,0,0,0,0,2,0,1,0,0,0,0,1
—ϋ”n‹ζ“μ‘ες‚Q’–Ϊ,18,0,0,0,1,0,1,0,0,0,9,0,0,0,0,7,0,1,1,6,0,1,5,0,0,0,0,0,0,0,0,2,1,0,0,0,1
—ϋ”n‹ζ“μ‘ες‚R’–Ϊ,10,1,0,1,0,0,0,0,0,0,1,0,0,0,0,1,0,0,0,2,0,0,2,0,0,0,0,0,0,0,0,6,2,1,0,0,3
—ϋ”n‹ζ“μ‘ες‚S’–Ϊ,3,0,0,0,0,0,0,0,0,0,1,0,0,0,0,1,0,0,0,1,0,0,0,0,0,0,0,0,0,0,1,1,1,0,0,0,0
—ϋ”n‹ζ“μ‘ες‚T’–Ϊ,10,0,0,0,0,0,0,0,0,0,0,0,0,0,0,0,0,0,0,7,0,0,4,1,0,1,0,0,0,1,0,3,3,0,0,0,0
—ϋ”n‹ζ“μ‘ες‚U’–Ϊ,4,0,0,0,0,0,0,0,0,0,0,0,0,0,0,0,0,0,0,2,0,1,0,0,0,0,0,0,0,1,0,2,0,1,0,0,1
—ϋ”n‹ζ“μ“c’†‚P’–Ϊ,5,0,0,0,0,0,0,0,0,0,0,0,0,0,0,0,0,0,0,3,0,0,3,0,0,0,0,0,0,0,0,2,1,0,0,0,1
—ϋ”n‹ζ“μ“c’†‚Q’–Ϊ,5,0,0,0,0,0,0,0,0,0,0,0,0,0,0,0,0,0,0,4,0,0,1,0,0,0,0,0,0,1,2,1,0,0,0,0,1
—ϋ”n‹ζ“μ“c’†‚R’–Ϊ,4,0,0,0,0,0,0,0,0,0,0,0,0,0,0,0,0,0,0,2,0,0,1,0,0,0,0,0,0,0,1,2,0,0,0,0,2
—ϋ”n‹ζ“μ“c’†‚S’–Ϊ,2,1,0,1,0,0,0,0,0,0,0,0,0,0,0,0,0,0,0,1,0,0,1,0,0,0,0,0,0,0,0,0,0,0,0,0,0
—ϋ”n‹ζ“μ“c’†‚T’–Ϊ,3,0,0,0,0,0,0,0,0,0,0,0,0,0,0,0,0,0,0,3,0,0,2,0,0,0,0,0,0,0,1,0,0,0,0,0,0
—ϋ”n‹ζO΄‘δ‚P’–Ϊ,4,0,0,0,1,0,0,0,0,1,1,0,0,0,0,1,0,0,0,1,1,0,0,0,0,0,0,0,0,0,0,1,1,0,0,0,0
—ϋ”n‹ζO΄‘δ‚Q’–Ϊ,1,0,0,0,0,0,0,0,0,0,0,0,0,0,0,0,0,0,0,1,0,1,0,0,0,0,0,0,0,0,0,0,0,0,0,0,0
—ϋ”n‹ζO΄‘δ‚R’–Ϊ,3,0,0,0,0,0,0,0,0,0,0,0,0,0,0,0,0,0,0,3,0,1,1,0,0,0,0,0,0,1,0,0,0,0,0,0,0
—ϋ”n‹ζ’J΄‚P’–Ϊ,6,0,0,0,0,0,0,0,0,0,0,0,0,0,0,0,0,0,0,4,0,0,2,0,0,0,0,0,0,0,2,2,1,1,0,0,0
—ϋ”n‹ζ’J΄‚Q’–Ϊ,5,0,0,0,0,0,0,0,0,0,0,0,0,0,0,0,0,0,0,4,0,0,3,0,0,0,0,0,0,0,1,1,1,0,0,0,0
—ϋ”n‹ζ’J΄‚R’–Ϊ,2,0,0,0,0,0,0,0,0,0,0,0,0,0,0,0,0,0,0,1,0,0,0,0,0,1,0,0,0,0,0,1,0,0,0,0,1
—ϋ”n‹ζ’J΄‚S’–Ϊ,7,0,0,0,0,0,0,0,0,0,1,0,0,0,0,0,0,0,1,3,0,0,2,0,0,0,0,0,0,1,0,3,2,0,0,0,1
—ϋ”n‹ζ’J΄‚T’–Ϊ,5,0,0,0,1,0,1,0,0,0,0,0,0,0,0,0,0,0,0,3,0,0,0,0,0,0,0,0,0,1,2,1,1,0,0,0,0
—ϋ”n‹ζ’J΄‚U’–Ϊ,1,0,0,0,0,0,0,0,0,0,0,0,0,0,0,0,0,0,0,0,0,0,0,0,0,0,0,0,0,0,0,1,1,0,0,0,0
—ϋ”n‹ζγΞ_δ“μ’¬,4,1,1,0,0,0,0,0,0,0,0,0,0,0,0,0,0,0,0,2,0,0,1,0,0,0,0,0,0,0,1,1,1,0,0,0,0
—ϋ”n‹ζΦ’¬“μ‚P’–Ϊ,3,0,0,0,1,0,0,1,0,0,0,0,0,0,0,0,0,0,0,1,0,0,1,0,0,0,0,0,0,0,0,1,0,0,0,0,1
—ϋ”n‹ζΦ’¬“μ‚Q’–Ϊ,11,0,0,0,0,0,0,0,0,0,0,0,0,0,0,0,0,0,0,7,0,0,4,0,0,0,0,0,0,0,3,4,4,0,0,0,0
—ϋ”n‹ζΦ’¬“μ‚R’–Ϊ,3,0,0,0,0,0,0,0,0,0,0,0,0,0,0,0,0,0,0,2,0,0,1,0,0,0,0,0,0,0,1,1,0,1,0,0,0
—ϋ”n‹ζΦ’¬“μ‚S’–Ϊ,7,0,0,0,0,0,0,0,0,0,1,0,0,0,0,1,0,0,0,6,0,0,3,0,0,0,0,0,0,0,3,0,0,0,0,0,0
—ϋ”n‹ζΦ’¬“‚P’–Ϊ,5,0,0,0,1,0,0,1,0,0,0,0,0,0,0,0,0,0,0,2,0,0,2,0,0,0,0,0,0,0,0,2,2,0,0,0,0
—ϋ”n‹ζΦ’¬“‚Q’–Ϊ,1,0,0,0,0,0,0,0,0,0,0,0,0,0,0,0,0,0,0,1,0,0,0,0,0,0,0,0,0,0,1,0,0,0,0,0,0
—ϋ”n‹ζv,2028,17,5,12,141,1,91,34,12,3,80,0,3,3,3,42,4,5,20,1194,6,21,636,31,1,5,6,1,6,196,285,596,285,39,8,0,264
‘«—§‹ζΒδ‚P’–Ϊ,7,1,1,0,0,0,0,0,0,0,0,0,0,0,0,0,0,0,0,5,0,0,0,2,0,0,0,0,0,3,0,1,0,0,0,0,1
‘«—§‹ζΒδ‚Q’–Ϊ,13,0,0,0,2,0,2,0,0,0,0,0,0,0,0,0,0,0,0,7,0,0,1,1,0,0,0,0,0,1,4,4,2,0,0,0,2
‘«—§‹ζΒδ‚R’–Ϊ,21,0,0,0,4,0,4,0,0,0,0,0,0,0,0,0,0,0,0,11,0,2,2,0,0,0,0,0,0,2,5,6,0,0,0,0,6
‘«—§‹ζΒδ‚S’–Ϊ,15,0,0,0,2,0,0,2,0,0,2,0,0,0,2,0,0,0,0,6,0,1,5,0,0,0,0,0,0,0,0,5,1,0,0,0,4
‘«—§‹ζΒδ‚T’–Ϊ,7,0,0,0,0,0,0,0,0,0,0,0,0,0,0,0,0,0,0,6,0,0,3,0,0,0,0,0,0,0,3,1,0,0,1,0,0
‘«—§‹ζΒδ‚U’–Ϊ,4,0,0,0,0,0,0,0,0,0,0,0,0,0,0,0,0,0,0,4,0,0,2,0,0,0,0,0,0,0,2,0,0,0,0,0,0
‘«—§‹ζ‘«—§‚P’–Ϊ,2,0,0,0,0,0,0,0,0,0,0,0,0,0,0,0,0,0,0,2,0,0,2,0,0,0,0,0,0,0,0,0,0,0,0,0,0
‘«—§‹ζ‘«—§‚Q’–Ϊ,4,0,0,0,0,0,0,0,0,0,0,0,0,0,0,0,0,0,0,0,0,0,0,0,0,0,0,0,0,0,0,4,2,2,0,0,0
‘«—§‹ζ‘«—§‚R’–Ϊ,11,0,0,0,1,0,1,0,0,0,0,0,0,0,0,0,0,0,0,5,0,0,4,0,0,0,0,0,0,0,1,5,2,0,0,0,3
‘«—§‹ζ‘«—§‚S’–Ϊ,11,0,0,0,2,0,1,1,0,0,0,0,0,0,0,0,0,0,0,4,0,0,3,1,0,0,0,0,0,0,0,5,2,0,0,0,3
‘«—§‹ζ»£‚P’–Ϊ,13,0,0,0,0,0,0,0,0,0,0,0,0,0,0,0,0,0,0,9,0,0,0,0,0,1,1,0,0,3,4,4,1,0,0,0,3
‘«—§‹ζ»£‚Q’–Ϊ,39,0,0,0,2,0,1,1,0,0,4,0,0,0,3,1,0,0,0,27,0,0,21,0,0,0,0,0,0,2,4,6,3,1,0,0,2
‘«—§‹ζ»£‚R’–Ϊ,66,0,0,0,6,0,5,1,0,0,0,0,0,0,0,0,0,0,0,52,0,1,16,0,0,0,0,0,2,25,8,8,2,0,0,0,6
‘«—§‹ζ»£‚S’–Ϊ,39,0,0,0,1,0,1,0,0,0,1,0,0,0,0,1,0,0,0,34,0,0,16,0,0,0,0,0,0,15,3,3,2,0,0,0,1
‘«—§‹ζ»£‚T’–Ϊ,8,0,0,0,2,0,1,1,0,0,0,0,0,0,0,0,0,0,0,3,0,1,2,0,0,0,0,0,0,0,0,3,1,0,0,0,2
‘«—§‹ζ»£‚U’–Ϊ,6,0,0,0,1,0,0,0,1,0,1,0,0,0,1,0,0,0,0,4,0,0,2,1,0,0,0,0,0,0,1,0,0,0,0,0,0
‘«—§‹ζ»£‚V’–Ϊ,6,0,0,0,1,0,0,1,0,0,0,0,0,0,0,0,0,0,0,4,0,0,0,0,0,0,0,0,0,3,1,1,0,0,0,0,1
‘«—§‹ζ”~“‡‚P’–Ϊ,18,0,0,0,0,0,0,0,0,0,1,0,0,0,0,0,0,0,1,13,0,0,7,0,0,0,0,0,0,2,4,4,2,0,0,0,2
‘«—§‹ζ”~“‡‚Q’–Ϊ,15,1,0,1,1,0,1,0,0,0,0,0,0,0,0,0,0,0,0,12,0,0,7,1,0,0,0,0,0,0,4,1,0,0,0,0,1
‘«—§‹ζ”~“‡‚R’–Ϊ,33,0,0,0,2,0,1,1,0,0,0,0,0,0,0,0,0,0,0,25,0,1,6,3,0,0,0,0,0,12,3,6,0,2,0,0,4
‘«—§‹ζ”~“c‚P’–Ϊ,2,0,0,0,0,0,0,0,0,0,0,0,0,0,0,0,0,0,0,2,0,0,1,0,0,0,0,0,0,0,1,0,0,0,0,0,0
‘«—§‹ζ”~“c‚Q’–Ϊ,1,0,0,0,0,0,0,0,0,0,0,0,0,0,0,0,0,0,0,1,0,0,1,0,0,0,0,0,0,0,0,0,0,0,0,0,0
‘«—§‹ζ”~“c‚R’–Ϊ,10,0,0,0,1,0,1,0,0,0,1,0,1,0,0,0,0,0,0,6,0,1,0,3,0,0,0,0,0,0,2,2,1,0,0,0,1
‘«—§‹ζ”~“c‚S’–Ϊ,7,0,0,0,0,0,0,0,0,0,1,0,0,0,0,1,0,0,0,3,0,1,2,0,0,0,0,0,0,0,0,3,0,1,0,0,2
‘«—§‹ζ”~“c‚T’–Ϊ,9,0,0,0,0,0,0,0,0,0,0,0,0,0,0,0,0,0,0,5,0,1,3,0,0,0,0,0,0,0,1,4,1,1,0,0,2
‘«—§‹ζ”~“c‚U’–Ϊ,8,0,0,0,1,0,1,0,0,0,0,0,0,0,0,0,0,0,0,4,0,1,2,0,0,0,0,0,0,1,0,3,1,0,0,0,2
‘«—§‹ζ”~“c‚V’–Ϊ,21,0,0,0,5,0,3,2,0,0,0,0,0,0,0,0,0,0,0,14,0,0,7,1,0,0,0,0,0,2,4,2,1,0,0,0,1
‘«—§‹ζ”~“c‚W’–Ϊ,11,0,0,0,2,0,0,2,0,0,0,0,0,0,0,0,0,0,0,6,0,0,3,1,0,0,0,0,1,0,1,3,1,0,0,0,2
‘«—§‹ζξ‚P’–Ϊ,14,0,0,0,0,0,0,0,0,0,0,0,0,0,0,0,0,0,0,11,0,0,9,0,0,0,0,0,0,2,0,3,1,0,0,0,2
‘«—§‹ζξ‚Q’–Ϊ,17,0,0,0,1,0,0,1,0,0,0,0,0,0,0,0,0,0,0,13,0,1,5,2,0,0,0,0,0,1,4,3,0,1,0,0,2
‘«—§‹ζξ‚R’–Ϊ,7,0,0,0,0,0,0,0,0,0,0,0,0,0,0,0,0,0,0,6,0,1,3,0,0,0,0,0,0,1,1,1,0,0,0,0,1
‘«—§‹ζ‘ε’J“c‚P’–Ϊ,17,0,0,0,2,0,1,1,0,0,0,0,0,0,0,0,0,0,0,14,0,2,7,0,0,0,0,0,0,2,3,1,1,0,0,0,0
‘«—§‹ζ‘ε’J“c‚Q’–Ϊ,8,0,0,0,0,0,0,0,0,0,0,0,0,0,0,0,0,0,0,4,0,1,3,0,0,0,0,0,0,0,0,4,4,0,0,0,0
‘«—§‹ζ‘ε’J“c‚R’–Ϊ,11,0,0,0,0,0,0,0,0,0,0,0,0,0,0,0,0,0,0,9,1,0,3,0,0,0,0,0,0,1,4,2,2,0,0,0,0
‘«—§‹ζ‘ε’J“c‚S’–Ϊ,17,0,0,0,1,0,1,0,0,0,0,0,0,0,0,0,0,0,0,8,0,0,6,0,0,0,0,0,0,1,1,8,5,0,0,0,3
‘«—§‹ζ‘ε’J“c‚T’–Ϊ,13,0,0,0,0,0,0,0,0,0,0,0,0,0,0,0,0,0,0,13,0,0,8,0,0,0,0,0,0,4,1,0,0,0,0,0,0
‘«—§‹ζ‹»–μ‚P’–Ϊ,11,0,0,0,1,0,0,1,0,0,0,0,0,0,0,0,0,0,0,8,0,1,4,0,0,0,0,0,0,0,3,2,0,2,0,0,0
‘«—§‹ζ‹»–μ‚Q’–Ϊ,5,0,0,0,0,0,0,0,0,0,0,0,0,0,0,0,0,0,0,4,0,0,0,2,0,0,0,0,0,0,2,1,1,0,0,0,0
‘«—§‹ζ¬‘δ‚P’–Ϊ,12,0,0,0,0,0,0,0,0,0,0,0,0,0,0,0,0,0,0,10,0,3,4,1,0,0,0,0,0,0,2,2,1,1,0,0,0
‘«—§‹ζ¬‘δ‚Q’–Ϊ,6,0,0,0,0,0,0,0,0,0,0,0,0,0,0,0,0,0,0,6,0,2,2,0,0,0,0,0,0,0,2,0,0,0,0,0,0
‘«—§‹ζ‰Α‰κ‚P’–Ϊ,4,0,0,0,1,0,1,0,0,0,0,0,0,0,0,0,0,0,0,1,0,0,1,0,0,0,0,0,0,0,0,2,1,0,1,0,0
‘«—§‹ζ‰Α‰κ‚Q’–Ϊ,15,0,0,0,0,0,0,0,0,0,0,0,0,0,0,0,0,0,0,12,0,3,3,0,0,0,0,0,0,2,4,3,1,0,0,0,2
‘«—§‹ζ‰Α•½‚P’–Ϊ,7,0,0,0,1,0,0,1,0,0,0,0,0,0,0,0,0,0,0,3,0,0,1,0,0,0,0,0,0,0,2,3,1,1,0,0,1
‘«—§‹ζ‰Α•½‚Q’–Ϊ,7,0,0,0,0,0,0,0,0,0,0,0,0,0,0,0,0,0,0,6,0,1,2,0,0,0,0,0,0,1,2,1,1,0,0,0,0
‘«—§‹ζ‰Α•½‚R’–Ϊ,1,0,0,0,0,0,0,0,0,0,0,0,0,0,0,0,0,0,0,1,0,0,0,0,0,0,0,0,0,1,0,0,0,0,0,0,0
‘«—§‹ζ–k‰Α•½’¬,3,0,0,0,0,0,0,0,0,0,0,0,0,0,0,0,0,0,0,2,0,0,2,0,0,0,0,0,0,0,0,1,1,0,0,0,0
‘«—§‹ζI΄‚P’–Ϊ,8,0,0,0,0,0,0,0,0,0,0,0,0,0,0,0,0,0,0,6,0,1,4,0,0,0,0,0,0,1,0,2,1,0,0,0,1
‘«—§‹ζI΄‚Q’–Ϊ,6,0,0,0,0,0,0,0,0,0,0,0,0,0,0,0,0,0,0,5,0,0,4,0,0,0,0,0,0,0,1,1,1,0,0,0,0
‘«—§‹ζI΄‚R’–Ϊ,8,0,0,0,0,0,0,0,0,0,0,0,0,0,0,0,0,0,0,4,0,0,3,0,0,0,0,0,0,0,1,4,1,2,0,0,1
‘«—§‹ζI΄‚S’–Ϊ,11,0,0,0,1,0,0,0,1,0,0,0,0,0,0,0,0,0,0,8,1,0,4,0,0,0,0,0,0,0,3,2,1,0,0,0,1
‘«—§‹ζO“Ή‚P’–Ϊ,18,0,0,0,1,0,0,1,0,0,0,0,0,0,0,0,0,0,0,14,0,1,3,0,0,0,0,0,0,4,6,3,1,0,0,0,2
‘«—§‹ζO“Ή‚Q’–Ϊ,10,0,0,0,1,0,0,1,0,0,0,0,0,0,0,0,0,0,0,6,0,0,3,0,0,0,0,0,0,2,1,3,1,0,0,0,2
‘«—§‹ζ]–k‚P’–Ϊ,7,0,0,0,0,0,0,0,0,0,0,0,0,0,0,0,0,0,0,5,0,0,2,0,0,0,0,0,0,2,1,2,2,0,0,0,0
‘«—§‹ζ]–k‚Q’–Ϊ,7,0,0,0,0,0,0,0,0,0,0,0,0,0,0,0,0,0,0,4,0,1,2,1,0,0,0,0,0,0,0,3,0,0,0,0,3
‘«—§‹ζ]–k‚R’–Ϊ,10,0,0,0,1,0,1,0,0,0,0,0,0,0,0,0,0,0,0,7,0,1,4,1,0,0,0,0,0,0,1,2,1,0,0,0,1
‘«—§‹ζ]–k‚S’–Ϊ,11,0,0,0,2,0,1,1,0,0,0,0,0,0,0,0,0,0,0,5,0,0,3,1,0,0,0,0,0,0,1,4,0,1,1,0,2
‘«—§‹ζ]–k‚T’–Ϊ,4,0,0,0,0,0,0,0,0,0,0,0,0,0,0,0,0,0,0,2,0,0,0,0,0,0,0,0,0,1,1,2,0,0,0,0,2
‘«—§‹ζ]–k‚U’–Ϊ,22,0,0,0,2,0,1,1,0,0,0,0,0,0,0,0,0,0,0,15,0,1,11,1,0,0,0,0,0,1,1,5,1,1,0,0,3
‘«—§‹ζ]–k‚V’–Ϊ,15,0,0,0,2,0,2,0,0,0,0,0,0,0,0,0,0,0,0,11,0,0,8,0,0,0,0,0,0,0,3,2,1,0,0,0,1
‘«—§‹ζΓη’J‚P’–Ϊ,2,0,0,0,0,0,0,0,0,0,0,0,0,0,0,0,0,0,0,2,0,0,1,0,0,0,0,0,0,0,1,0,0,0,0,0,0
‘«—§‹ζΓη’J‚Q’–Ϊ,1,0,0,0,0,0,0,0,0,0,0,0,0,0,0,0,0,0,0,1,0,0,0,0,0,0,0,0,0,0,1,0,0,0,0,0,0
‘«—§‹ζ²–μ‚P’–Ϊ,20,1,1,0,1,0,0,0,1,0,0,0,0,0,0,0,0,0,0,16,0,0,15,1,0,0,0,0,0,0,0,2,0,0,0,0,2
‘«—§‹ζ²–μ‚Q’–Ϊ,14,1,0,1,0,0,0,0,0,0,0,0,0,0,0,0,0,0,0,10,0,2,5,0,0,0,0,0,0,3,0,3,0,0,0,0,3
‘«—§‹ζMΐ‚P’–Ϊ,5,0,0,0,0,0,0,0,0,0,0,0,0,0,0,0,0,0,0,4,0,0,1,0,0,0,0,0,0,0,3,1,1,0,0,0,0
‘«—§‹ζMΐ‚Q’–Ϊ,2,0,0,0,0,0,0,0,0,0,0,0,0,0,0,0,0,0,0,2,0,0,1,1,0,0,0,0,0,0,0,0,0,0,0,0,0
‘«—§‹ζMΐ‚R’–Ϊ,2,0,0,0,1,0,1,0,0,0,0,0,0,0,0,0,0,0,0,1,0,0,0,0,0,0,0,0,0,0,1,0,0,0,0,0,0
‘«—§‹ζ­•l‚P’–Ϊ,1,0,0,0,0,0,0,0,0,0,0,0,0,0,0,0,0,0,0,1,0,0,1,0,0,0,0,0,0,0,0,0,0,0,0,0,0
‘«—§‹ζ­•l‚Q’–Ϊ,12,0,0,0,0,0,0,0,0,0,0,0,0,0,0,0,0,0,0,8,0,2,2,1,0,0,0,0,0,1,2,4,1,0,0,0,3
‘«—§‹ζ­•l‚R’–Ϊ,10,0,0,0,2,0,2,0,0,0,0,0,0,0,0,0,0,0,0,6,0,1,2,0,0,0,0,0,0,3,0,2,1,0,0,0,1
‘«—§‹ζ­•l‚S’–Ϊ,2,0,0,0,0,0,0,0,0,0,0,0,0,0,0,0,0,0,0,2,0,0,1,0,0,0,0,0,0,1,0,0,0,0,0,0,0
‘«—§‹ζ­•l‚T’–Ϊ,5,0,0,0,0,0,0,0,0,0,0,0,0,0,0,0,0,0,0,4,0,1,1,0,0,0,0,0,0,0,2,1,0,0,0,0,1
‘«—§‹ζ­•l‚U’–Ϊ,10,0,0,0,1,0,1,0,0,0,1,0,0,0,0,0,1,0,0,5,0,0,3,0,0,0,0,0,0,1,1,3,0,0,0,0,3
‘«—§‹ζ­•l‚V’–Ϊ,10,0,0,0,0,0,0,0,0,0,0,0,0,0,0,0,0,0,0,10,0,1,4,0,0,0,0,0,0,1,4,0,0,0,0,0,0
‘«—§‹ζ­•l‚W’–Ϊ,6,0,0,0,0,0,0,0,0,0,0,0,0,0,0,0,0,0,0,6,0,4,2,0,0,0,0,0,0,0,0,0,0,0,0,0,0
‘«—§‹ζ“‡ª‚P’–Ϊ,4,0,0,0,0,0,0,0,0,0,0,0,0,0,0,0,0,0,0,2,0,0,2,0,0,0,0,0,0,0,0,2,1,0,0,0,1
‘«—§‹ζ“‡ª‚Q’–Ϊ,10,0,0,0,1,0,0,0,1,0,0,0,0,0,0,0,0,0,0,9,0,1,6,0,0,0,0,0,0,1,1,0,0,0,0,0,0
‘«—§‹ζ“‡ª‚R’–Ϊ,5,0,0,0,1,0,0,1,0,0,0,0,0,0,0,0,0,0,0,4,0,2,1,0,0,0,0,0,0,0,1,0,0,0,0,0,0
‘«—§‹ζ“‡ª‚S’–Ϊ,16,0,0,0,0,0,0,0,0,0,0,0,0,0,0,0,0,0,0,13,0,1,2,0,0,0,0,0,1,7,2,3,0,0,0,0,3
‘«—§‹ζV“c‚P’–Ϊ,8,0,0,0,0,0,0,0,0,0,0,0,0,0,0,0,0,0,0,4,0,1,3,0,0,0,0,0,0,0,0,4,1,0,0,0,3
‘«—§‹ζV“c‚Q’–Ϊ,9,0,0,0,1,0,0,1,0,0,0,0,0,0,0,0,0,0,0,6,0,2,1,0,0,0,0,0,0,1,2,2,1,0,0,0,1
‘«—§‹ζV“c‚R’–Ϊ,12,0,0,0,0,0,0,0,0,0,0,0,0,0,0,0,0,0,0,8,0,1,4,1,0,0,0,0,0,1,1,4,1,1,0,0,2
‘«—§‹ζ_–Ύ‚Q’–Ϊ,11,0,0,0,0,0,0,0,0,0,0,0,0,0,0,0,0,0,0,8,0,0,4,1,0,1,0,0,0,0,2,3,0,0,0,0,3
‘«—§‹ζ_–Ύ‚R’–Ϊ,6,0,0,0,0,0,0,0,0,0,2,0,0,0,0,0,0,0,2,4,0,0,3,0,0,0,0,0,0,0,1,0,0,0,0,0,0
‘«—§‹ζ_–Ύ“μ‚P’–Ϊ,5,0,0,0,0,0,0,0,0,0,0,0,0,0,0,0,0,0,0,4,0,0,1,0,0,0,0,0,0,1,2,1,1,0,0,0,0
‘«—§‹ζ_–Ύ“μ‚Q’–Ϊ,2,0,0,0,0,0,0,0,0,0,0,0,0,0,0,0,0,0,0,1,0,0,1,0,0,0,0,0,0,0,0,1,1,0,0,0,0
‘«—§‹ζΦ΄‚P’–Ϊ,11,0,0,0,1,0,1,0,0,0,1,0,0,0,0,0,1,0,0,5,0,3,0,0,0,0,0,0,1,0,1,4,0,0,0,0,4
‘«—§‹ζΦ΄‚Q’–Ϊ,8,0,0,0,0,0,0,0,0,0,0,0,0,0,0,0,0,0,0,7,0,0,2,1,0,0,0,0,0,3,1,1,0,0,0,0,1
‘«—§‹ζΦ΄‚R’–Ϊ,11,0,0,0,4,0,2,1,1,0,0,0,0,0,0,0,0,0,0,6,0,2,0,1,0,0,0,0,0,2,1,1,0,0,0,0,1
‘«—§‹ζηZ‚P’–Ϊ,30,0,0,0,5,0,3,2,0,0,1,0,0,0,1,0,0,0,0,14,0,1,6,1,0,0,0,0,0,3,3,10,3,0,2,0,5
‘«—§‹ζηZ‚Q’–Ϊ,65,0,0,0,18,0,13,5,0,0,2,1,0,0,1,0,0,0,0,21,0,0,4,2,0,0,0,0,1,4,10,24,9,2,0,0,13
‘«—§‹ζηZ‚R’–Ϊ,45,0,0,0,4,0,1,3,0,0,1,0,0,0,1,0,0,0,0,35,0,0,4,0,0,0,0,0,0,21,10,5,2,1,0,0,2
‘«—§‹ζηZ‚S’–Ϊ,3,0,0,0,0,0,0,0,0,0,0,0,0,0,0,0,0,0,0,1,0,0,0,0,0,0,0,0,0,0,1,2,2,0,0,0,0
‘«—§‹ζηZ‚T’–Ϊ,8,0,0,0,1,0,0,1,0,0,0,0,0,0,0,0,0,0,0,3,0,0,3,0,0,0,0,0,0,0,0,4,3,0,0,0,1
‘«—§‹ζηZ’¬,14,0,0,0,3,0,2,1,0,0,0,0,0,0,0,0,0,0,0,7,0,2,3,0,0,0,0,0,1,0,1,4,1,0,0,0,3
‘«—§‹ζηZ®’¬,70,1,0,1,17,0,12,5,0,0,0,0,0,0,0,0,0,0,0,34,0,0,2,0,0,0,0,0,0,22,10,18,3,1,0,0,14
‘«—§‹ζηZ‘εμ’¬,9,0,0,0,1,0,1,0,0,0,0,0,0,0,0,0,0,0,0,2,0,0,1,0,0,0,0,0,1,0,0,6,4,0,0,0,2
‘«—§‹ζηZ‰Ν΄’¬,11,0,0,0,1,0,1,0,0,0,0,0,0,0,0,0,0,0,0,2,0,0,1,1,0,0,0,0,0,0,0,8,2,0,0,0,6
‘«—§‹ζηZυ’¬,12,2,1,1,0,0,0,0,0,0,0,0,0,0,0,0,0,0,0,6,0,0,3,0,0,0,0,0,0,2,1,4,4,0,0,0,0
‘«—§‹ζηZΦ‰®’¬,7,0,0,0,2,0,1,1,0,0,0,0,0,0,0,0,0,0,0,2,0,0,1,0,0,0,0,0,1,0,0,3,0,0,0,0,3
‘«—§‹ζηZ—΄“c’¬,3,0,0,0,0,0,0,0,0,0,0,0,0,0,0,0,0,0,0,2,0,1,0,0,0,0,0,0,0,0,1,1,1,0,0,0,0
‘«—§‹ζηZ’†‹’¬,12,1,1,0,2,0,0,1,1,0,1,0,0,0,0,1,0,0,0,5,0,0,2,0,0,0,0,0,0,2,1,3,3,0,0,0,0
‘«—§‹ζηZ’‡’¬,8,0,0,0,0,0,0,0,0,0,0,0,0,0,0,0,0,0,0,5,0,0,3,0,0,0,0,0,0,0,2,3,2,1,0,0,0
‘«—§‹ζηZ‹΄Λ’¬,16,0,0,0,1,0,1,0,0,0,0,0,0,0,0,0,0,0,0,9,0,0,1,2,0,0,0,0,0,4,2,6,6,0,0,0,0
‘«—§‹ζηZ‹{³’¬,6,0,0,0,1,0,0,0,1,0,0,0,0,0,0,0,0,0,0,0,0,0,0,0,0,0,0,0,0,0,0,5,1,0,0,0,4
‘«—§‹ζηZ³’¬,11,0,0,0,3,0,2,1,0,0,0,0,0,0,0,0,0,0,0,2,0,0,1,0,0,0,0,0,0,0,1,6,3,0,0,0,3
‘«—§‹ζηZ–φ’¬,3,0,0,0,0,0,0,0,0,0,0,0,0,0,0,0,0,0,0,2,0,0,1,0,0,0,0,0,0,0,1,1,1,0,0,0,0
‘«—§‹ζηZ“‚P’–Ϊ,6,0,0,0,0,0,0,0,0,0,0,0,0,0,0,0,0,0,0,3,0,0,1,0,0,0,0,0,0,0,2,3,2,0,0,0,1
‘«—§‹ζηZ“‚Q’–Ϊ,13,0,0,0,0,0,0,0,0,0,0,0,0,0,0,0,0,0,0,5,0,0,5,0,0,0,0,0,0,0,0,8,3,0,0,0,5
‘«—§‹ζηZχ–Ψ‚P’–Ϊ,3,0,0,0,0,0,0,0,0,0,0,0,0,0,0,0,0,0,0,1,0,0,1,0,0,0,0,0,0,0,0,2,1,0,0,0,1
‘«—§‹ζηZχ–Ψ‚Q’–Ϊ,10,0,0,0,3,0,1,1,1,0,1,0,0,0,0,1,0,0,0,4,0,0,3,0,0,0,0,0,0,0,1,2,2,0,0,0,0
‘«—§‹ζηZ—Ξ’¬‚P’–Ϊ,1,0,0,0,0,0,0,0,0,0,0,0,0,0,0,0,0,0,0,0,0,0,0,0,0,0,0,0,0,0,0,1,0,0,0,0,1
‘«—§‹ζηZ—Ξ’¬‚R’–Ϊ,3,0,0,0,2,0,1,0,1,0,0,0,0,0,0,0,0,0,0,0,0,0,0,0,0,0,0,0,0,0,0,1,0,0,0,0,1
‘«—§‹ζ’|‚Μ’Λ‚P’–Ϊ,36,0,0,0,10,0,9,1,0,0,1,0,0,0,1,0,0,0,0,13,0,0,7,0,0,0,0,0,0,0,6,12,2,0,1,0,9
‘«—§‹ζ’|‚Μ’Λ‚Q’–Ϊ,14,0,0,0,2,0,0,2,0,0,0,0,0,0,0,0,0,0,0,9,0,0,4,0,0,0,0,0,0,1,4,3,0,1,0,0,2
‘«—§‹ζ’|‚Μ’Λ‚R’–Ϊ,15,0,0,0,4,0,2,2,0,0,0,0,0,0,0,0,0,0,0,6,0,0,5,0,0,0,0,0,0,0,1,5,0,0,0,0,5
‘«—§‹ζ’|‚Μ’Λ‚S’–Ϊ,6,0,0,0,1,0,1,0,0,0,0,0,0,0,0,0,0,0,0,5,0,0,3,0,0,0,0,0,0,0,2,0,0,0,0,0,0
‘«—§‹ζ’|‚Μ’Λ‚T’–Ϊ,40,0,0,0,0,0,0,0,0,0,0,0,0,0,0,0,0,0,0,38,0,0,6,1,0,0,0,0,0,23,8,2,1,0,0,0,1
‘«—§‹ζ’|‚Μ’Λ‚U’–Ϊ,44,0,0,0,4,0,2,2,0,0,0,0,0,0,0,0,0,0,0,32,0,2,21,0,0,0,0,0,0,4,5,8,1,1,0,0,6
‘«—§‹ζ’|‚Μ’Λ‚V’–Ϊ,2,0,0,0,0,0,0,0,0,0,1,0,0,0,0,0,1,0,0,1,0,1,0,0,0,0,0,0,0,0,0,0,0,0,0,0,0
‘«—§‹ζ’|’Λ’¬@i“•όH“ΰj,1,0,0,0,0,0,0,0,0,0,0,0,0,0,0,0,0,0,0,1,0,0,1,0,0,0,0,0,0,0,0,0,0,0,0,0,0
‘«—§‹ζ’Cΐ‚P’–Ϊ,5,0,0,0,0,0,0,0,0,0,0,0,0,0,0,0,0,0,0,4,0,1,1,0,0,0,0,0,0,0,2,1,1,0,0,0,0
‘«—§‹ζ’Cΐ‚Q’–Ϊ,6,0,0,0,0,0,0,0,0,0,0,0,0,0,0,0,0,0,0,6,0,0,4,0,0,0,0,0,0,2,0,0,0,0,0,0,0
‘«—§‹ζ’†‰›–{’¬‚P’–Ϊ,12,0,0,0,1,0,1,0,0,0,1,0,0,0,0,0,0,0,1,7,0,1,2,0,0,1,0,0,0,0,3,3,0,0,0,0,3
‘«—§‹ζ’†‰›–{’¬‚Q’–Ϊ,21,1,0,1,1,0,1,0,0,0,0,0,0,0,0,0,0,0,0,16,0,2,3,0,0,0,0,0,0,10,1,3,1,0,0,0,2
‘«—§‹ζ’†‰›–{’¬‚R’–Ϊ,3,0,0,0,0,0,0,0,0,0,0,0,0,0,0,0,0,0,0,3,0,0,1,1,0,0,0,0,0,0,1,0,0,0,0,0,0
‘«—§‹ζ’†‰›–{’¬‚S’–Ϊ,6,0,0,0,1,0,1,0,0,0,0,0,0,0,0,0,0,0,0,3,0,0,1,0,0,0,0,0,0,2,0,2,1,0,1,0,0
‘«—§‹ζ’†‰›–{’¬‚T’–Ϊ,11,0,0,0,0,0,0,0,0,0,0,0,0,0,0,0,0,0,0,10,0,1,4,0,0,0,0,0,0,3,2,1,0,0,0,0,1
‘«—§‹ζ’Φ‚P’–Ϊ,3,0,0,0,0,0,0,0,0,0,0,0,0,0,0,0,0,0,0,2,1,0,0,0,0,0,0,0,0,0,1,1,0,1,0,0,0
‘«—§‹ζ’Φ‚Q’–Ϊ,2,0,0,0,1,0,1,0,0,0,0,0,0,0,0,0,0,0,0,1,0,0,0,0,0,0,0,0,0,1,0,0,0,0,0,0,0
‘«—§‹ζ“a‚P’–Ϊ,5,0,0,0,0,0,0,0,0,0,0,0,0,0,0,0,0,0,0,3,0,1,0,0,0,0,0,0,0,0,2,2,0,0,0,0,2
‘«—§‹ζ“a‚Q’–Ϊ,9,0,0,0,2,0,1,0,1,0,0,0,0,0,0,0,0,0,0,4,0,1,3,0,0,0,0,0,0,0,0,3,1,0,0,0,2
‘«—§‹ζ“a‚R’–Ϊ,10,0,0,0,0,0,0,0,0,0,0,0,0,0,0,0,0,0,0,9,0,1,3,1,0,0,0,0,0,4,0,1,0,0,0,0,1
‘«—§‹ζ“a‚S’–Ϊ,14,0,0,0,0,0,0,0,0,0,0,0,0,0,0,0,0,0,0,13,0,1,5,0,0,0,0,0,0,1,6,1,0,0,0,0,1
‘«—§‹ζ“a‚T’–Ϊ,11,0,0,0,1,0,0,1,0,0,1,0,0,0,1,0,0,0,0,6,0,0,4,0,0,0,0,0,0,0,2,3,2,0,0,0,1
‘«—§‹ζΙl‚P’–Ϊ,8,0,0,0,2,0,1,1,0,0,0,0,0,0,0,0,0,0,0,3,0,1,1,0,0,0,0,0,0,1,0,3,1,0,0,0,2
‘«—§‹ζΙl‚Q’–Ϊ,17,0,0,0,1,0,0,1,0,0,0,0,0,0,0,0,0,0,0,8,1,1,5,0,0,0,0,0,0,1,0,8,3,0,0,0,5
‘«—§‹ζΙl‚R’–Ϊ,4,0,0,0,1,0,0,1,0,0,1,0,0,0,0,1,0,0,0,1,0,0,0,1,0,0,0,0,0,0,0,1,1,0,0,0,0
‘«—§‹ζΙl‚S’–Ϊ,4,0,0,0,0,0,0,0,0,0,1,0,0,0,0,0,0,0,1,3,0,0,1,1,0,0,0,0,0,1,0,0,0,0,0,0,0
‘«—§‹ζΙl‚T’–Ϊ,16,0,0,0,1,0,0,1,0,0,0,0,0,0,0,0,0,0,0,12,0,0,10,0,0,0,0,0,0,1,1,3,2,0,0,0,1
‘«—§‹ζΙl‚U’–Ϊ,12,0,0,0,1,0,1,0,0,0,0,0,0,0,0,0,0,0,0,10,0,2,6,0,0,0,0,0,0,2,0,1,0,0,0,0,1
‘«—§‹ζ’†μ‚P’–Ϊ,4,0,0,0,0,0,0,0,0,0,0,0,0,0,0,0,0,0,0,3,0,0,3,0,0,0,0,0,0,0,0,1,0,0,0,0,1
‘«—§‹ζ’†μ‚Q’–Ϊ,5,1,0,1,0,0,0,0,0,0,0,0,0,0,0,0,0,0,0,3,0,0,2,1,0,0,0,0,0,0,0,1,1,0,0,0,0
‘«—§‹ζ’†μ‚S’–Ϊ,6,0,0,0,0,0,0,0,0,0,0,0,0,0,0,0,0,0,0,5,0,0,2,0,0,0,0,0,0,0,3,1,0,0,0,0,1
‘«—§‹ζ’†μ‚T’–Ϊ,2,0,0,0,0,0,0,0,0,0,0,0,0,0,0,0,0,0,0,1,0,1,0,0,0,0,0,0,0,0,0,1,0,0,0,0,1
‘«—§‹ζΌ»£‚P’–Ϊ,2,0,0,0,0,0,0,0,0,0,0,0,0,0,0,0,0,0,0,0,0,0,0,0,0,0,0,0,0,0,0,2,1,0,0,0,1
‘«—§‹ζΌ»£‚Q’–Ϊ,6,0,0,0,1,0,0,1,0,0,1,0,0,1,0,0,0,0,0,2,0,0,1,0,0,0,0,0,0,0,1,2,1,1,0,0,0
‘«—§‹ζΌ»£‚R’–Ϊ,5,0,0,0,0,0,0,0,0,0,0,0,0,0,0,0,0,0,0,1,0,0,1,0,0,0,0,0,0,0,0,4,2,0,0,0,2
‘«—§‹ζΌ»£‚S’–Ϊ,2,0,0,0,0,0,0,0,0,0,0,0,0,0,0,0,0,0,0,2,0,1,0,0,0,0,0,0,0,0,1,0,0,0,0,0,0
‘«—§‹ζΌVδ‚P’–Ϊ,20,0,0,0,0,0,0,0,0,0,3,0,0,0,2,0,0,0,1,13,0,1,4,2,0,0,0,0,0,0,6,4,0,1,0,0,3
‘«—§‹ζΌVδ‚Q’–Ϊ,7,0,0,0,0,0,0,0,0,0,0,0,0,0,0,0,0,0,0,6,0,0,3,0,0,0,0,0,0,1,2,1,0,0,0,0,1
‘«—§‹ζΌVδ‚R’–Ϊ,6,0,0,0,1,0,0,0,1,0,0,0,0,0,0,0,0,0,0,3,0,0,2,0,0,0,0,0,0,0,1,2,1,0,0,0,1
‘«—§‹ζΌVδ‚S’–Ϊ,11,0,0,0,1,0,0,1,0,0,0,0,0,0,0,0,0,0,0,8,0,1,3,0,0,0,0,0,0,1,3,2,0,0,0,0,2
‘«—§‹ζΌVδ‚T’–Ϊ,14,0,0,0,0,0,0,0,0,0,0,0,0,0,0,0,0,0,0,12,0,2,2,0,0,0,0,0,0,3,5,2,0,0,0,0,2
‘«—§‹ζΌVδ‚U’–Ϊ,12,0,0,0,1,0,0,1,0,0,0,0,0,0,0,0,0,0,0,8,0,1,2,0,0,0,0,0,0,1,4,3,0,1,0,0,2
‘«—§‹ζΌVδ‚V’–Ϊ,12,0,0,0,1,0,1,0,0,0,0,0,0,0,0,0,0,0,0,7,0,0,3,0,0,0,0,0,0,3,1,4,1,0,0,0,3
‘«—§‹ζΌVδ‰h’¬‚P’–Ϊ,72,0,0,0,1,0,1,0,0,0,0,0,0,0,0,0,0,0,0,64,0,1,30,2,0,0,0,0,0,21,10,7,2,2,0,0,3
‘«—§‹ζΌVδ‰h’¬‚Q’–Ϊ,16,0,0,0,5,0,4,1,0,0,0,0,0,0,0,0,0,0,0,8,0,0,4,0,0,0,0,0,0,2,2,3,0,0,0,0,3
‘«—§‹ζΌVδ‰h’¬‚R’–Ϊ,4,0,0,0,0,0,0,0,0,0,0,0,0,0,0,0,0,0,0,3,0,0,1,1,0,0,0,0,0,0,1,1,1,0,0,0,0
‘«—§‹ζΌVδ–{’¬‚P’–Ϊ,20,0,0,0,1,0,0,1,0,0,4,0,0,0,0,0,0,0,4,12,0,0,3,1,0,0,0,0,0,1,7,3,0,0,0,0,3
‘«—§‹ζΌVδ–{’¬‚Q’–Ϊ,21,0,0,0,1,0,0,1,0,0,0,0,0,0,0,0,0,0,0,17,0,1,6,1,0,0,0,0,0,8,1,3,2,0,0,0,1
‘«—§‹ζΌVδ–{’¬‚R’–Ϊ,5,0,0,0,0,0,0,0,0,0,0,0,0,0,0,0,0,0,0,4,0,1,1,0,0,2,0,0,0,0,0,1,0,0,0,0,1
‘«—§‹ζΌVδ–{’¬‚S’–Ϊ,16,0,0,0,1,0,1,0,0,0,0,0,0,0,0,0,0,0,0,9,0,2,3,0,0,0,0,0,0,0,4,6,1,1,0,0,4
‘«—§‹ζΌVδ–{’¬‚T’–Ϊ,3,0,0,0,0,0,0,0,0,0,0,0,0,0,0,0,0,0,0,2,0,1,1,0,0,0,0,0,0,0,0,1,0,1,0,0,0
‘«—§‹ζΌ‰Α•½‚P’–Ϊ,4,0,0,0,1,0,0,1,0,0,0,0,0,0,0,0,0,0,0,2,0,0,2,0,0,0,0,0,0,0,0,1,1,0,0,0,0
‘«—§‹ζΌ‰Α•½‚Q’–Ϊ,2,0,0,0,0,0,0,0,0,0,0,0,0,0,0,0,0,0,0,1,1,0,0,0,0,0,0,0,0,0,0,1,0,0,0,0,1
‘«—§‹ζΌ•Ϋ–ΨΤ‚P’–Ϊ,10,0,0,0,0,0,0,0,0,0,0,0,0,0,0,0,0,0,0,7,0,0,5,0,0,0,0,0,0,0,2,3,0,0,0,0,3
‘«—§‹ζΌ•Ϋ–ΨΤ‚Q’–Ϊ,10,0,0,0,4,0,0,2,2,0,0,0,0,0,0,0,0,0,0,5,0,0,2,1,0,0,0,0,0,0,2,1,1,0,0,0,0
‘«—§‹ζΌ•Ϋ–ΨΤ‚R’–Ϊ,3,0,0,0,0,0,0,0,0,0,1,0,0,0,1,0,0,0,0,2,0,0,2,0,0,0,0,0,0,0,0,0,0,0,0,0,0
‘«—§‹ζΌ•Ϋ–ΨΤ‚S’–Ϊ,6,0,0,0,1,0,1,0,0,0,0,0,0,0,0,0,0,0,0,2,0,0,1,0,0,0,0,0,0,0,1,3,3,0,0,0,0
‘«—§‹ζ‰Τ”¨‚P’–Ϊ,7,0,0,0,1,0,0,1,0,0,0,0,0,0,0,0,0,0,0,4,0,0,1,0,0,0,0,0,0,1,2,2,0,0,0,0,2
‘«—§‹ζ‰Τ”¨‚Q’–Ϊ,6,0,0,0,0,0,0,0,0,0,0,0,0,0,0,0,0,0,0,6,0,2,1,0,0,0,0,0,0,1,2,0,0,0,0,0,0
‘«—§‹ζ‰Τ”¨‚R’–Ϊ,5,0,0,0,1,0,0,0,0,1,0,0,0,0,0,0,0,0,0,4,0,0,2,0,0,0,0,0,0,0,2,0,0,0,0,0,0
‘«—§‹ζ‰Τ”¨‚S’–Ϊ,10,0,0,0,1,0,0,1,0,0,0,0,0,0,0,0,0,0,0,8,0,0,4,0,0,0,0,0,0,0,4,1,0,0,0,0,1
‘«—§‹ζ‰Τ”¨‚T’–Ϊ,19,0,0,0,2,0,1,1,0,0,0,0,0,0,0,0,0,0,0,15,0,1,5,0,0,0,0,0,0,5,4,2,1,0,0,0,1
‘«—§‹ζ‰Τ”¨‚U’–Ϊ,10,0,0,0,0,0,0,0,0,0,2,0,0,2,0,0,0,0,0,3,0,0,3,0,0,0,0,0,0,0,0,5,2,1,0,0,2
‘«—§‹ζ‰Τ”¨‚V’–Ϊ,3,0,0,0,0,0,0,0,0,0,0,0,0,0,0,0,0,0,0,2,0,1,1,0,0,0,0,0,0,0,0,1,1,0,0,0,0
‘«—§‹ζ‰Τ”¨‚W’–Ϊ,4,0,0,0,0,0,0,0,0,0,0,0,0,0,0,0,0,0,0,2,0,0,2,0,0,0,0,0,0,0,0,2,0,0,0,0,2
‘«—§‹ζ“»£‚P’–Ϊ,10,1,1,0,1,0,0,0,0,1,0,0,0,0,0,0,0,0,0,6,0,0,4,0,0,0,0,0,0,1,1,2,0,0,0,0,2
‘«—§‹ζ“»£‚Q’–Ϊ,13,0,0,0,1,0,0,0,1,0,0,0,0,0,0,0,0,0,0,10,0,0,4,0,0,0,0,0,0,0,6,2,1,1,0,0,0
‘«—§‹ζ“»£‚R’–Ϊ,12,0,0,0,1,0,1,0,0,0,0,0,0,0,0,0,0,0,0,7,0,1,5,0,0,0,0,0,0,1,0,4,0,1,0,0,3
‘«—§‹ζ“•Ϋ–ΨΤ‚P’–Ϊ,5,0,0,0,1,0,1,0,0,0,0,0,0,0,0,0,0,0,0,2,0,0,1,0,0,0,0,0,0,1,0,2,1,0,0,0,1
‘«—§‹ζ“•Ϋ–ΨΤ‚Q’–Ϊ,10,0,0,0,1,0,0,1,0,0,0,0,0,0,0,0,0,0,0,8,0,0,3,0,0,0,0,0,1,1,3,1,0,0,0,0,1
‘«—§‹ζ“Z’¬,1,0,0,0,0,0,0,0,0,0,0,0,0,0,0,0,0,0,0,1,0,0,1,0,0,0,0,0,0,0,0,0,0,0,0,0,0
‘«—§‹ζκƒc‰Ζ‚P’–Ϊ,9,0,0,0,1,0,0,1,0,0,0,0,0,0,0,0,0,0,0,7,0,0,5,0,0,0,0,0,0,0,2,1,0,0,0,0,1
‘«—§‹ζκƒc‰Ζ‚Q’–Ϊ,8,1,0,1,2,0,1,1,0,0,0,0,0,0,0,0,0,0,0,4,0,1,2,0,0,0,0,0,0,0,1,1,0,0,0,0,1
‘«—§‹ζκƒc‰Ζ‚R’–Ϊ,5,0,0,0,0,0,0,0,0,0,0,0,0,0,0,0,0,0,0,2,0,1,0,0,0,0,0,0,0,0,1,3,1,1,0,0,1
‘«—§‹ζκƒc‰Ζ‚S’–Ϊ,3,0,0,0,0,0,0,0,0,0,0,0,0,0,0,0,0,0,0,2,0,0,1,0,0,0,0,0,0,0,1,1,0,0,0,0,1
‘«—§‹ζ“ϊƒmo’¬,16,0,0,0,1,0,1,0,0,0,0,0,0,0,0,0,0,0,0,9,0,0,5,0,0,0,0,0,0,0,4,6,4,0,0,0,2
‘«—§‹ζ•½–μ‚Q’–Ϊ,2,0,0,0,0,0,0,0,0,0,0,0,0,0,0,0,0,0,0,2,0,0,1,0,0,0,0,0,0,1,0,0,0,0,0,0,0
‘«—§‹ζ•½–μ‚R’–Ϊ,7,0,0,0,0,0,0,0,0,0,0,0,0,0,0,0,0,0,0,4,0,0,3,0,0,0,0,0,0,1,0,3,0,1,0,0,2
‘«—§‹ζ•Ϋ–ΨΤ‚P’–Ϊ,25,0,0,0,0,0,0,0,0,0,0,0,0,0,0,0,0,0,0,20,2,3,8,0,0,0,0,0,0,6,1,5,0,0,0,0,5
‘«—§‹ζ•Ϋ–ΨΤ‚Q’–Ϊ,13,2,1,1,0,0,0,0,0,0,0,0,0,0,0,0,0,0,0,9,0,0,4,0,0,0,0,0,0,3,2,2,1,0,0,0,1
‘«—§‹ζ•Ϋ–ΨΤ‚R’–Ϊ,12,0,0,0,2,0,1,1,0,0,0,0,0,0,0,0,0,0,0,8,0,0,7,0,0,0,0,0,0,0,1,2,0,1,0,0,1
‘«—§‹ζ•Ϋ–ΨΤ‚S’–Ϊ,11,0,0,0,1,0,0,1,0,0,0,0,0,0,0,0,0,0,0,6,0,0,2,0,0,0,0,0,0,1,3,4,2,0,0,0,2
‘«—§‹ζ•Ϋ–ΨΤ‚T’–Ϊ,11,1,0,1,1,0,1,0,0,0,1,0,0,0,0,0,1,0,0,5,0,0,3,0,0,0,0,0,0,1,1,3,2,0,0,0,1
‘«—§‹ζ•Ϋ’Λ’¬,5,0,0,0,0,0,0,0,0,0,0,0,0,0,0,0,0,0,0,2,0,0,2,0,0,0,0,0,0,0,0,3,1,0,0,0,2
‘«—§‹ζ–x”V“ΰ‚P’–Ϊ,4,0,0,0,0,0,0,0,0,0,1,0,0,0,0,0,0,0,1,3,0,0,0,0,0,0,0,0,0,0,3,0,0,0,0,0,0
‘«—§‹ζ–x”V“ΰ‚Q’–Ϊ,1,0,0,0,0,0,0,0,0,0,0,0,0,0,0,0,0,0,0,1,0,0,0,0,0,0,0,0,0,1,0,0,0,0,0,0,0
‘«—§‹ζ“μ‰Τ”¨‚P’–Ϊ,6,0,0,0,0,0,0,0,0,0,0,0,0,0,0,0,0,0,0,4,0,0,2,0,0,0,0,0,0,0,2,2,2,0,0,0,0
‘«—§‹ζ“μ‰Τ”¨‚Q’–Ϊ,15,0,0,0,3,0,3,0,0,0,0,0,0,0,0,0,0,0,0,9,0,0,3,1,0,0,1,0,0,2,2,3,1,0,0,0,2
‘«—§‹ζ“μ‰Τ”¨‚R’–Ϊ,11,0,0,0,0,0,0,0,0,0,0,0,0,0,0,0,0,0,0,8,0,0,3,0,1,0,0,0,0,0,4,3,2,0,0,0,1
‘«—§‹ζ“μ‰Τ”¨‚S’–Ϊ,10,1,0,1,0,0,0,0,0,0,0,0,0,0,0,0,0,0,0,8,0,1,4,0,0,0,0,0,0,1,2,1,0,0,0,0,1
‘«—§‹ζ“μ‰Τ”¨‚T’–Ϊ,10,0,0,0,4,0,3,1,0,0,0,0,0,0,0,0,0,0,0,3,0,0,1,0,1,0,0,0,0,1,0,3,3,0,0,0,0
‘«—§‹ζ‹{ι‚P’–Ϊ,4,0,0,0,0,0,0,0,0,0,0,0,0,0,0,0,0,0,0,3,0,2,0,0,0,0,0,0,0,0,1,1,1,0,0,0,0
‘«—§‹ζ‹{ι‚Q’–Ϊ,2,0,0,0,0,0,0,0,0,0,0,0,0,0,0,0,0,0,0,2,0,0,0,1,0,0,0,0,0,0,1,0,0,0,0,0,0
‘«—§‹ζZ–Ψ‚P’–Ϊ,22,0,0,0,0,0,0,0,0,0,0,0,0,0,0,0,0,0,0,18,0,1,11,0,0,0,0,0,0,3,3,4,2,0,0,0,2
‘«—§‹ζZ–Ψ‚Q’–Ϊ,4,0,0,0,0,0,0,0,0,0,0,0,0,0,0,0,0,0,0,3,0,1,2,0,0,0,0,0,0,0,0,1,1,0,0,0,0
‘«—§‹ζZ–Ψ‚R’–Ϊ,14,0,0,0,0,0,0,0,0,0,1,0,0,0,0,0,0,0,1,13,0,1,9,1,0,0,0,0,0,0,2,0,0,0,0,0,0
‘«—§‹ζZ–Ψ‚S’–Ϊ,7,0,0,0,0,0,0,0,0,0,0,0,0,0,0,0,0,0,0,5,0,0,2,0,0,0,0,0,0,2,1,2,2,0,0,0,0
‘«—§‹ζ–{–Ψ‚P’–Ϊ,5,0,0,0,0,0,0,0,0,0,0,0,0,0,0,0,0,0,0,4,0,2,1,0,0,0,0,0,0,0,1,1,0,0,0,0,1
‘«—§‹ζ–{–Ψ‚Q’–Ϊ,4,0,0,0,0,0,0,0,0,0,0,0,0,0,0,0,0,0,0,3,0,0,2,0,0,0,0,0,0,1,0,1,0,0,0,0,1
‘«—§‹ζ–{–Ψ–k’¬,6,0,0,0,1,0,1,0,0,0,0,0,0,0,0,0,0,0,0,4,0,2,1,0,0,0,0,0,0,0,1,1,0,0,0,0,1
‘«—§‹ζ–{–ΨΌ’¬,4,0,0,0,0,0,0,0,0,0,0,0,0,0,0,0,0,0,0,3,0,0,2,0,0,0,0,0,0,0,1,1,0,0,0,0,1
‘«—§‹ζ–{–Ψ“’¬,5,1,0,1,1,0,1,0,0,0,1,0,0,0,0,1,0,0,0,2,0,1,0,0,0,0,0,0,0,0,1,0,0,0,0,0,0
‘«—§‹ζ–{–Ψ“μ’¬,2,0,0,0,0,0,0,0,0,0,0,0,0,0,0,0,0,0,0,0,0,0,0,0,0,0,0,0,0,0,0,2,1,0,0,0,1
‘«—§‹ζ’Jέ‰Ζ‚P’–Ϊ,6,0,0,0,0,0,0,0,0,0,0,0,0,0,0,0,0,0,0,5,0,2,2,0,0,0,0,0,0,0,1,1,0,0,0,0,1
‘«—§‹ζ’Jέ‰Ζ‚Q’–Ϊ,5,0,0,0,0,0,0,0,0,0,0,0,0,0,0,0,0,0,0,4,0,2,2,0,0,0,0,0,0,0,0,1,1,0,0,0,0
‘«—§‹ζ’Jέ‰Ζ‚R’–Ϊ,9,0,0,0,0,0,0,0,0,0,0,0,0,0,0,0,0,0,0,7,0,1,4,2,0,0,0,0,0,0,0,2,1,1,0,0,0
‘«—§‹ζ’J’†‚P’–Ϊ,11,0,0,0,3,0,0,3,0,0,0,0,0,0,0,0,0,0,0,5,0,0,3,0,0,1,0,0,0,0,1,3,1,0,0,0,2
‘«—§‹ζ’J’†‚Q’–Ϊ,18,0,0,0,3,0,2,0,1,0,0,0,0,0,0,0,0,0,0,12,0,0,7,0,0,0,0,0,1,0,4,3,0,1,0,0,2
‘«—§‹ζ’J’†‚R’–Ϊ,7,0,0,0,0,0,0,0,0,0,0,0,0,0,0,0,0,0,0,5,0,1,4,0,0,0,0,0,0,0,0,2,1,0,0,0,1
‘«—§‹ζ’J’†‚S’–Ϊ,26,0,0,0,3,0,1,1,1,0,1,0,0,0,1,0,0,0,0,17,0,1,12,0,0,0,0,0,0,3,1,5,0,0,0,0,5
‘«—§‹ζ’J’†‚T’–Ϊ,7,0,0,0,0,0,0,0,0,0,0,0,0,0,0,0,0,0,0,7,0,0,5,0,0,0,0,0,0,2,0,0,0,0,0,0,0
‘«—§‹ζ–φ΄‚P’–Ϊ,15,0,0,0,1,0,0,1,0,0,0,0,0,0,0,0,0,0,0,4,0,1,1,0,0,0,0,0,0,0,2,10,5,1,0,0,4
‘«—§‹ζ–φ΄‚Q’–Ϊ,9,0,0,0,1,0,1,0,0,0,0,0,0,0,0,0,0,0,0,4,0,0,0,0,0,0,0,0,1,0,3,4,2,1,0,0,1
‘«—§‹ζZ‚P’–Ϊ,11,0,0,0,0,0,0,0,0,0,0,0,0,0,0,0,0,0,0,9,0,0,5,2,0,0,0,0,0,0,2,2,0,0,0,0,2
‘«—§‹ζZ‚Q’–Ϊ,3,0,0,0,0,0,0,0,0,0,0,0,0,0,0,0,0,0,0,2,0,0,1,0,0,0,0,0,0,0,1,1,1,0,0,0,0
‘«—§‹ζZ’¬‚P’–Ϊ,11,0,0,0,1,0,0,1,0,0,1,0,0,0,0,1,0,0,0,6,0,0,2,0,0,0,0,0,0,0,4,3,0,0,0,0,3
‘«—§‹ζZ’¬‚Q’–Ϊ,4,0,0,0,0,0,0,0,0,0,0,0,0,0,0,0,0,0,0,3,0,0,0,0,0,0,0,0,0,0,3,1,1,0,0,0,0
‘«—§‹ζZ’¬‚R’–Ϊ,4,0,0,0,0,0,0,0,0,0,0,0,0,0,0,0,0,0,0,1,0,0,1,0,0,0,0,0,0,0,0,3,3,0,0,0,0
‘«—§‹ζZ’¬‚S’–Ϊ,10,0,0,0,0,0,0,0,0,0,0,0,0,0,0,0,0,0,0,7,0,0,4,0,0,0,0,0,0,0,3,3,0,1,0,0,2
‘«—§‹ζ“ό’J‚P’–Ϊ,13,0,0,0,0,0,0,0,0,0,0,0,0,0,0,0,0,0,0,8,0,0,2,3,0,0,0,0,0,0,3,5,2,0,0,0,3
‘«—§‹ζ“ό’J‚Q’–Ϊ,1,0,0,0,0,0,0,0,0,0,0,0,0,0,0,0,0,0,0,0,0,0,0,0,0,0,0,0,0,0,0,1,0,0,0,0,1
‘«—§‹ζ“ό’J‚R’–Ϊ,4,0,0,0,0,0,0,0,0,0,0,0,0,0,0,0,0,0,0,2,0,0,1,0,0,0,0,0,0,1,0,2,0,0,0,0,2
‘«—§‹ζ“ό’J‚S’–Ϊ,1,1,0,1,0,0,0,0,0,0,0,0,0,0,0,0,0,0,0,0,0,0,0,0,0,0,0,0,0,0,0,0,0,0,0,0,0
‘«—§‹ζ“ό’J‚T’–Ϊ,2,0,0,0,0,0,0,0,0,0,1,0,0,0,0,1,0,0,0,0,0,0,0,0,0,0,0,0,0,0,0,1,0,0,0,0,1
‘«—§‹ζ“ό’J‚U’–Ϊ,1,0,0,0,0,0,0,0,0,0,0,0,0,0,0,0,0,0,0,1,0,1,0,0,0,0,0,0,0,0,0,0,0,0,0,0,0
‘«—§‹ζ“ό’J‚V’–Ϊ,4,1,1,0,2,0,0,1,0,1,0,0,0,0,0,0,0,0,0,1,0,0,1,0,0,0,0,0,0,0,0,0,0,0,0,0,0
‘«—§‹ζ“ό’J‚W’–Ϊ,4,0,0,0,0,0,0,0,0,0,0,0,0,0,0,0,0,0,0,1,0,0,1,0,0,0,0,0,0,0,0,3,2,0,0,0,1
‘«—§‹ζ“ό’J‚X’–Ϊ,4,0,0,0,1,0,1,0,0,0,0,0,0,0,0,0,0,0,0,2,0,0,0,0,0,0,0,0,0,2,0,1,0,0,0,0,1
‘«—§‹ζΙ‹»‚P’–Ϊ,5,0,0,0,1,0,0,0,1,0,0,0,0,0,0,0,0,0,0,4,0,0,1,0,0,0,0,0,0,0,3,0,0,0,0,0,0
‘«—§‹ζΙ‹»‚Q’–Ϊ,5,0,0,0,0,0,0,0,0,0,0,0,0,0,0,0,0,0,0,3,0,0,3,0,0,0,0,0,0,0,0,2,1,0,0,0,1
‘«—§‹ζΙ‹»‚R’–Ϊ,9,0,0,0,2,0,1,1,0,0,0,0,0,0,0,0,0,0,0,5,0,0,4,1,0,0,0,0,0,0,0,2,0,0,0,0,2
‘«—§‹ζΙ‹»‚S’–Ϊ,9,1,0,1,1,0,1,0,0,0,0,0,0,0,0,0,0,0,0,6,0,0,3,0,0,0,0,0,0,0,3,1,0,0,0,0,1
‘«—§‹ζΙ‹»‚T’–Ϊ,4,0,0,0,0,0,0,0,0,0,0,0,0,0,0,0,0,0,0,3,0,0,2,0,0,0,0,0,0,0,1,1,0,0,0,0,1
‘«—§‹ζΌΙ‹»‚P’–Ϊ,5,0,0,0,2,0,0,1,1,0,0,0,0,0,0,0,0,0,0,2,0,0,2,0,0,0,0,0,0,0,0,1,0,0,0,0,1
‘«—§‹ζΌΙ‹»‚Q’–Ϊ,5,0,0,0,0,0,0,0,0,0,0,0,0,0,0,0,0,0,0,1,0,0,1,0,0,0,0,0,0,0,0,4,2,0,0,0,2
‘«—§‹ζΌΙ‹»‚R’–Ϊ,6,0,0,0,0,0,0,0,0,0,0,0,0,0,0,0,0,0,0,5,0,0,3,2,0,0,0,0,0,0,0,1,0,0,0,0,1
‘«—§‹ζΌΙ‹»‚S’–Ϊ,7,0,0,0,1,0,1,0,0,0,0,0,0,0,0,0,0,0,0,4,0,0,1,1,0,0,0,0,0,2,0,2,0,0,0,0,2
‘«—§‹ζΌ’|‚Μ’Λ‚P’–Ϊ,17,0,0,0,0,0,0,0,0,0,1,0,0,0,0,1,0,0,0,13,0,0,6,0,0,0,0,0,0,6,1,3,2,0,0,0,1
‘«—§‹ζΌ’|‚Μ’Λ‚Q’–Ϊ,24,0,0,0,0,0,0,0,0,0,0,0,0,0,0,0,0,0,0,20,0,0,11,1,0,0,0,0,0,5,3,4,2,0,0,0,2
‘«—§‹ζ“Ι‹»‚P’–Ϊ,5,0,0,0,1,0,0,1,0,0,0,0,0,0,0,0,0,0,0,3,0,0,1,0,0,0,0,0,0,2,0,1,1,0,0,0,0
‘«—§‹ζ“Ι‹»‚Q’–Ϊ,2,0,0,0,0,0,0,0,0,0,0,0,0,0,0,0,0,0,0,1,0,0,1,0,0,0,0,0,0,0,0,1,1,0,0,0,0
‘«—§‹ζ“Ι‹»‚R’–Ϊ,3,0,0,0,1,0,0,1,0,0,0,0,0,0,0,0,0,0,0,2,0,0,1,0,0,0,0,0,0,0,1,0,0,0,0,0,0
‘«—§‹ζΓη’J–{’¬‚P’–Ϊ,2,0,0,0,0,0,0,0,0,0,0,0,0,0,0,0,0,0,0,2,0,0,1,0,0,0,0,0,0,1,0,0,0,0,0,0,0
‘«—§‹ζΓη’J–{’¬‚Q’–Ϊ,16,0,0,0,0,0,0,0,0,0,0,0,0,0,0,0,0,0,0,12,0,0,0,0,0,0,0,0,0,12,0,4,3,0,0,0,1
‘«—§‹ζΓη’J–{’¬‚R’–Ϊ,1,0,0,0,0,0,0,0,0,0,0,0,0,0,0,0,0,0,0,1,0,0,1,0,0,0,0,0,0,0,0,0,0,0,0,0,0
‘«—§‹ζΓη’J–{’¬‚S’–Ϊ,2,0,0,0,0,0,0,0,0,0,0,0,0,0,0,0,0,0,0,1,0,0,1,0,0,0,0,0,0,0,0,1,0,0,0,0,1
‘«—§‹ζΙlφ‰€,14,1,0,1,1,0,0,1,0,0,0,0,0,0,0,0,0,0,0,6,0,0,0,2,0,0,0,0,0,0,4,6,0,1,0,0,5
‘«—§‹ζΙ‹»–{’¬‚P’–Ϊ,3,0,0,0,0,0,0,0,0,0,0,0,0,0,0,0,0,0,0,1,0,0,1,0,0,0,0,0,0,0,0,2,0,0,0,0,2
‘«—§‹ζΙ‹»–{’¬‚Q’–Ϊ,3,0,0,0,1,0,1,0,0,0,0,0,0,0,0,0,0,0,0,2,0,0,0,0,0,0,0,0,0,0,2,0,0,0,0,0,0
‘«—§‹ζv,2666,21,7,14,237,0,130,86,18,3,46,1,1,3,15,10,4,0,12,1726,7,117,762,67,2,6,2,0,12,351,400,636,222,44,7,0,363
‹ό‹ζΒΛ‚P’–Ϊ,1,0,0,0,0,0,0,0,0,0,0,0,0,0,0,0,0,0,0,1,0,0,1,0,0,0,0,0,0,0,0,0,0,0,0,0,0
‹ό‹ζΒΛ‚Q’–Ϊ,4,1,0,1,1,0,1,0,0,0,0,0,0,0,0,0,0,0,0,0,0,0,0,0,0,0,0,0,0,0,0,2,2,0,0,0,0
‹ό‹ζΒΛ‚R’–Ϊ,35,0,0,0,2,0,1,0,1,0,0,0,0,0,0,0,0,0,0,25,0,0,13,1,0,0,1,0,0,4,6,8,1,1,0,0,6
‹ό‹ζΒΛ‚S’–Ϊ,15,0,0,0,1,0,0,1,0,0,0,0,0,0,0,0,0,0,0,10,0,0,5,1,0,0,0,0,0,3,1,4,3,0,0,0,1
‹ό‹ζΒΛ‚T’–Ϊ,7,0,0,0,1,0,0,1,0,0,0,0,0,0,0,0,0,0,0,4,0,0,1,0,0,0,0,0,0,1,2,2,1,1,0,0,0
‹ό‹ζΒΛ‚U’–Ϊ,5,0,0,0,0,0,0,0,0,0,0,0,0,0,0,0,0,0,0,0,0,0,0,0,0,0,0,0,0,0,0,5,0,1,0,0,4
‹ό‹ζΒΛ‚V’–Ϊ,10,0,0,0,0,0,0,0,0,0,0,0,0,0,0,0,0,0,0,6,0,0,4,1,0,0,0,0,0,1,0,4,1,0,0,0,3
‹ό‹ζΒΛ‚W’–Ϊ,11,0,0,0,0,0,0,0,0,0,0,0,0,0,0,0,0,0,0,8,0,1,3,0,0,0,0,0,0,2,2,3,1,0,0,0,2
‹ό‹ζ‰Λ‚P’–Ϊ,6,0,0,0,0,0,0,0,0,0,0,0,0,0,0,0,0,0,0,1,0,0,0,0,0,0,0,0,0,0,1,5,5,0,0,0,0
‹ό‹ζ‰Λ‚Q’–Ϊ,11,0,0,0,0,0,0,0,0,0,0,0,0,0,0,0,0,0,0,9,0,3,5,1,0,0,0,0,0,0,0,2,2,0,0,0,0
‹ό‹ζ‰Λ‚R’–Ϊ,11,0,0,0,2,0,1,0,1,0,0,0,0,0,0,0,0,0,0,7,0,0,1,1,0,0,0,0,0,4,1,2,2,0,0,0,0
‹ό‹ζ‰Λ‚S’–Ϊ,8,1,1,0,0,0,0,0,0,0,1,0,0,0,0,0,0,0,1,3,0,0,2,0,0,0,0,0,0,0,1,3,0,0,1,0,2
‹ό‹ζ‰Λ‚T’–Ϊ,8,0,0,0,1,0,1,0,0,0,0,0,0,0,0,0,0,0,0,6,0,0,4,0,0,0,0,0,0,1,1,1,1,0,0,0,0
‹ό‹ζ‰Λ‚U’–Ϊ,4,0,0,0,0,0,0,0,0,0,0,0,0,0,0,0,0,0,0,3,0,2,1,0,0,0,0,0,0,0,0,1,0,1,0,0,0
‹ό‹ζ‰Λ‚V’–Ϊ,8,0,0,0,1,0,1,0,0,0,0,0,0,0,0,0,0,0,0,6,0,1,1,1,0,0,0,0,0,1,2,1,0,1,0,0,0
‹ό‹ζ‰Λ‚W’–Ϊ,2,0,0,0,0,0,0,0,0,0,0,0,0,0,0,0,0,0,0,1,0,0,0,0,0,0,0,0,0,0,1,1,1,0,0,0,0
‹ό‹ζ‰Λ‚X’–Ϊ,3,0,0,0,0,0,0,0,0,0,0,0,0,0,0,0,0,0,0,3,0,1,2,0,0,0,0,0,0,0,0,0,0,0,0,0,0
‹ό‹ζ‚¨‰Τ’ƒ‰®‚P’–Ϊ,18,0,0,0,0,0,0,0,0,0,2,0,0,0,2,0,0,0,0,11,0,3,6,0,0,0,1,0,1,0,0,5,2,0,0,0,3
‹ό‹ζ‚¨‰Τ’ƒ‰®‚Q’–Ϊ,6,0,0,0,0,0,0,0,0,0,1,0,0,0,1,0,0,0,0,2,0,0,1,0,0,0,0,0,0,0,1,3,0,0,0,0,3
‹ό‹ζ‚¨‰Τ’ƒ‰®‚R’–Ϊ,2,0,0,0,0,0,0,0,0,0,0,0,0,0,0,0,0,0,0,1,0,0,1,0,0,0,0,0,0,0,0,1,0,0,0,0,1
‹ό‹ζ‹ΰ’¬‚P’–Ϊ,12,0,0,0,0,0,0,0,0,0,0,0,0,0,0,0,0,0,0,9,0,0,2,0,0,0,0,0,0,5,2,3,2,0,0,0,1
‹ό‹ζ‹ΰ’¬‚Q’–Ϊ,3,0,0,0,1,0,0,1,0,0,0,0,0,0,0,0,0,0,0,1,0,0,1,0,0,0,0,0,0,0,0,1,0,0,0,0,1
‹ό‹ζ‹ΰ’¬‚R’–Ϊ,9,0,0,0,0,0,0,0,0,0,0,0,0,0,0,0,0,0,0,2,0,0,2,0,0,0,0,0,0,0,0,7,4,2,0,0,1
‹ό‹ζ‹ΰ’¬‚S’–Ϊ,21,0,0,0,0,0,0,0,0,0,0,0,0,0,0,0,0,0,0,7,0,1,5,0,0,0,0,0,0,0,1,14,4,0,0,0,10
‹ό‹ζ‹ΰ’¬‚T’–Ϊ,9,0,0,0,0,0,0,0,0,0,1,0,0,0,1,0,0,0,0,5,0,0,3,0,0,0,0,0,0,1,1,3,2,0,0,0,1
‹ό‹ζ‹ΰ’¬‚U’–Ϊ,23,0,0,0,1,0,1,0,0,0,0,0,0,0,0,0,0,0,0,10,0,0,5,0,0,0,0,0,0,4,1,12,4,2,0,0,6
‹ό‹ζ™‘q‚P’–Ϊ,4,0,0,0,0,0,0,0,0,0,0,0,0,0,0,0,0,0,0,2,0,0,0,1,0,0,0,0,0,1,0,2,0,1,0,0,1
‹ό‹ζ™‘q‚Q’–Ϊ,5,0,0,0,0,0,0,0,0,0,0,0,0,0,0,0,0,0,0,4,0,0,3,0,0,0,0,0,0,0,1,1,0,0,0,0,1
‹ό‹ζ™‘q‚R’–Ϊ,11,0,0,0,1,0,1,0,0,0,0,0,0,0,0,0,0,0,0,6,0,0,4,0,0,0,0,0,0,2,0,4,4,0,0,0,0
‹ό‹ζ™‘q‚S’–Ϊ,8,0,0,0,0,0,0,0,0,0,0,0,0,0,0,0,0,0,0,6,0,0,2,1,0,0,0,0,0,0,3,2,0,0,1,0,1
‹ό‹ζ‹T—L‚P’–Ϊ,9,1,1,0,0,0,0,0,0,0,0,0,0,0,0,0,0,0,0,6,0,1,3,0,0,0,0,0,0,0,2,2,1,1,0,0,0
‹ό‹ζ‹T—L‚Q’–Ϊ,19,0,0,0,1,0,0,1,0,0,0,0,0,0,0,0,0,0,0,11,0,1,8,0,0,0,0,0,0,1,1,7,5,0,0,0,2
‹ό‹ζ‹T—L‚R’–Ϊ,171,0,0,0,12,0,7,5,0,0,2,0,0,0,0,0,1,0,1,127,0,4,68,3,1,0,0,0,1,34,16,30,9,7,1,0,13
‹ό‹ζ‹T—L‚S’–Ϊ,22,0,0,0,1,0,0,1,0,0,0,0,0,0,0,0,0,0,0,14,0,1,6,1,0,0,0,0,0,1,5,7,6,0,0,0,1
‹ό‹ζ‹T—L‚T’–Ϊ,58,0,0,0,4,0,2,2,0,0,3,0,0,1,2,0,0,0,0,43,0,1,14,1,0,0,0,0,0,21,6,8,5,0,1,0,2
‹ό‹ζ¬›‚P’–Ϊ,3,0,0,0,0,0,0,0,0,0,0,0,0,0,0,0,0,0,0,2,0,0,2,0,0,0,0,0,0,0,0,1,1,0,0,0,0
‹ό‹ζ¬›‚Q’–Ϊ,5,0,0,0,1,0,1,0,0,0,0,0,0,0,0,0,0,0,0,3,0,0,1,0,0,0,1,0,0,0,1,1,1,0,0,0,0
‹ό‹ζ¬›‚R’–Ϊ,6,0,0,0,0,0,0,0,0,0,0,0,0,0,0,0,0,0,0,4,0,0,2,0,0,0,0,0,0,2,0,2,0,2,0,0,0
‹ό‹ζ¬›‚S’–Ϊ,18,0,0,0,0,0,0,0,0,0,1,0,0,0,0,0,0,0,1,13,0,1,7,1,0,0,0,0,0,2,2,4,2,0,0,0,2
‹ό‹ζΔ–”‚P’–Ϊ,6,0,0,0,0,0,0,0,0,0,0,0,0,0,0,0,0,0,0,4,0,0,4,0,0,0,0,0,0,0,0,2,0,2,0,0,0
‹ό‹ζΔ–”‚Q’–Ϊ,4,0,0,0,0,0,0,0,0,0,0,0,0,0,0,0,0,0,0,2,0,0,2,0,0,0,0,0,0,0,0,2,1,0,0,0,1
‹ό‹ζΔ–”‚R’–Ϊ,7,0,0,0,1,0,0,1,0,0,0,0,0,0,0,0,0,0,0,4,0,3,1,0,0,0,0,0,0,0,0,2,0,0,0,0,2
‹ό‹ζΔ–”‚S’–Ϊ,5,0,0,0,0,0,0,0,0,0,0,0,0,0,0,0,0,0,0,5,0,0,5,0,0,0,0,0,0,0,0,0,0,0,0,0,0
‹ό‹ζΔ–”‚T’–Ϊ,6,0,0,0,0,0,0,0,0,0,0,0,0,0,0,0,0,0,0,2,0,0,0,0,0,0,0,0,0,0,2,4,2,0,0,0,2
‹ό‹ζΔ–”‚U’–Ϊ,1,0,0,0,0,0,0,0,0,0,0,0,0,0,0,0,0,0,0,0,0,0,0,0,0,0,0,0,0,0,0,1,1,0,0,0,0
‹ό‹ζΔ–”‚V’–Ϊ,3,0,0,0,0,0,0,0,0,0,0,0,0,0,0,0,0,0,0,2,0,1,0,0,0,0,0,0,0,0,1,1,1,0,0,0,0
‹ό‹ζ”’’Ή‚P’–Ϊ,2,0,0,0,0,0,0,0,0,0,0,0,0,0,0,0,0,0,0,1,0,0,1,0,0,0,0,0,0,0,0,1,0,0,0,0,1
‹ό‹ζ”’’Ή‚Q’–Ϊ,14,0,0,0,1,0,1,0,0,0,0,0,0,0,0,0,0,0,0,9,0,0,3,1,0,0,0,0,0,3,2,4,0,1,0,0,3
‹ό‹ζ”’’Ή‚R’–Ϊ,12,0,0,0,1,0,0,1,0,0,0,0,0,0,0,0,0,0,0,7,0,1,2,0,0,0,0,0,0,1,3,4,3,1,0,0,0
‹ό‹ζ”’’Ή‚S’–Ϊ,14,0,0,0,2,0,0,2,0,0,0,0,0,0,0,0,0,0,0,11,0,0,5,2,0,0,0,0,0,2,2,1,0,1,0,0,0
‹ό‹ζV¬β‚P’–Ϊ,102,1,0,1,14,0,7,6,0,1,2,0,0,1,1,0,0,0,0,67,0,0,33,1,0,0,1,0,0,15,17,18,5,5,0,0,8
‹ό‹ζV¬β‚Q’–Ϊ,15,0,0,0,2,0,0,2,0,0,1,0,0,0,0,1,0,0,0,11,0,1,5,0,0,0,0,0,0,0,5,1,0,0,0,0,1
‹ό‹ζV¬β‚R’–Ϊ,1,0,0,0,0,0,0,0,0,0,0,0,0,0,0,0,0,0,0,1,0,0,1,0,0,0,0,0,0,0,0,0,0,0,0,0,0
‹ό‹ζV¬β‚S’–Ϊ,6,0,0,0,0,0,0,0,0,0,1,0,0,0,0,0,0,0,1,3,0,0,3,0,0,0,0,0,0,0,0,2,0,0,0,0,2
‹ό‹ζ‚»‚P’–Ϊ,1,0,0,0,0,0,0,0,0,0,0,0,0,0,0,0,0,0,0,0,0,0,0,0,0,0,0,0,0,0,0,1,1,0,0,0,0
‹ό‹ζ‚»‚Q’–Ϊ,7,0,0,0,1,0,1,0,0,0,1,0,0,0,1,0,0,0,0,2,0,0,1,0,0,0,0,0,0,0,1,3,0,0,0,0,3
‹ό‹ζ‚»‚R’–Ϊ,9,0,0,0,0,0,0,0,0,0,0,0,0,0,0,0,0,0,0,5,0,0,4,1,0,0,0,0,0,0,0,4,2,0,0,0,2
‹ό‹ζ‚»‚S’–Ϊ,4,0,0,0,2,0,0,1,1,0,0,0,0,0,0,0,0,0,0,1,0,0,0,0,0,0,0,0,0,0,1,1,0,0,0,0,1
‹ό‹ζ‚»‚T’–Ϊ,11,0,0,0,0,0,0,0,0,0,0,0,0,0,0,0,0,0,0,6,0,0,6,0,0,0,0,0,0,0,0,5,0,2,1,0,2
‹ό‹ζ‚»‚U’–Ϊ,2,0,0,0,0,0,0,0,0,0,0,0,0,0,0,0,0,0,0,2,0,0,2,0,0,0,0,0,0,0,0,0,0,0,0,0,0
‹ό‹ζ‚»‚V’–Ϊ,8,0,0,0,0,0,0,0,0,0,0,0,0,0,0,0,0,0,0,5,0,0,2,0,0,0,0,0,0,2,1,3,2,0,0,0,1
‹ό‹ζ‚»‚W’–Ϊ,5,0,0,0,0,0,0,0,0,0,1,0,0,0,1,0,0,0,0,1,0,0,0,0,0,0,0,0,0,0,1,3,1,0,0,0,2
‹ό‹ζ•σ’¬‚P’–Ϊ,6,0,0,0,0,0,0,0,0,0,0,0,0,0,0,0,0,0,0,4,0,0,4,0,0,0,0,0,0,0,0,2,1,0,0,0,1
‹ό‹ζ•σ’¬‚Q’–Ϊ,14,0,0,0,0,0,0,0,0,0,0,0,0,0,0,0,0,0,0,10,0,1,3,2,0,0,0,1,0,3,0,4,1,0,0,0,3
‹ό‹ζ—§Ξ‚P’–Ϊ,11,0,0,0,4,0,1,3,0,0,0,0,0,0,0,0,0,0,0,6,0,0,5,0,0,0,0,0,0,0,1,1,1,0,0,0,0
‹ό‹ζ—§Ξ‚Q’–Ϊ,9,0,0,0,1,0,0,1,0,0,0,0,0,0,0,0,0,0,0,6,0,0,5,0,0,0,0,0,0,0,1,2,0,0,0,0,2
‹ό‹ζ—§Ξ‚R’–Ϊ,3,0,0,0,0,0,0,0,0,0,0,0,0,0,0,0,0,0,0,1,0,0,1,0,0,0,0,0,0,0,0,2,2,0,0,0,0
‹ό‹ζ—§Ξ‚S’–Ϊ,16,0,0,0,1,0,1,0,0,0,0,0,0,0,0,0,0,0,0,12,0,1,4,0,0,0,0,0,0,6,1,3,0,0,0,0,3
‹ό‹ζ—§Ξ‚T’–Ϊ,20,0,0,0,2,0,1,1,0,0,1,0,0,0,1,0,0,0,0,13,0,0,8,2,0,0,0,0,0,1,2,4,2,0,1,0,1
‹ό‹ζ—§Ξ‚U’–Ϊ,16,0,0,0,0,0,0,0,0,0,2,0,2,0,0,0,0,0,0,9,0,1,6,0,1,0,0,0,0,0,1,5,1,1,2,0,1
‹ό‹ζ—§Ξ‚V’–Ϊ,4,0,0,0,1,0,0,0,1,0,0,0,0,0,0,0,0,0,0,2,0,0,1,0,0,0,0,0,0,1,0,1,1,0,0,0,0
‹ό‹ζ—§Ξ‚W’–Ϊ,7,0,0,0,1,0,0,0,0,1,0,0,0,0,0,0,0,0,0,5,0,1,2,0,0,0,0,0,0,0,2,1,1,0,0,0,0
‹ό‹ζVh‚P’–Ϊ,6,0,0,0,1,0,1,0,0,0,0,0,0,0,0,0,0,0,0,4,0,0,2,0,0,0,0,0,0,0,2,1,0,1,0,0,0
‹ό‹ζVh‚Q’–Ϊ,3,0,0,0,0,0,0,0,0,0,0,0,0,0,0,0,0,0,0,2,0,0,1,0,0,0,0,0,0,0,1,1,1,0,0,0,0
‹ό‹ζVh‚R’–Ϊ,4,0,0,0,0,0,0,0,0,0,0,0,0,0,0,0,0,0,0,2,0,0,0,0,0,0,0,0,0,0,2,2,2,0,0,0,0
‹ό‹ζVh‚S’–Ϊ,12,0,0,0,1,0,1,0,0,0,0,0,0,0,0,0,0,0,0,6,0,0,4,0,0,0,0,0,0,1,1,5,4,0,0,0,1
‹ό‹ζVh‚T’–Ϊ,5,0,0,0,0,0,0,0,0,0,0,0,0,0,0,0,0,0,0,3,0,0,2,0,0,0,0,0,0,0,1,2,1,0,0,0,1
‹ό‹ζVh‚U’–Ϊ,24,0,0,0,2,0,1,1,0,0,0,0,0,0,0,0,0,0,0,15,0,0,11,2,0,0,0,0,0,0,2,7,3,1,0,0,3
‹ό‹ζΌ‹T—L‚P’–Ϊ,6,0,0,0,0,0,0,0,0,0,0,0,0,0,0,0,0,0,0,4,0,0,2,0,0,0,0,0,1,1,0,2,0,1,0,0,1
‹ό‹ζΌ‹T—L‚Q’–Ϊ,9,0,0,0,0,0,0,0,0,0,0,0,0,0,0,0,0,0,0,6,0,1,4,1,0,0,0,0,0,0,0,3,2,0,0,0,1
‹ό‹ζΌ‹T—L‚R’–Ϊ,9,0,0,0,0,0,0,0,0,0,0,0,0,0,0,0,0,0,0,7,0,1,4,1,0,0,0,0,0,0,1,2,2,0,0,0,0
‹ό‹ζΌ‹T—L‚S’–Ϊ,4,0,0,0,1,0,1,0,0,0,0,0,0,0,0,0,0,0,0,1,0,1,0,0,0,0,0,0,0,0,0,2,2,0,0,0,0
‹ό‹ζΌV¬β‚P’–Ϊ,49,0,0,0,3,0,3,0,0,0,1,0,0,0,1,0,0,0,0,39,0,1,29,1,0,0,0,0,0,4,4,6,0,2,0,0,4
‹ό‹ζΌV¬β‚Q’–Ϊ,4,0,0,0,1,0,1,0,0,0,0,0,0,0,0,0,0,0,0,3,0,0,1,0,0,0,0,0,0,0,2,0,0,0,0,0,0
‹ό‹ζΌV¬β‚R’–Ϊ,10,1,0,1,0,0,0,0,0,0,0,0,0,0,0,0,0,0,0,4,0,0,1,0,0,0,0,0,0,1,2,5,0,0,0,0,5
‹ό‹ζΌV¬β‚S’–Ϊ,7,0,0,0,0,0,0,0,0,0,1,0,0,1,0,0,0,0,0,0,0,0,0,0,0,0,0,0,0,0,0,6,2,0,0,0,4
‹ό‹ζΌV¬β‚T’–Ϊ,10,1,0,1,1,0,1,0,0,0,0,0,0,0,0,0,0,0,0,4,0,1,2,0,0,0,0,0,0,1,0,4,1,0,0,0,3
‹ό‹ζΌ…³‚P’–Ϊ,4,0,0,0,0,0,0,0,0,0,0,0,0,0,0,0,0,0,0,2,0,1,1,0,0,0,0,0,0,0,0,2,1,0,1,0,0
‹ό‹ζΌ…³‚Q’–Ϊ,2,0,0,0,0,0,0,0,0,0,0,0,0,0,0,0,0,0,0,1,0,0,1,0,0,0,0,0,0,0,0,1,0,0,0,0,1
‹ό‹ζΌ…³‚R’–Ϊ,7,0,0,0,1,0,0,0,1,0,0,0,0,0,0,0,0,0,0,3,0,0,2,0,0,0,0,0,0,0,1,3,3,0,0,0,0
‹ό‹ζΌ…³‚T’–Ϊ,4,0,0,0,0,0,0,0,0,0,0,0,0,0,0,0,0,0,0,1,0,0,1,0,0,0,0,0,0,0,0,3,1,0,0,0,2
‹ό‹ζΌ…³‚U’–Ϊ,1,0,0,0,0,0,0,0,0,0,0,0,0,0,0,0,0,0,0,1,0,0,0,1,0,0,0,0,0,0,0,0,0,0,0,0,0
‹ό‹ζ“‹ΰ’¬‚P’–Ϊ,70,1,1,0,6,0,2,3,1,0,0,0,0,0,0,0,0,0,0,44,0,1,22,1,0,0,0,0,2,12,6,19,7,2,0,0,10
‹ό‹ζ“‹ΰ’¬‚Q’–Ϊ,10,0,0,0,0,0,0,0,0,0,1,0,0,0,1,0,0,0,0,5,0,0,3,0,0,0,0,0,0,0,2,4,2,1,0,0,1
‹ό‹ζ“‹ΰ’¬‚R’–Ϊ,6,0,0,0,0,0,0,0,0,0,0,0,0,0,0,0,0,0,0,1,0,0,0,0,0,0,0,0,0,1,0,5,2,0,2,0,1
‹ό‹ζ“‹ΰ’¬‚S’–Ϊ,2,0,0,0,0,0,0,0,0,0,0,0,0,0,0,0,0,0,0,1,0,0,0,0,0,0,0,0,0,0,1,1,1,0,0,0,0
‹ό‹ζ“‹ΰ’¬‚T’–Ϊ,13,0,0,0,1,0,1,0,0,0,0,0,0,0,0,0,0,0,0,11,0,0,11,0,0,0,0,0,0,0,0,1,1,0,0,0,0
‹ό‹ζ“‹ΰ’¬‚U’–Ϊ,2,0,0,0,0,0,0,0,0,0,0,0,0,0,0,0,0,0,0,1,0,1,0,0,0,0,0,0,0,0,0,1,0,0,0,0,1
‹ό‹ζ“‹ΰ’¬‚W’–Ϊ,2,0,0,0,1,0,0,1,0,0,1,0,0,0,0,0,0,0,1,0,0,0,0,0,0,0,0,0,0,0,0,0,0,0,0,0,0
‹ό‹ζ“V¬β‚P’–Ϊ,21,1,1,0,2,0,1,1,0,0,0,0,0,0,0,0,0,0,0,14,0,0,7,0,0,0,0,0,0,0,7,4,0,0,1,0,3
‹ό‹ζ“V¬β‚Q’–Ϊ,8,0,0,0,0,0,0,0,0,0,0,0,0,0,0,0,0,0,0,5,0,0,3,0,0,0,0,0,0,1,1,3,1,0,0,0,2
‹ό‹ζ“V¬β‚R’–Ϊ,4,0,0,0,0,0,0,0,0,0,0,0,0,0,0,0,0,0,0,2,0,0,2,0,0,0,0,0,0,0,0,2,1,0,0,0,1
‹ό‹ζ“V¬β‚S’–Ϊ,3,0,0,0,0,0,0,0,0,0,0,0,0,0,0,0,0,0,0,3,0,0,1,1,0,0,0,0,0,0,1,0,0,0,0,0,0
‹ό‹ζ“V¬β‚T’–Ϊ,5,0,0,0,0,0,0,0,0,0,1,0,0,0,0,1,0,0,0,2,0,0,2,0,0,0,0,0,0,0,0,2,0,0,0,0,2
‹ό‹ζ“V¬β‚U’–Ϊ,7,0,0,0,0,0,0,0,0,0,0,0,0,0,0,0,0,0,0,5,0,0,4,0,0,0,0,0,0,0,1,2,0,1,0,0,1
‹ό‹ζ“V¬β‚V’–Ϊ,13,0,0,0,0,0,0,0,0,0,4,0,0,0,0,0,0,0,4,7,0,0,3,0,0,0,0,0,0,4,0,2,1,0,0,0,1
‹ό‹ζ“V¬β‚W’–Ϊ,7,0,0,0,1,0,1,0,0,0,0,0,0,0,0,0,0,0,0,4,0,0,2,0,0,0,0,0,0,0,2,2,1,0,0,0,1
‹ό‹ζ“—§Ξ‚P’–Ϊ,7,0,0,0,1,0,0,0,1,0,0,0,0,0,0,0,0,0,0,5,0,1,2,1,0,0,0,0,0,1,0,1,1,0,0,0,0
‹ό‹ζ“—§Ξ‚Q’–Ϊ,2,0,0,0,0,0,0,0,0,0,0,0,0,0,0,0,0,0,0,1,0,0,0,0,0,0,0,0,0,0,1,1,1,0,0,0,0
‹ό‹ζ“—§Ξ‚R’–Ϊ,7,0,0,0,0,0,0,0,0,0,0,0,0,0,0,0,0,0,0,5,0,1,4,0,0,0,0,0,0,0,0,2,0,0,0,0,2
‹ό‹ζ“—§Ξ‚S’–Ϊ,9,0,0,0,2,0,2,0,0,0,0,0,0,0,0,0,0,0,0,5,0,1,3,0,0,1,0,0,0,0,0,2,1,0,0,0,1
‹ό‹ζ“–xΨ‚P’–Ϊ,3,0,0,0,0,0,0,0,0,0,0,0,0,0,0,0,0,0,0,2,0,2,0,0,0,0,0,0,0,0,0,1,0,0,0,0,1
‹ό‹ζ“–xΨ‚Q’–Ϊ,9,0,0,0,0,0,0,0,0,0,1,0,0,0,0,1,0,0,0,6,0,1,3,0,0,0,0,0,0,0,2,2,1,0,0,0,1
‹ό‹ζ“–xΨ‚R’–Ϊ,8,0,0,0,0,0,0,0,0,0,0,0,0,0,0,0,0,0,0,6,0,1,5,0,0,0,0,0,0,0,0,2,2,0,0,0,0
‹ό‹ζ“…³‚P’–Ϊ,3,0,0,0,0,0,0,0,0,0,0,0,0,0,0,0,0,0,0,2,0,0,2,0,0,0,0,0,0,0,0,1,0,0,0,0,1
‹ό‹ζ“…³‚Q’–Ϊ,7,0,0,0,1,0,0,1,0,0,0,0,0,0,0,0,0,0,0,6,0,0,4,0,0,0,0,0,0,1,1,0,0,0,0,0,0
‹ό‹ζ“…³‚R’–Ϊ,8,0,0,0,1,0,1,0,0,0,0,0,0,0,0,0,0,0,0,4,0,0,4,0,0,0,0,0,0,0,0,3,3,0,0,0,0
‹ό‹ζ“…³‚S’–Ϊ,4,0,0,0,1,0,1,0,0,0,0,0,0,0,0,0,0,0,0,1,0,0,0,0,0,0,0,0,0,0,1,2,1,0,0,0,1
‹ό‹ζ“…³‚T’–Ϊ,5,0,0,0,0,0,0,0,0,0,0,0,0,0,0,0,0,0,0,3,0,0,3,0,0,0,0,0,0,0,0,2,2,0,0,0,0
‹ό‹ζ“l‚Β–Ψ‚P’–Ϊ,3,1,0,1,0,0,0,0,0,0,0,0,0,0,0,0,0,0,0,0,0,0,0,0,0,0,0,0,0,0,0,2,1,0,0,0,1
‹ό‹ζ“l‚Β–Ψ‚Q’–Ϊ,5,0,0,0,1,0,1,0,0,0,0,0,0,0,0,0,0,0,0,3,0,0,2,0,0,0,0,0,0,0,1,1,1,0,0,0,0
‹ό‹ζ“l‚Β–Ψ‚R’–Ϊ,6,0,0,0,0,0,0,0,0,0,0,0,0,0,0,0,0,0,0,6,0,0,6,0,0,0,0,0,0,0,0,0,0,0,0,0,0
‹ό‹ζ“l‚Β–Ψ‚S’–Ϊ,10,0,0,0,0,0,0,0,0,0,0,0,0,0,0,0,0,0,0,8,0,0,1,3,0,0,0,0,0,1,3,2,1,0,1,0,0
‹ό‹ζΧ“c‚P’–Ϊ,4,0,0,0,0,0,0,0,0,0,0,0,0,0,0,0,0,0,0,4,0,0,2,1,0,0,0,0,0,0,1,0,0,0,0,0,0
‹ό‹ζΧ“c‚Q’–Ϊ,1,0,0,0,0,0,0,0,0,0,0,0,0,0,0,0,0,0,0,1,0,0,1,0,0,0,0,0,0,0,0,0,0,0,0,0,0
‹ό‹ζΧ“c‚R’–Ϊ,6,0,0,0,0,0,0,0,0,0,0,0,0,0,0,0,0,0,0,6,0,0,5,0,0,0,0,0,0,1,0,0,0,0,0,0,0
‹ό‹ζΧ“c‚S’–Ϊ,5,0,0,0,1,0,0,1,0,0,0,0,0,0,0,0,0,0,0,2,0,0,1,0,0,0,0,0,0,0,1,2,1,0,0,0,1
‹ό‹ζΧ“c‚T’–Ϊ,7,0,0,0,0,0,0,0,0,0,0,0,0,0,0,0,0,0,0,3,0,0,1,0,0,0,0,0,0,0,2,4,2,0,0,0,2
‹ό‹ζ–xΨ‚P’–Ϊ,7,1,0,1,0,0,0,0,0,0,1,0,0,0,0,0,0,1,0,4,0,0,2,1,0,0,0,0,0,0,1,1,1,0,0,0,0
‹ό‹ζ–xΨ‚Q’–Ϊ,11,0,0,0,4,0,1,2,1,0,0,0,0,0,0,0,0,0,0,4,0,0,3,0,0,0,0,0,0,0,1,3,2,0,0,0,1
‹ό‹ζ–xΨ‚R’–Ϊ,5,0,0,0,0,0,0,0,0,0,0,0,0,0,0,0,0,0,0,2,0,1,1,0,0,0,0,0,0,0,0,3,1,0,0,0,2
‹ό‹ζ–xΨ‚S’–Ϊ,8,0,0,0,1,0,0,1,0,0,1,0,0,0,0,1,0,0,0,4,0,0,1,0,0,0,0,0,0,3,0,2,1,0,0,0,1
‹ό‹ζ–xΨ‚T’–Ϊ,13,0,0,0,0,0,0,0,0,0,0,0,0,0,0,0,0,0,0,9,0,0,8,0,0,0,0,0,0,0,1,4,2,1,0,0,1
‹ό‹ζ–xΨ‚U’–Ϊ,3,0,0,0,0,0,0,0,0,0,0,0,0,0,0,0,0,0,0,3,0,0,3,0,0,0,0,0,0,0,0,0,0,0,0,0,0
‹ό‹ζ–xΨ‚V’–Ϊ,8,0,0,0,0,0,0,0,0,0,0,0,0,0,0,0,0,0,0,4,0,1,0,0,0,0,0,0,0,1,2,4,4,0,0,0,0
‹ό‹ζ–xΨ‚W’–Ϊ,4,0,0,0,0,0,0,0,0,0,0,0,0,0,0,0,0,0,0,1,0,0,1,0,0,0,0,0,0,0,0,3,2,1,0,0,0
‹ό‹ζ…³‚P’–Ϊ,11,0,0,0,2,0,0,2,0,0,0,0,0,0,0,0,0,0,0,6,0,0,6,0,0,0,0,0,0,0,0,3,0,2,0,0,1
‹ό‹ζ…³‚Q’–Ϊ,9,0,0,0,0,0,0,0,0,0,0,0,0,0,0,0,0,0,0,4,0,0,2,1,0,0,0,0,0,1,0,5,1,0,0,0,4
‹ό‹ζ…³‚R’–Ϊ,3,0,0,0,0,0,0,0,0,0,0,0,0,0,0,0,0,0,0,2,0,0,1,0,0,0,0,0,0,0,1,1,1,0,0,0,0
‹ό‹ζ…³‚S’–Ϊ,10,0,0,0,1,0,0,1,0,0,0,0,0,0,0,0,0,0,0,6,0,1,2,0,0,0,0,0,0,3,0,3,3,0,0,0,0
‹ό‹ζ…³‚T’–Ϊ,1,0,0,0,0,0,0,0,0,0,0,0,0,0,0,0,0,0,0,0,0,0,0,0,0,0,0,0,0,0,0,1,0,0,0,0,1
‹ό‹ζ…³φ‰€,6,0,0,0,0,0,0,0,0,0,0,0,0,0,0,0,0,0,0,5,0,0,2,3,0,0,0,0,0,0,0,1,0,0,0,0,1
‹ό‹ζ“μ…³‚P’–Ϊ,10,0,0,0,0,0,0,0,0,0,0,0,0,0,0,0,0,0,0,5,0,0,4,0,0,0,0,0,0,0,1,5,2,0,0,0,3
‹ό‹ζ“μ…³‚Q’–Ϊ,12,0,0,0,1,0,0,0,0,1,0,0,0,0,0,0,0,0,0,7,0,0,7,0,0,0,0,0,0,0,0,4,2,0,0,0,2
‹ό‹ζ“μ…³‚R’–Ϊ,2,0,0,0,1,0,0,1,0,0,0,0,0,0,0,0,0,0,0,1,0,0,1,0,0,0,0,0,0,0,0,0,0,0,0,0,0
‹ό‹ζ“μ…³‚S’–Ϊ,13,0,0,0,0,0,0,0,0,0,0,0,0,0,0,0,0,0,0,10,0,0,4,0,0,0,1,1,0,2,2,3,2,0,0,0,1
‹ό‹ζl‚Β–Ψ‚P’–Ϊ,9,0,0,0,0,0,0,0,0,0,0,0,0,0,0,0,0,0,0,6,0,0,3,0,0,0,0,0,0,1,2,3,0,0,0,0,3
‹ό‹ζl‚Β–Ψ‚Q’–Ϊ,8,0,0,0,1,0,0,1,0,0,0,0,0,0,0,0,0,0,0,4,0,1,1,1,0,0,0,0,0,1,0,3,2,0,0,0,1
‹ό‹ζl‚Β–Ψ‚R’–Ϊ,7,0,0,0,0,0,0,0,0,0,0,0,0,0,0,0,0,0,0,6,0,0,5,0,0,0,0,0,0,0,1,1,0,0,0,0,1
‹ό‹ζl‚Β–Ψ‚S’–Ϊ,3,0,0,0,0,0,0,0,0,0,0,0,0,0,0,0,0,0,0,1,0,0,1,0,0,0,0,0,0,0,0,2,2,0,0,0,0
‹ό‹ζl‚Β–Ψ‚T’–Ϊ,4,0,0,0,0,0,0,0,0,0,0,0,0,0,0,0,0,0,0,4,0,0,2,0,0,0,0,1,0,1,0,0,0,0,0,0,0
‹ό‹ζv,1581,10,4,6,106,0,49,46,8,3,32,0,2,3,12,4,1,1,9,991,0,50,545,42,2,1,5,3,5,168,170,442,189,46,13,0,194
]Λμ‹ζκ”V]‚P’–Ϊ,3,0,0,0,1,0,0,1,0,0,0,0,0,0,0,0,0,0,0,1,0,1,0,0,0,0,0,0,0,0,0,1,1,0,0,0,0
]Λμ‹ζκ”V]‚Q’–Ϊ,5,0,0,0,0,0,0,0,0,0,0,0,0,0,0,0,0,0,0,2,0,0,2,0,0,0,0,0,0,0,0,3,1,0,0,0,2
]Λμ‹ζκ”V]‚R’–Ϊ,12,1,0,1,0,0,0,0,0,0,0,0,0,0,0,0,0,0,0,9,0,0,5,2,0,0,0,0,0,0,2,2,1,0,0,0,1
]Λμ‹ζκ”V]‚S’–Ϊ,2,0,0,0,1,0,0,1,0,0,0,0,0,0,0,0,0,0,0,1,0,0,0,0,0,0,0,0,0,1,0,0,0,0,0,0,0
]Λμ‹ζκ”V]‚T’–Ϊ,7,0,0,0,0,0,0,0,0,0,0,0,0,0,0,0,0,0,0,4,0,0,3,0,0,0,0,0,0,0,1,3,1,1,0,0,1
]Λμ‹ζκ”V]‚U’–Ϊ,5,0,0,0,1,0,0,1,0,0,1,0,0,1,0,0,0,0,0,2,0,0,1,0,0,0,0,0,0,0,1,1,0,1,0,0,0
]Λμ‹ζκ”V]‚V’–Ϊ,18,0,0,0,2,0,1,0,1,0,0,0,0,0,0,0,0,0,0,13,0,0,5,1,0,0,0,0,0,4,3,3,0,0,0,0,3
]Λμ‹ζκ”V]‚W’–Ϊ,11,0,0,0,1,0,1,0,0,0,0,0,0,0,0,0,0,0,0,7,0,0,5,0,0,0,0,0,0,0,2,3,1,0,0,0,2
]Λμ‹ζκ”V]’¬,2,0,0,0,0,0,0,0,0,0,0,0,0,0,0,0,0,0,0,0,0,0,0,0,0,0,0,0,0,0,0,2,2,0,0,0,0
]Λμ‹ζ‰Fμ“c’¬,6,0,0,0,0,0,0,0,0,0,0,0,0,0,0,0,0,0,0,3,0,0,2,1,0,0,0,0,0,0,0,3,1,0,0,0,2
]Λμ‹ζ]Λμ‚P’–Ϊ,4,0,0,0,0,0,0,0,0,0,0,0,0,0,0,0,0,0,0,3,0,0,1,1,0,0,0,0,0,0,1,1,0,0,0,0,1
]Λμ‹ζ]Λμ‚Q’–Ϊ,10,0,0,0,1,0,0,1,0,0,1,0,0,0,0,0,0,0,1,7,0,1,4,1,0,1,0,0,0,0,0,1,0,0,0,0,1
]Λμ‹ζ]Λμ‚R’–Ϊ,10,0,0,0,1,0,0,0,1,0,0,0,0,0,0,0,0,0,0,7,0,0,3,1,0,0,0,0,0,3,0,2,1,1,0,0,0
]Λμ‹ζ]Λμ‚T’–Ϊ,7,0,0,0,1,0,0,0,1,0,0,0,0,0,0,0,0,0,0,2,0,0,1,0,0,0,0,0,0,0,1,4,1,0,0,0,3
]Λμ‹ζ]Λμ‚U’–Ϊ,20,1,0,1,0,0,0,0,0,0,0,0,0,0,0,0,0,0,0,18,0,0,4,1,0,0,0,0,0,10,3,1,0,0,0,0,1
]Λμ‹ζ‹»‹{’¬,9,0,0,0,2,0,2,0,0,0,0,0,0,0,0,0,0,0,0,4,0,1,1,0,0,0,0,0,0,1,1,3,3,0,0,0,0
]Λμ‹ζ–k‹Ό‚P’–Ϊ,7,0,0,0,0,0,0,0,0,0,0,0,0,0,0,0,0,0,0,5,0,0,3,0,0,0,0,0,0,0,2,2,0,0,0,0,2
]Λμ‹ζ–k‹Ό‚Q’–Ϊ,7,0,0,0,1,0,1,0,0,0,0,0,0,0,0,0,0,0,0,3,0,1,0,0,0,0,0,0,0,1,1,3,0,0,0,0,3
]Λμ‹ζ–k‹Ό‚R’–Ϊ,4,0,0,0,0,0,0,0,0,0,0,0,0,0,0,0,0,0,0,3,0,0,0,2,0,0,0,0,0,0,1,1,0,0,0,0,1
]Λμ‹ζ–k‹Ό‚S’–Ϊ,13,0,0,0,1,0,0,1,0,0,0,0,0,0,0,0,0,0,0,10,0,0,6,2,0,0,0,0,0,2,0,2,1,0,1,0,0
]Λμ‹ζ–k‹Ό‚T’–Ϊ,4,0,0,0,0,0,0,0,0,0,0,0,0,0,0,0,0,0,0,3,0,0,3,0,0,0,0,0,0,0,0,1,0,0,0,0,1
]Λμ‹ζ–k¬β‚P’–Ϊ,8,0,0,0,0,0,0,0,0,0,0,0,0,0,0,0,0,0,0,7,0,0,6,0,0,1,0,0,0,0,0,1,1,0,0,0,0
]Λμ‹ζ–k¬β‚Q’–Ϊ,14,0,0,0,0,0,0,0,0,0,1,0,0,0,0,1,0,0,0,10,0,0,7,0,0,0,0,0,0,1,2,3,2,0,1,0,0
]Λμ‹ζ–k¬β‚R’–Ϊ,8,0,0,0,1,0,1,0,0,0,1,0,0,0,0,1,0,0,0,2,0,0,2,0,0,0,0,0,0,0,0,4,1,1,0,0,2
]Λμ‹ζ–k¬β‚S’–Ϊ,8,0,0,0,1,0,0,1,0,0,0,0,0,0,0,0,0,0,0,5,0,1,3,0,0,0,0,0,0,0,1,2,0,0,0,0,2
]Λμ‹ζ–k¬β‚T’–Ϊ,3,0,0,0,0,0,0,0,0,0,0,0,0,0,0,0,0,0,0,1,0,1,0,0,0,0,0,0,0,0,0,2,2,0,0,0,0
]Λμ‹ζ–k¬β‚U’–Ϊ,11,0,0,0,1,0,0,0,1,0,0,0,0,0,0,0,0,0,0,9,0,1,4,2,0,0,0,0,0,1,1,1,0,0,0,0,1
]Λμ‹ζ–k¬β‚V’–Ϊ,4,0,0,0,0,0,0,0,0,0,0,0,0,0,0,0,0,0,0,4,0,1,3,0,0,0,0,0,0,0,0,0,0,0,0,0,0
]Λμ‹ζ–k¬β‚W’–Ϊ,6,0,0,0,0,0,0,0,0,0,0,0,0,0,0,0,0,0,0,3,0,0,1,0,0,0,0,0,0,0,2,3,1,0,0,0,2
]Λμ‹ζ¬Όμ‚P’–Ϊ,18,0,0,0,1,0,1,0,0,0,0,0,0,0,0,0,0,0,0,11,0,0,4,1,0,0,0,0,0,4,2,6,3,0,1,0,2
]Λμ‹ζ¬Όμ‚Q’–Ϊ,13,0,0,0,1,0,0,1,0,0,0,0,0,0,0,0,0,0,0,7,0,0,2,0,0,0,0,0,0,3,2,5,0,1,0,0,4
]Λμ‹ζ¬Όμ‚R’–Ϊ,12,0,0,0,1,0,1,0,0,0,0,0,0,0,0,0,0,0,0,6,0,1,3,0,0,0,0,0,1,1,0,5,1,0,0,0,4
]Λμ‹ζ¬Όμ‚S’–Ϊ,4,0,0,0,1,0,1,0,0,0,0,0,0,0,0,0,0,0,0,2,0,0,1,0,0,0,0,0,0,0,1,1,0,0,0,0,1
]Λμ‹ζ­‚P’–Ϊ,9,0,0,0,0,0,0,0,0,0,3,3,0,0,0,0,0,0,0,5,0,0,3,0,0,0,0,0,0,2,0,1,0,0,0,0,1
]Λμ‹ζ­‚Q’–Ϊ,15,0,0,0,3,0,3,0,0,0,0,0,0,0,0,0,0,0,0,9,0,0,6,1,0,0,0,0,0,1,1,3,1,0,0,0,2
]Λμ‹ζ­‚R’–Ϊ,5,0,0,0,0,0,0,0,0,0,0,0,0,0,0,0,0,0,0,3,0,0,3,0,0,0,0,0,0,0,0,2,0,0,1,0,1
]Λμ‹ζ­‚S’–Ϊ,5,0,0,0,0,0,0,0,0,0,0,0,0,0,0,0,0,0,0,5,0,1,1,1,0,0,0,0,0,2,0,0,0,0,0,0,0
]Λμ‹ζ­‚T’–Ϊ,3,0,0,0,0,0,0,0,0,0,0,0,0,0,0,0,0,0,0,3,0,0,3,0,0,0,0,0,0,0,0,0,0,0,0,0,0
]Λμ‹ζ­‚U’–Ϊ,2,0,0,0,0,0,0,0,0,0,0,0,0,0,0,0,0,0,0,2,0,0,0,0,0,1,0,0,0,0,1,0,0,0,0,0,0
]Λμ‹ζΒθ’¬‚P’–Ϊ,2,0,0,0,0,0,0,0,0,0,0,0,0,0,0,0,0,0,0,0,0,0,0,0,0,0,0,0,0,0,0,2,1,1,0,0,0
]Λμ‹ζΒθ’¬‚Q’–Ϊ,20,0,0,0,2,0,0,2,0,0,0,0,0,0,0,0,0,0,0,15,0,0,13,0,0,0,0,0,0,0,2,3,0,1,0,0,2
]Λμ‹ζΒθ’¬‚R’–Ϊ,8,0,0,0,1,0,0,1,0,0,0,0,0,0,0,0,0,0,0,5,0,1,1,0,0,0,0,0,0,0,3,2,1,0,0,0,1
]Λμ‹ζΒθ’¬‚S’–Ϊ,11,0,0,0,2,0,2,0,0,0,0,0,0,0,0,0,0,0,0,6,0,0,5,0,0,0,0,0,0,1,0,3,1,1,0,0,1
]Λμ‹ζΒθ’¬‚T’–Ϊ,3,0,0,0,1,0,0,1,0,0,0,0,0,0,0,0,0,0,0,1,0,0,1,0,0,0,0,0,0,0,0,1,0,0,0,0,1
]Λμ‹ζΒθ’¬‚U’–Ϊ,3,0,0,0,0,0,0,0,0,0,0,0,0,0,0,0,0,0,0,3,0,1,1,0,0,0,0,0,0,0,1,0,0,0,0,0,0
]Λμ‹ζΒθ’¬‚V’–Ϊ,26,0,0,0,2,0,2,0,0,0,0,0,0,0,0,0,0,0,0,21,0,0,7,3,0,0,0,0,0,6,5,3,1,0,0,0,2
]Λμ‹ζΒθ’¬‚W’–Ϊ,1,0,0,0,0,0,0,0,0,0,0,0,0,0,0,0,0,0,0,1,0,0,1,0,0,0,0,0,0,0,0,0,0,0,0,0,0
]Λμ‹ζ‰ΊΒθ’¬,4,0,0,0,0,0,0,0,0,0,0,0,0,0,0,0,0,0,0,2,0,0,0,0,0,0,0,0,0,0,2,2,0,0,0,0,2
]Λμ‹ζ’†‰›‚P’–Ϊ,29,0,0,0,2,0,2,0,0,0,0,0,0,0,0,0,0,0,0,23,0,0,12,0,0,0,0,0,0,8,3,4,1,0,0,0,3
]Λμ‹ζ’†‰›‚Q’–Ϊ,6,0,0,0,1,0,0,0,1,0,0,0,0,0,0,0,0,0,0,1,0,0,1,0,0,0,0,0,0,0,0,4,3,0,0,0,1
]Λμ‹ζ’†‰›‚R’–Ϊ,8,0,0,0,2,0,1,0,0,1,0,0,0,0,0,0,0,0,0,3,0,0,1,0,0,0,0,0,0,2,0,3,0,0,0,0,3
]Λμ‹ζ’†‰›‚S’–Ϊ,11,0,0,0,2,0,1,1,0,0,0,0,0,0,0,0,0,0,0,5,0,0,0,0,0,0,0,0,0,0,5,4,1,0,0,0,3
]Λμ‹ζ’†‹Ό‚P’–Ϊ,15,0,0,0,1,0,0,1,0,0,0,0,0,0,0,0,0,0,0,11,0,1,6,0,0,0,0,0,0,0,4,3,2,0,0,0,1
]Λμ‹ζ’†‹Ό‚Q’–Ϊ,14,0,0,0,0,0,0,0,0,0,0,0,0,0,0,0,0,0,0,11,0,1,4,0,1,0,0,0,0,3,2,3,0,0,0,0,3
]Λμ‹ζ’†‹Ό‚R’–Ϊ,30,0,0,0,3,0,0,3,0,0,0,0,0,0,0,0,0,0,0,20,0,0,13,0,0,0,0,0,0,5,2,7,3,1,0,0,3
]Λμ‹ζ’†‹Ό‚S’–Ϊ,10,0,0,0,1,0,0,0,0,1,0,0,0,0,0,0,0,0,0,5,0,0,3,0,0,0,0,0,0,0,2,4,1,0,0,0,3
]Λμ‹ζ’†‹Ό‚T’–Ϊ,39,0,0,0,6,0,2,3,1,0,0,0,0,0,0,0,0,0,0,28,0,0,18,1,0,1,0,1,1,3,3,5,1,1,0,0,3
]Λμ‹ζ’†‹Ό‚U’–Ϊ,7,0,0,0,0,0,0,0,0,0,2,0,0,0,0,0,0,0,2,3,0,0,1,1,0,0,0,0,0,0,1,2,1,0,0,0,1
]Λμ‹ζ’†‹Ό‚V’–Ϊ,11,1,0,1,0,0,0,0,0,0,0,0,0,0,0,0,0,0,0,7,0,0,5,0,0,0,0,0,0,0,2,3,2,0,0,0,1
]Λμ‹ζ’†‹Ό‚W’–Ϊ,10,0,0,0,4,0,2,0,0,2,0,0,0,0,0,0,0,0,0,6,0,0,5,0,0,0,0,0,0,0,1,0,0,0,0,0,0
]Λμ‹ζV–x‚P’–Ϊ,3,0,0,0,0,0,0,0,0,0,0,0,0,0,0,0,0,0,0,2,0,1,0,0,0,0,0,0,0,0,1,1,1,0,0,0,0
]Λμ‹ζV–x‚Q’–Ϊ,3,0,0,0,0,0,0,0,0,0,0,0,0,0,0,0,0,0,0,3,0,0,3,0,0,0,0,0,0,0,0,0,0,0,0,0,0
]Λμ‹ζΌκ”V]‚P’–Ϊ,4,0,0,0,0,0,0,0,0,0,0,0,0,0,0,0,0,0,0,2,0,0,1,0,0,0,0,0,0,0,1,2,0,0,0,0,2
]Λμ‹ζΌκ”V]‚Q’–Ϊ,7,0,0,0,0,0,0,0,0,0,0,0,0,0,0,0,0,0,0,6,0,0,4,0,0,0,0,0,0,1,1,1,1,0,0,0,0
]Λμ‹ζΌκ”V]‚R’–Ϊ,4,0,0,0,0,0,0,0,0,0,0,0,0,0,0,0,0,0,0,2,0,0,1,1,0,0,0,0,0,0,0,2,2,0,0,0,0
]Λμ‹ζΌκ”V]‚S’–Ϊ,6,0,0,0,0,0,0,0,0,0,0,0,0,0,0,0,0,0,0,6,0,0,0,1,0,0,0,0,0,2,3,0,0,0,0,0,0
]Λμ‹ζΌ‹Ό‚P’–Ϊ,7,1,0,1,0,0,0,0,0,0,2,0,0,0,0,1,0,0,1,3,0,0,2,0,0,0,0,0,0,0,1,1,0,0,0,0,1
]Λμ‹ζΌ‹Ό‚Q’–Ϊ,9,0,0,0,2,0,0,2,0,0,0,0,0,0,0,0,0,0,0,3,0,0,2,0,0,0,0,0,0,0,1,4,1,0,0,0,3
]Λμ‹ζΌ‹Ό‚R’–Ϊ,42,0,0,0,3,0,3,0,0,0,0,0,0,0,0,0,0,0,0,34,0,1,17,0,0,1,0,0,0,10,5,5,2,0,0,0,3
]Λμ‹ζΌ‹Ό‚S’–Ϊ,19,0,0,0,1,0,0,1,0,0,0,0,0,0,0,0,0,0,0,14,0,0,8,0,0,0,0,0,0,4,2,4,3,0,0,0,1
]Λμ‹ζΌ‹Ό‚T’–Ϊ,13,0,0,0,2,0,1,1,0,0,0,0,0,0,0,0,0,0,0,9,0,0,5,0,0,0,0,0,0,0,4,2,2,0,0,0,0
]Λμ‹ζΌ‹Ό‚U’–Ϊ,41,0,0,0,4,0,2,2,0,0,0,0,0,0,0,0,0,0,0,27,0,0,14,1,0,0,0,0,0,3,9,10,3,1,0,0,6
]Λμ‹ζΌ‹Ό‚V’–Ϊ,9,0,0,0,0,0,0,0,0,0,0,0,0,0,0,0,0,0,0,8,0,0,6,0,0,0,0,0,0,1,1,1,1,0,0,0,0
]Λμ‹ζΌ‹Ό‚W’–Ϊ,11,0,0,0,0,0,0,0,0,0,0,0,0,0,0,0,0,0,0,5,0,0,4,0,0,0,0,0,0,0,1,6,0,0,0,0,6
]Λμ‹ζΌ¬β‚P’–Ϊ,58,1,0,1,11,0,5,6,0,0,0,0,0,0,0,0,0,0,0,39,0,1,23,0,0,0,1,0,0,7,7,7,2,0,0,0,5
]Λμ‹ζΌ¬β‚Q’–Ϊ,6,0,0,0,0,0,0,0,0,0,0,0,0,0,0,0,0,0,0,6,0,1,5,0,0,0,0,0,0,0,0,0,0,0,0,0,0
]Λμ‹ζΌ¬β‚R’–Ϊ,12,0,0,0,0,0,0,0,0,0,0,0,0,0,0,0,0,0,0,10,0,0,1,2,0,0,0,0,0,7,0,2,1,0,0,0,1
]Λμ‹ζΌ¬β‚S’–Ϊ,4,0,0,0,0,0,0,0,0,0,0,0,0,0,0,0,0,0,0,4,0,0,2,0,0,0,0,0,0,1,1,0,0,0,0,0,0
]Λμ‹ζΌ¬β‚T’–Ϊ,7,0,0,0,1,0,0,1,0,0,0,0,0,0,0,0,0,0,0,5,0,1,3,0,0,0,0,0,0,0,1,1,0,0,0,0,1
]Λμ‹ζΌ¬Όμ’¬,7,0,0,0,1,0,0,1,0,0,1,0,0,1,0,0,0,0,0,4,0,0,2,2,0,0,0,0,0,0,0,1,1,0,0,0,0
]Λμ‹ζΌ]‚R’–Ϊ,8,0,0,0,0,0,0,0,0,0,0,0,0,0,0,0,0,0,0,5,0,0,3,1,0,0,0,0,0,1,0,3,1,0,0,0,2
]Λμ‹ζΌ]‚S’–Ϊ,8,0,0,0,0,0,0,0,0,0,0,0,0,0,0,0,0,0,0,7,0,0,3,1,0,0,0,1,0,0,2,1,1,0,0,0,0
]Λμ‹ζΌ]‚T’–Ϊ,4,0,0,0,0,0,0,0,0,0,0,0,0,0,0,0,0,0,0,4,0,1,2,0,0,0,0,0,0,0,1,0,0,0,0,0,0
]Λμ‹ζ“ρ”V]’¬,4,0,0,0,0,0,0,0,0,0,0,0,0,0,0,0,0,0,0,2,0,0,1,0,0,0,0,0,0,0,1,2,2,0,0,0,0
]Λμ‹ζt]’¬‚P’–Ϊ,2,0,0,0,0,0,0,0,0,0,0,0,0,0,0,0,0,0,0,1,0,0,1,0,0,0,0,0,0,0,0,1,1,0,0,0,0
]Λμ‹ζt]’¬‚Q’–Ϊ,12,0,0,0,0,0,0,0,0,0,0,0,0,0,0,0,0,0,0,9,0,0,5,1,0,0,0,0,0,2,1,3,1,0,0,0,2
]Λμ‹ζt]’¬‚R’–Ϊ,8,0,0,0,0,0,0,0,0,0,0,0,0,0,0,0,0,0,0,5,0,0,0,3,0,0,0,0,0,0,2,3,2,0,1,0,0
]Λμ‹ζt]’¬‚T’–Ϊ,9,0,0,0,0,0,0,0,0,0,0,0,0,0,0,0,0,0,0,5,0,0,3,0,0,0,0,0,0,0,2,4,2,0,0,0,2
]Λμ‹ζ“‹Ό‚P’–Ϊ,11,1,0,1,0,0,0,0,0,0,0,0,0,0,0,0,0,0,0,7,0,0,3,0,0,0,0,0,0,3,1,3,1,0,0,0,2
]Λμ‹ζ“‹Ό‚Q’–Ϊ,4,1,0,1,0,0,0,0,0,0,0,0,0,0,0,0,0,0,0,3,0,0,2,0,0,1,0,0,0,0,0,0,0,0,0,0,0
]Λμ‹ζ“‹Ό‚R’–Ϊ,4,0,0,0,0,0,0,0,0,0,0,0,0,0,0,0,0,0,0,1,0,0,0,0,0,0,0,0,0,1,0,3,2,0,0,0,1
]Λμ‹ζ“‹Ό‚S’–Ϊ,11,0,0,0,2,0,1,1,0,0,0,0,0,0,0,0,0,0,0,3,0,0,2,0,0,0,0,0,0,0,1,6,1,0,0,0,5
]Λμ‹ζ“‹Ό‚T’–Ϊ,28,1,0,1,1,0,1,0,0,0,0,0,0,0,0,0,0,0,0,16,0,0,9,0,0,0,0,0,0,4,3,10,7,1,0,0,2
]Λμ‹ζ“‹Ό‚U’–Ϊ,46,1,0,1,0,0,0,0,0,0,1,0,0,0,1,0,0,0,0,40,0,0,21,1,0,0,0,0,0,10,8,4,1,0,0,0,3
]Λμ‹ζ“‹Ό‚V’–Ϊ,13,0,0,0,1,0,1,0,0,0,0,0,0,0,0,0,0,0,0,9,0,0,4,1,0,0,0,0,0,3,1,3,1,1,0,0,1
]Λμ‹ζ“‹Ό‚W’–Ϊ,14,1,0,1,1,0,0,0,1,0,0,0,0,0,0,0,0,0,0,4,0,0,3,0,0,0,0,0,0,0,1,8,0,0,0,0,8
]Λμ‹ζ“‹Ό‚X’–Ϊ,52,0,0,0,0,0,0,0,0,0,1,0,0,0,1,0,0,0,0,44,0,0,14,4,0,0,0,0,0,19,7,7,2,0,1,0,4
]Λμ‹ζ“¬β‚P’–Ϊ,7,0,0,0,0,0,0,0,0,0,0,0,0,0,0,0,0,0,0,4,0,0,3,0,0,0,0,0,0,0,1,3,2,0,0,0,1
]Λμ‹ζ“¬β‚Q’–Ϊ,3,0,0,0,0,0,0,0,0,0,0,0,0,0,0,0,0,0,0,2,0,1,0,0,0,0,0,0,0,0,1,1,0,0,0,0,1
]Λμ‹ζ“¬β‚R’–Ϊ,3,0,0,0,0,0,0,0,0,0,0,0,0,0,0,0,0,0,0,3,0,0,1,0,0,1,0,0,0,0,1,0,0,0,0,0,0
]Λμ‹ζ“¬β‚S’–Ϊ,4,0,0,0,0,0,0,0,0,0,0,0,0,0,0,0,0,0,0,4,0,0,2,0,0,0,0,0,0,1,1,0,0,0,0,0,0
]Λμ‹ζ“¬β‚T’–Ϊ,5,1,1,0,0,0,0,0,0,0,0,0,0,0,0,0,0,0,0,2,0,0,2,0,0,0,0,0,0,0,0,2,1,0,0,0,1
]Λμ‹ζ“¬β‚U’–Ϊ,8,0,0,0,0,0,0,0,0,0,1,0,0,0,0,1,0,0,0,6,0,0,6,0,0,0,0,0,0,0,0,1,0,1,0,0,0
]Λμ‹ζ“¬Όμ‚P’–Ϊ,11,1,0,1,2,0,2,0,0,0,0,0,0,0,0,0,0,0,0,3,0,0,2,0,0,0,0,0,0,0,1,5,1,1,0,0,3
]Λμ‹ζ“¬Όμ‚Q’–Ϊ,6,0,0,0,0,0,0,0,0,0,0,0,0,0,0,0,0,0,0,2,0,0,1,0,0,0,0,0,0,0,1,4,0,0,0,0,4
]Λμ‹ζ“¬Όμ‚R’–Ϊ,9,0,0,0,0,0,0,0,0,0,0,0,0,0,0,0,0,0,0,7,0,0,4,0,0,0,0,0,0,0,3,2,0,1,0,0,1
]Λμ‹ζ“¬Όμ‚S’–Ϊ,4,0,0,0,0,0,0,0,0,0,1,0,0,0,0,1,0,0,0,3,0,0,3,0,0,0,0,0,0,0,0,0,0,0,0,0,0
]Λμ‹ζ“]‚P’–Ϊ,10,0,0,0,1,0,0,1,0,0,1,0,0,0,0,0,0,0,1,6,0,0,2,0,0,0,0,0,0,2,2,2,0,0,0,0,2
]Λμ‹ζ“]‚Q’–Ϊ,2,0,0,0,0,0,0,0,0,0,0,0,0,0,0,0,0,0,0,2,0,0,2,0,0,0,0,0,0,0,0,0,0,0,0,0,0
]Λμ‹ζ“]‚R’–Ϊ,3,0,0,0,0,0,0,0,0,0,0,0,0,0,0,0,0,0,0,3,0,0,2,0,0,0,0,0,0,0,1,0,0,0,0,0,0
]Λμ‹ζ•½δ‚P’–Ϊ,9,0,0,0,1,0,1,0,0,0,1,0,0,0,0,1,0,0,0,4,0,0,2,0,0,0,0,0,0,1,1,3,0,0,0,0,3
]Λμ‹ζ•½δ‚Q’–Ϊ,9,0,0,0,1,0,0,1,0,0,0,0,0,0,0,0,0,0,0,8,0,0,1,1,0,0,0,0,0,4,2,0,0,0,0,0,0
]Λμ‹ζ•½δ‚R’–Ϊ,17,0,0,0,1,0,1,0,0,0,0,0,0,0,0,0,0,0,0,12,0,0,5,1,0,0,1,0,1,2,2,4,1,0,0,0,3
]Λμ‹ζ•½δ‚S’–Ϊ,17,0,0,0,1,0,0,1,0,0,0,0,0,0,0,0,0,0,0,14,0,0,4,1,0,0,0,0,0,6,3,2,2,0,0,0,0
]Λμ‹ζ•½δ‚T’–Ϊ,18,0,0,0,3,0,1,2,0,0,0,0,0,0,0,0,0,0,0,12,0,0,8,0,0,0,0,0,0,1,3,3,2,0,0,0,1
]Λμ‹ζ•½δ‚U’–Ϊ,29,0,0,0,1,0,1,0,0,0,1,0,0,0,0,0,0,0,1,23,0,0,7,0,0,1,0,0,0,2,13,4,0,1,0,0,3
]Λμ‹ζ•½δ‚V’–Ϊ,25,0,0,0,1,0,0,1,0,0,0,0,0,0,0,0,0,0,0,17,0,0,5,0,0,0,0,0,0,1,11,7,3,1,0,0,3
]Λμ‹ζ‘D–x‚P’–Ϊ,30,0,0,0,2,0,1,1,0,0,0,0,0,0,0,0,0,0,0,17,0,0,5,1,0,0,0,0,0,5,6,11,2,2,1,0,6
]Λμ‹ζ‘D–x‚Q’–Ϊ,9,0,0,0,0,0,0,0,0,0,1,0,0,0,0,0,0,0,1,5,0,0,1,1,0,0,0,0,0,0,3,3,1,0,0,0,2
]Λμ‹ζ‘D–x‚R’–Ϊ,42,0,0,0,8,0,4,3,1,0,0,0,0,0,0,0,0,0,0,27,0,0,26,0,0,0,0,0,0,0,1,7,1,1,1,0,4
]Λμ‹ζ‘D–x‚S’–Ϊ,12,0,0,0,1,0,1,0,0,0,0,0,0,0,0,0,0,0,0,9,0,0,6,0,0,0,0,0,0,3,0,2,0,0,0,0,2
]Λμ‹ζ‘D–x‚T’–Ϊ,3,0,0,0,0,0,0,0,0,0,0,0,0,0,0,0,0,0,0,1,0,1,0,0,0,0,0,0,0,0,0,2,2,0,0,0,0
]Λμ‹ζ‘D–x‚U’–Ϊ,2,0,0,0,1,0,0,1,0,0,0,0,0,0,0,0,0,0,0,1,0,0,1,0,0,0,0,0,0,0,0,0,0,0,0,0,0
]Λμ‹ζ‘D–x‚V’–Ϊ,9,1,0,1,0,0,0,0,0,0,0,0,0,0,0,0,0,0,0,7,0,0,2,1,0,0,0,0,0,1,3,1,0,0,0,0,1
]Λμ‹ζΌ]‚P’–Ϊ,9,0,0,0,1,0,0,1,0,0,0,0,0,0,0,0,0,0,0,8,0,0,3,1,0,0,0,0,0,3,1,0,0,0,0,0,0
]Λμ‹ζΌ]‚Q’–Ϊ,4,0,0,0,0,0,0,0,0,0,0,0,0,0,0,0,0,0,0,4,0,0,3,0,0,0,0,0,0,0,1,0,0,0,0,0,0
]Λμ‹ζΌ]‚R’–Ϊ,10,0,0,0,0,0,0,0,0,0,0,0,0,0,0,0,0,0,0,9,0,0,4,0,0,0,0,0,0,4,1,1,0,0,0,0,1
]Λμ‹ζΌ]‚S’–Ϊ,4,0,0,0,1,0,0,1,0,0,0,0,0,0,0,0,0,0,0,3,0,0,1,1,0,0,0,0,0,1,0,0,0,0,0,0,0
]Λμ‹ζΌ]‚T’–Ϊ,12,1,1,0,0,0,0,0,0,0,0,0,0,0,0,0,0,0,0,6,0,1,4,0,0,1,0,0,0,0,0,5,1,1,0,0,3
]Λμ‹ζΌ]‚U’–Ϊ,5,0,0,0,0,0,0,0,0,0,0,0,0,0,0,0,0,0,0,4,0,0,1,1,0,0,0,0,0,0,2,1,0,0,0,0,1
]Λμ‹ζΌ]‚V’–Ϊ,3,0,0,0,0,0,0,0,0,0,0,0,0,0,0,0,0,0,0,3,0,0,1,0,0,0,0,0,0,1,1,0,0,0,0,0,0
]Λμ‹ζΌ“‡‚P’–Ϊ,11,0,0,0,1,0,0,1,0,0,0,0,0,0,0,0,0,0,0,5,0,0,2,0,0,0,0,0,0,3,0,5,3,1,0,0,1
]Λμ‹ζΌ“‡‚Q’–Ϊ,9,0,0,0,2,0,1,1,0,0,0,0,0,0,0,0,0,0,0,4,0,0,3,0,0,0,0,0,0,0,1,3,2,1,0,0,0
]Λμ‹ζΌ“‡‚R’–Ϊ,23,0,0,0,0,0,0,0,0,0,2,0,0,0,0,0,0,1,1,13,0,1,4,2,0,0,1,0,0,1,4,8,1,3,0,0,4
]Λμ‹ζΌ“‡‚S’–Ϊ,13,0,0,0,1,0,0,1,0,0,0,0,0,0,0,0,0,0,0,9,0,0,2,2,0,0,0,0,0,4,1,3,1,0,0,0,2
]Λμ‹ζ“μ‹Ό‚P’–Ϊ,2,0,0,0,0,0,0,0,0,0,0,0,0,0,0,0,0,0,0,2,0,0,0,0,0,0,0,0,0,1,1,0,0,0,0,0,0
]Λμ‹ζ“μ‹Ό‚Q’–Ϊ,13,0,0,0,1,0,1,0,0,0,0,0,0,0,0,0,0,0,0,10,0,0,6,0,0,0,0,0,0,2,2,2,1,0,0,0,1
]Λμ‹ζ“μ‹Ό‚R’–Ϊ,13,0,0,0,0,0,0,0,0,0,0,0,0,0,0,0,0,0,0,12,0,1,8,0,0,0,0,0,0,0,3,1,0,0,0,0,1
]Λμ‹ζ“μ‹Ό‚S’–Ϊ,16,0,0,0,1,0,0,0,1,0,1,0,0,0,0,0,0,0,1,9,0,0,4,1,0,0,0,0,0,2,2,5,0,1,0,0,4
]Λμ‹ζ“μ‹Ό‚T’–Ϊ,17,0,0,0,0,0,0,0,0,0,0,0,0,0,0,0,0,0,0,13,0,0,11,0,0,0,0,0,0,0,2,4,2,0,0,0,2
]Λμ‹ζ“μ‹Ό‚U’–Ϊ,13,0,0,0,1,0,0,1,0,0,1,0,0,0,0,1,0,0,0,8,0,0,6,0,0,0,0,0,0,0,2,3,1,0,0,0,2
]Λμ‹ζ“μ‹Ό‚V’–Ϊ,4,0,0,0,0,0,0,0,0,0,0,0,0,0,0,0,0,0,0,1,0,0,0,0,0,0,0,0,0,0,1,3,1,0,0,0,2
]Λμ‹ζ“μ¬β‚P’–Ϊ,6,0,0,0,1,0,1,0,0,0,0,0,0,0,0,0,0,0,0,4,0,1,2,0,0,0,0,0,0,1,0,1,0,0,0,0,1
]Λμ‹ζ“μ¬β‚Q’–Ϊ,5,0,0,0,1,0,0,0,0,1,0,0,0,0,0,0,0,0,0,3,0,0,3,0,0,0,0,0,0,0,0,1,0,0,0,0,1
]Λμ‹ζ“μ¬β‚R’–Ϊ,10,0,0,0,0,0,0,0,0,0,0,0,0,0,0,0,0,0,0,8,0,0,7,0,0,0,0,0,0,1,0,2,1,0,0,0,1
]Λμ‹ζ“μ¬β‚S’–Ϊ,14,0,0,0,0,0,0,0,0,0,1,0,0,0,0,1,0,0,0,7,0,0,7,0,0,0,0,0,0,0,0,6,3,0,0,0,3
]Λμ‹ζ“μ¬β‚T’–Ϊ,4,0,0,0,0,0,0,0,0,0,1,0,0,1,0,0,0,0,0,1,0,0,0,0,0,1,0,0,0,0,0,2,2,0,0,0,0
]Λμ‹ζ“μ¬β‚U’–Ϊ,25,0,0,0,4,0,2,2,0,0,0,0,0,0,0,0,0,0,0,17,0,1,7,0,0,0,0,0,0,5,4,4,0,0,0,0,4
]Λμ‹ζ“μ¬β‚V’–Ϊ,67,0,0,0,11,0,6,4,0,1,0,0,0,0,0,0,0,0,0,44,0,0,13,3,0,0,0,0,0,21,7,12,2,1,0,0,9
]Λμ‹ζ“μ¬β‚W’–Ϊ,34,0,0,0,3,0,0,3,0,0,2,0,0,0,2,0,0,0,0,19,0,0,14,0,0,0,0,0,0,1,4,10,0,2,0,0,8
]Λμ‹ζ“μΒθ’¬‚P’–Ϊ,12,0,0,0,1,0,0,0,1,0,1,0,0,0,0,0,0,1,0,4,0,0,2,0,0,0,0,0,0,0,2,6,3,0,0,0,3
]Λμ‹ζ“μΒθ’¬‚Q’–Ϊ,11,0,0,0,2,0,0,2,0,0,0,0,0,0,0,0,0,0,0,7,0,0,6,0,0,0,0,0,0,0,1,2,1,0,0,0,1
]Λμ‹ζ“μΒθ’¬‚R’–Ϊ,7,0,0,0,0,0,0,0,0,0,0,0,0,0,0,0,0,0,0,5,0,1,2,1,0,0,0,0,0,1,0,2,1,0,0,0,1
]Λμ‹ζ“μΒθ’¬‚S’–Ϊ,6,0,0,0,0,0,0,0,0,0,0,0,0,0,0,0,0,0,0,5,0,0,3,1,0,0,0,0,0,1,0,1,1,0,0,0,0
]Λμ‹ζ“μΒθ’¬‚T’–Ϊ,6,0,0,0,0,0,0,0,0,0,0,0,0,0,0,0,0,0,0,6,0,0,3,0,0,0,0,0,0,0,3,0,0,0,0,0,0
]Λμ‹ζ΄V’¬‚P’–Ϊ,25,0,0,0,0,0,0,0,0,0,0,0,0,0,0,0,0,0,0,20,0,2,13,0,0,0,0,0,0,1,4,5,1,1,0,0,3
]Λμ‹ζ΄V’¬‚Q’–Ϊ,4,0,0,0,0,0,0,0,0,0,0,0,0,0,0,0,0,0,0,2,0,0,1,1,0,0,0,0,0,0,0,2,1,0,0,0,1
]Λμ‹ζ—ΥC’¬‚P’–Ϊ,2,0,0,0,0,0,0,0,0,0,0,0,0,0,0,0,0,0,0,2,0,0,2,0,0,0,0,0,0,0,0,0,0,0,0,0,0
]Λμ‹ζ—ΥC’¬‚Q’–Ϊ,10,0,0,0,1,0,1,0,0,0,0,0,0,0,0,0,0,0,0,4,0,1,2,1,0,0,0,0,0,0,0,5,1,0,0,0,4
]Λμ‹ζ—ΥC’¬‚R’–Ϊ,5,0,0,0,3,0,1,2,0,0,1,0,0,0,0,0,0,0,1,1,0,0,0,0,0,0,0,0,0,0,1,0,0,0,0,0,0
]Λμ‹ζ—ΥC’¬‚S’–Ϊ,1,0,0,0,0,0,0,0,0,0,0,0,0,0,0,0,0,0,0,1,0,0,0,0,0,0,0,0,0,0,1,0,0,0,0,0,0
]Λμ‹ζ—ΥC’¬‚T’–Ϊ,6,0,0,0,0,0,0,0,0,0,0,0,0,0,0,0,0,0,0,2,0,0,1,0,0,0,0,0,0,0,1,4,1,0,1,0,2
]Λμ‹ζ—ΥC’¬‚U’–Ϊ,33,1,0,1,2,0,2,0,0,0,0,0,0,0,0,0,0,0,0,21,0,2,11,1,0,0,0,0,0,0,7,9,0,2,0,0,7
]Λμ‹ζ‘ε™‚P’–Ϊ,5,0,0,0,0,0,0,0,0,0,1,0,0,0,0,0,0,0,1,4,0,1,3,0,0,0,0,0,0,0,0,0,0,0,0,0,0
]Λμ‹ζ‘ε™‚Q’–Ϊ,7,0,0,0,1,0,0,1,0,0,0,0,0,0,0,0,0,0,0,3,0,0,3,0,0,0,0,0,0,0,0,3,2,0,0,0,1
]Λμ‹ζ‘ε™‚R’–Ϊ,6,0,0,0,0,0,0,0,0,0,0,0,0,0,0,0,0,0,0,6,0,0,2,0,0,0,0,0,0,3,1,0,0,0,0,0,0
]Λμ‹ζ‘ε™‚S’–Ϊ,4,0,0,0,0,0,0,0,0,0,0,0,0,0,0,0,0,0,0,2,0,1,1,0,0,0,0,0,0,0,0,2,0,0,0,0,2
]Λμ‹ζ‘ε™‚T’–Ϊ,12,0,0,0,1,0,0,1,0,0,1,0,0,0,0,1,0,0,0,9,1,0,7,0,0,0,0,0,0,0,1,1,1,0,0,0,0
]Λμ‹ζγκF‚P’–Ϊ,6,0,0,0,0,0,0,0,0,0,0,0,0,0,0,0,0,0,0,5,0,1,3,0,0,0,0,0,0,0,1,1,0,1,0,0,0
]Λμ‹ζγκF‚Q’–Ϊ,2,0,0,0,1,0,0,0,1,0,0,0,0,0,0,0,0,0,0,1,0,1,0,0,0,0,0,0,0,0,0,0,0,0,0,0,0
]Λμ‹ζγκF‚R’–Ϊ,4,0,0,0,0,0,0,0,0,0,1,0,0,0,0,0,0,1,0,2,0,0,1,0,0,0,0,0,0,0,1,1,0,0,0,0,1
]Λμ‹ζ–{κF‚P’–Ϊ,10,0,0,0,0,0,0,0,0,0,0,0,0,0,0,0,0,0,0,7,0,0,3,0,0,0,0,0,0,3,1,3,0,1,0,0,2
]Λμ‹ζ–{κF‚Q’–Ϊ,2,0,0,0,0,0,0,0,0,0,1,0,0,0,0,1,0,0,0,1,0,0,1,0,0,0,0,0,0,0,0,0,0,0,0,0,0
]Λμ‹ζ–{κF‚R’–Ϊ,5,0,0,0,1,0,1,0,0,0,0,0,0,0,0,0,0,0,0,3,0,0,1,0,0,0,0,0,0,1,1,1,0,0,0,0,1
]Λμ‹ζΌ–{‚P’–Ϊ,8,0,0,0,0,0,0,0,0,0,0,0,0,0,0,0,0,0,0,7,0,0,7,0,0,0,0,0,0,0,0,1,0,0,0,0,1
]Λμ‹ζΌ–{‚Q’–Ϊ,3,0,0,0,0,0,0,0,0,0,1,0,0,0,0,1,0,0,0,2,0,0,1,1,0,0,0,0,0,0,0,0,0,0,0,0,0
]Λμ‹ζ“Βθ‚P’–Ϊ,13,2,0,2,0,0,0,0,0,0,2,0,1,0,0,0,0,0,1,4,0,0,3,0,0,0,0,0,0,0,1,5,0,1,0,0,4
]Λμ‹ζ“Βθ‚Q’–Ϊ,2,0,0,0,0,0,0,0,0,0,0,0,0,0,0,0,0,0,0,2,0,0,2,0,0,0,0,0,0,0,0,0,0,0,0,0,0
]Λμ‹ζ]‚P’–Ϊ,10,0,0,0,0,0,0,0,0,0,0,0,0,0,0,0,0,0,0,10,0,0,3,2,0,0,0,0,0,4,1,0,0,0,0,0,0
]Λμ‹ζ]‚Q’–Ϊ,49,0,0,0,5,1,3,1,0,0,0,0,0,0,0,0,0,0,0,33,0,0,17,2,0,0,0,0,0,6,8,11,2,2,0,0,7
]Λμ‹ζ]‚R’–Ϊ,1,0,0,0,0,0,0,0,0,0,0,0,0,0,0,0,0,0,0,1,0,0,1,0,0,0,0,0,0,0,0,0,0,0,0,0,0
]Λμ‹ζ]‚S’–Ϊ,9,0,0,0,0,0,0,0,0,0,0,0,0,0,0,0,0,0,0,5,0,0,4,0,0,0,0,0,0,1,0,4,1,2,0,0,1
]Λμ‹ζγΒθ‚P’–Ϊ,5,0,0,0,3,0,0,1,1,1,1,0,0,0,0,0,0,0,1,1,0,0,0,0,0,0,0,0,0,0,1,0,0,0,0,0,0
]Λμ‹ζγΒθ‚Q’–Ϊ,7,0,0,0,0,0,0,0,0,0,0,0,0,0,0,0,0,0,0,3,0,0,1,1,0,0,0,0,0,0,1,4,2,0,0,0,2
]Λμ‹ζγΒθ‚R’–Ϊ,7,0,0,0,0,0,0,0,0,0,1,0,0,0,0,1,0,0,0,3,0,1,2,0,0,0,0,0,0,0,0,3,1,1,0,0,1
]Λμ‹ζγΒθ‚S’–Ϊ,2,0,0,0,1,0,0,1,0,0,0,0,0,0,0,0,0,0,0,1,0,0,0,0,0,0,0,0,0,0,1,0,0,0,0,0,0
]Λμ‹ζ–kΒθ‚P’–Ϊ,1,0,0,0,0,0,0,0,0,0,0,0,0,0,0,0,0,0,0,0,0,0,0,0,0,0,0,0,0,0,0,1,0,0,0,0,1
]Λμ‹ζ–kΒθ‚Q’–Ϊ,4,0,0,0,0,0,0,0,0,0,0,0,0,0,0,0,0,0,0,4,1,0,2,0,0,0,0,0,0,0,1,0,0,0,0,0,0
]Λμ‹ζ’J‰Ν“ΰ‚P’–Ϊ,2,0,0,0,0,0,0,0,0,0,0,0,0,0,0,0,0,0,0,2,0,0,2,0,0,0,0,0,0,0,0,0,0,0,0,0,0
]Λμ‹ζ’J‰Ν“ΰ‚Q’–Ϊ,3,0,0,0,1,0,1,0,0,0,0,0,0,0,0,0,0,0,0,2,0,0,1,0,0,0,0,0,0,0,1,0,0,0,0,0,0
]Λμ‹ζ“Ό–{‚P’–Ϊ,2,0,0,0,1,0,0,0,1,0,0,0,0,0,0,0,0,0,0,0,0,0,0,0,0,0,0,0,0,0,0,1,0,0,0,0,1
]Λμ‹ζ“Ό–{‚Q’–Ϊ,4,0,0,0,0,0,0,0,0,0,0,0,0,0,0,0,0,0,0,3,0,0,2,0,0,0,0,0,0,0,1,1,0,0,0,0,1
]Λμ‹ζΌΒθ‚P’–Ϊ,3,0,0,0,0,0,0,0,0,0,0,0,0,0,0,0,0,0,0,2,0,0,2,0,0,0,0,0,0,0,0,1,0,0,0,0,1
]Λμ‹ζ–x]’¬,1,0,0,0,0,0,0,0,0,0,0,0,0,0,0,0,0,0,0,1,0,0,0,0,0,0,0,0,0,0,1,0,0,0,0,0,0
]Λμ‹ζv,2071,17,2,15,160,1,70,69,13,7,39,3,1,3,4,12,0,3,13,1374,2,38,718,69,1,10,3,2,3,245,283,481,148,42,9,0,282
”ª‰¤qs‹Ε’¬‚P’–Ϊ,11,0,0,0,2,0,1,1,0,0,0,0,0,0,0,0,0,0,0,8,0,0,0,1,0,0,0,0,0,5,2,1,0,0,0,0,1
”ª‰¤qs‹Ε’¬‚Q’–Ϊ,3,0,0,0,0,0,0,0,0,0,0,0,0,0,0,0,0,0,0,1,0,0,1,0,0,0,0,0,0,0,0,2,0,0,0,0,2
”ª‰¤qs®’¬,116,0,0,0,10,0,9,1,0,0,1,1,0,0,0,0,0,0,0,82,0,3,13,0,0,0,0,0,4,45,17,23,5,6,0,0,12
”ª‰¤qs“’¬,23,0,0,0,4,0,3,1,0,0,0,0,0,0,0,0,0,0,0,13,0,0,3,0,0,0,0,0,0,7,3,6,5,0,0,0,1
”ª‰¤qsΞμ’¬,46,0,0,0,3,0,0,3,0,0,1,0,0,0,0,0,0,0,1,26,0,5,12,6,0,0,0,0,0,2,1,16,6,0,0,0,10
”ª‰¤qsς’¬,3,0,0,0,0,0,0,0,0,0,0,0,0,0,0,0,0,0,0,2,0,0,2,0,0,0,0,0,0,0,0,1,1,0,0,0,0
”ª‰¤qsΆ–Ϊ’¬,17,1,0,1,2,0,0,2,0,0,1,0,0,0,0,0,0,0,1,6,0,0,2,0,0,1,0,0,0,0,3,7,2,1,0,0,4
”ª‰¤qsγ–μ’¬,4,0,0,0,0,0,0,0,0,0,1,0,0,0,0,0,0,0,1,2,0,0,1,0,0,0,0,0,0,0,1,1,0,0,0,0,1
”ª‰¤qs‘Ε‰z’¬,19,0,0,0,2,0,1,1,0,0,1,0,0,0,0,1,0,0,0,9,0,0,4,3,0,0,0,0,0,1,1,7,3,1,0,0,3
”ª‰¤qs‰F’Γ–Ψ’¬,7,0,0,0,0,0,0,0,0,0,0,0,0,0,0,0,0,0,0,3,0,0,1,0,0,0,0,0,0,0,2,4,1,0,0,0,3
”ª‰¤qs‰F’ΓΡ’¬,2,0,0,0,0,0,0,0,0,0,1,0,0,1,0,0,0,0,0,1,0,0,1,0,0,0,0,0,0,0,0,0,0,0,0,0,0
”ª‰¤qs— ‚”φ’¬,2,0,0,0,0,0,0,0,0,0,1,0,0,0,0,0,0,0,1,0,0,0,0,0,0,0,0,0,0,0,0,1,0,0,0,0,1
”ª‰¤qs’Η•ª’¬,5,0,0,0,0,0,0,0,0,0,0,0,0,0,0,0,0,0,0,2,0,0,2,0,0,0,0,0,0,0,0,3,0,1,0,0,2
”ª‰¤qs‘ε’Λ,41,0,0,0,0,0,0,0,0,0,0,0,0,0,0,0,0,0,0,34,0,2,23,0,0,0,0,0,0,2,7,7,2,3,0,0,2
”ª‰¤qs‘ε‘D’¬,4,0,0,0,1,0,0,1,0,0,0,0,0,0,0,0,0,0,0,2,0,0,0,0,0,0,0,0,0,0,2,1,0,0,0,0,1
”ª‰¤qs‘ε’J’¬,10,0,0,0,2,0,2,0,0,0,0,0,0,0,0,0,0,0,0,5,0,0,2,0,0,0,0,0,0,0,3,3,1,0,0,0,2
”ª‰¤qs‘ε‰΅’¬,8,0,0,0,1,0,0,1,0,0,0,0,0,0,0,0,0,0,0,5,0,1,0,0,0,0,0,0,0,3,1,2,1,0,0,0,1
”ª‰¤qs‘εa“c’¬‚P’–Ϊ,10,0,0,0,0,0,0,0,0,0,0,0,0,0,0,0,0,0,0,8,0,2,1,1,0,0,0,0,0,0,4,2,1,1,0,0,0
”ª‰¤qs‘εa“c’¬‚Q’–Ϊ,5,0,0,0,0,0,0,0,0,0,0,0,0,0,0,0,0,0,0,3,0,1,0,1,0,0,0,0,0,1,0,2,0,0,0,0,2
”ª‰¤qs‘εa“c’¬‚R’–Ϊ,3,0,0,0,0,0,0,0,0,0,0,0,0,0,0,0,0,0,0,2,0,0,0,1,0,0,0,0,0,0,1,1,0,0,0,0,1
”ª‰¤qs‘εa“c’¬‚S’–Ϊ,3,0,0,0,0,0,0,0,0,0,0,0,0,0,0,0,0,0,0,2,0,0,0,1,0,0,0,0,0,0,1,1,0,0,0,0,1
”ª‰¤qs‘εa“c’¬‚T’–Ϊ,13,0,0,0,1,0,0,1,0,0,1,0,0,0,0,0,0,1,0,9,0,0,1,1,0,1,1,0,0,5,0,2,2,0,0,0,0
”ª‰¤qs‘εa“c’¬‚U’–Ϊ,8,0,0,0,0,0,0,0,0,0,0,0,0,0,0,0,0,0,0,3,0,0,2,0,0,0,0,0,0,1,0,5,2,0,0,0,3
”ª‰¤qs‘εa“c’¬‚V’–Ϊ,4,0,0,0,0,0,0,0,0,0,0,0,0,0,0,0,0,0,0,3,0,0,0,0,0,0,0,0,0,0,3,1,1,0,0,0,0
”ª‰¤qs¬–ε’¬,2,0,0,0,0,0,0,0,0,0,0,0,0,0,0,0,0,0,0,1,0,0,0,0,0,0,0,0,0,0,1,1,1,0,0,0,0
”ª‰¤qs­“‡,1,0,0,0,0,0,0,0,0,0,0,0,0,0,0,0,0,0,0,1,0,0,1,0,0,0,0,0,0,0,0,0,0,0,0,0,0
”ª‰¤qs‰ΑZ’¬‚P’–Ϊ,5,0,0,0,0,0,0,0,0,0,0,0,0,0,0,0,0,0,0,5,0,1,1,0,0,2,0,0,0,0,1,0,0,0,0,0,0
”ª‰¤qs•Π‘q’¬,33,0,0,0,1,0,0,1,0,0,0,0,0,0,0,0,0,0,0,22,0,1,11,1,0,0,0,0,0,4,5,10,4,1,0,0,5
”ª‰¤qs’J’¬,12,0,0,0,0,0,0,0,0,0,0,0,0,0,0,0,0,0,0,9,0,0,0,0,0,0,0,0,0,9,0,3,2,0,0,0,1
”ª‰¤qsγλ•ª•ϋ’¬,7,0,0,0,1,0,0,1,0,0,0,0,0,0,0,0,0,0,0,3,0,0,1,0,0,0,0,0,1,0,1,3,1,0,0,0,2
”ª‰¤qsγ‰¶•ϋ’¬,2,0,0,0,0,0,0,0,0,0,0,0,0,0,0,0,0,0,0,2,0,0,0,0,0,0,0,0,0,0,2,0,0,0,0,0,0
”ª‰¤qsγμ’¬,3,0,0,0,0,0,0,0,0,0,0,0,0,0,0,0,0,0,0,1,0,0,0,0,0,0,0,0,0,0,1,2,1,0,1,0,0
”ª‰¤qsγ—M–Ψ,5,0,0,0,0,0,0,0,0,0,0,0,0,0,0,0,0,0,0,1,0,0,0,0,1,0,0,0,0,0,0,4,0,0,0,0,4
”ª‰¤qsγ—M–Ψ‚Q’–Ϊ,2,0,0,0,0,0,0,0,0,0,0,0,0,0,0,0,0,0,0,0,0,0,0,0,0,0,0,0,0,0,0,2,0,1,0,0,1
”ª‰¤qsγ—M–Ψ‚R’–Ϊ,5,0,0,0,0,0,0,0,0,0,0,0,0,0,0,0,0,0,0,5,0,3,2,0,0,0,0,0,0,0,0,0,0,0,0,0,0
”ª‰¤qsμϋ’¬,29,0,0,0,5,0,1,2,1,1,2,0,0,0,0,1,0,0,1,15,0,1,7,2,0,0,0,0,0,3,2,7,2,0,0,0,5
”ª‰¤qsμ’¬,2,0,0,0,0,0,0,0,0,0,0,0,0,0,0,0,0,0,0,1,0,0,0,0,0,0,0,0,0,0,1,1,0,0,0,0,1
”ª‰¤qs–k–μ’¬,15,0,0,0,1,0,0,1,0,0,0,0,0,0,0,0,0,0,0,10,0,1,4,1,0,0,0,0,0,3,1,4,1,0,0,0,3
”ª‰¤qs­“c’¬,21,0,0,0,2,0,1,1,0,0,0,0,0,0,0,0,0,0,0,14,1,0,2,2,0,0,0,0,0,2,7,5,1,0,0,0,4
”ª‰¤qs‰z–μ,6,0,0,0,0,0,0,0,0,0,1,0,1,0,0,0,0,0,0,3,0,0,1,0,0,0,0,0,0,1,1,2,1,0,0,0,1
”ª‰¤qs¬”δι’¬,5,0,0,0,0,0,0,0,0,0,1,0,0,0,0,1,0,0,0,2,0,0,2,0,0,0,0,0,0,0,0,2,0,1,0,0,1
”ª‰¤qs¬‹{’¬,19,0,0,0,3,0,1,2,0,0,3,0,0,0,0,0,0,0,3,7,0,2,4,1,0,0,0,0,0,0,0,6,3,0,0,0,3
”ª‰¤qsqΐ’¬‚P’–Ϊ,17,0,0,0,3,0,1,2,0,0,0,0,0,0,0,0,0,0,0,8,0,0,6,1,0,0,0,0,0,0,1,6,3,0,0,0,3
”ª‰¤qsqΐ’¬‚Q’–Ϊ,12,0,0,0,1,0,1,0,0,0,1,0,1,0,0,0,0,0,0,4,0,0,0,1,0,0,0,0,0,0,3,6,0,0,0,0,6
”ª‰¤qsqΐ’¬‚R’–Ϊ,7,0,0,0,0,0,0,0,0,0,0,0,0,0,0,0,0,0,0,4,0,0,1,0,0,1,0,0,0,0,2,3,1,1,0,0,1
”ª‰¤qsqΐ’¬‚S’–Ϊ,24,0,0,0,3,0,2,0,1,0,1,0,0,0,0,1,0,0,0,18,0,0,1,0,0,1,0,0,0,13,3,2,0,0,0,0,2
”ª‰¤qs¶“ό’¬,9,0,0,0,1,0,1,0,0,0,0,0,0,0,0,0,0,0,0,5,0,0,3,1,0,1,0,0,0,0,0,3,1,0,0,0,2
”ª‰¤qsU“c’¬‚P’–Ϊ,4,0,0,0,1,0,1,0,0,0,0,0,0,0,0,0,0,0,0,0,0,0,0,0,0,0,0,0,0,0,0,3,0,0,0,0,3
”ª‰¤qsU“c’¬‚Q’–Ϊ,2,0,0,0,0,0,0,0,0,0,0,0,0,0,0,0,0,0,0,2,0,0,0,0,0,0,0,0,0,0,2,0,0,0,0,0,0
”ª‰¤qsU“c’¬‚R’–Ϊ,27,0,0,0,0,0,0,0,0,0,0,0,0,0,0,0,0,0,0,24,0,0,4,0,0,0,0,0,0,16,4,3,1,0,0,0,2
”ª‰¤qsU“c’¬‚S’–Ϊ,8,0,0,0,0,0,0,0,0,0,0,0,0,0,0,0,0,0,0,5,0,0,5,0,0,0,0,0,0,0,0,3,0,2,0,0,1
”ª‰¤qsU“c’¬‚T’–Ϊ,5,0,0,0,0,0,0,0,0,0,0,0,0,0,0,0,0,0,0,4,0,1,1,0,0,0,0,0,0,1,1,1,0,0,0,0,1
”ª‰¤qs‰Ί‰¶•ϋ’¬,15,0,0,0,1,0,0,1,0,0,2,0,0,0,0,1,0,0,1,8,0,0,4,0,0,0,0,0,0,0,4,4,3,0,0,0,1
”ª‰¤qs‰Ί—M–Ψ,2,0,0,0,0,0,0,0,0,0,0,0,0,0,0,0,0,0,0,1,0,0,0,1,0,0,0,0,0,0,0,1,1,0,0,0,0
”ª‰¤qs‰Ί—M–Ψ‚Q’–Ϊ,8,0,0,0,0,0,0,0,0,0,0,0,0,0,0,0,0,0,0,7,0,0,3,0,0,0,0,0,0,2,2,1,0,0,0,0,1
”ª‰¤qs‰Ί—M–Ψ‚R’–Ϊ,5,0,0,0,0,0,0,0,0,0,0,0,0,0,0,0,0,0,0,5,0,2,2,0,0,0,0,0,0,0,1,0,0,0,0,0,0
”ª‰¤qsV’¬,1,0,0,0,0,0,0,0,0,0,0,0,0,0,0,0,0,0,0,1,0,0,1,0,0,0,0,0,0,0,0,0,0,0,0,0,0
”ª‰¤qsz–K’¬,12,0,0,0,0,0,0,0,0,0,0,0,0,0,0,0,0,0,0,9,0,0,1,0,0,0,0,0,0,4,4,3,2,0,0,0,1
”ª‰¤qsηl’¬‚P’–Ϊ,5,0,0,0,0,0,0,0,0,0,0,0,0,0,0,0,0,0,0,3,0,0,2,0,0,0,0,0,0,1,0,2,1,0,0,0,1
”ª‰¤qsηl’¬‚Q’–Ϊ,23,0,0,0,3,0,3,0,0,0,1,0,0,0,1,0,0,0,0,13,0,1,4,0,0,0,0,0,0,0,8,6,0,0,0,0,6
”ª‰¤qsηl’¬‚R’–Ϊ,16,0,0,0,0,0,0,0,0,0,0,0,0,0,0,0,0,0,0,12,0,2,6,0,0,1,0,0,0,0,3,4,1,1,0,0,2
”ª‰¤qsηl’¬‚S’–Ϊ,9,0,0,0,1,0,0,0,1,0,0,0,0,0,0,0,0,0,0,8,0,0,3,0,0,0,0,0,0,4,1,0,0,0,0,0,0
”ª‰¤qs•½’¬,1,0,0,0,0,0,0,0,0,0,0,0,0,0,0,0,0,0,0,0,0,0,0,0,0,0,0,0,0,0,0,1,0,0,0,0,1
”ª‰¤qs‚”φ’¬,21,0,0,0,1,0,0,1,0,0,0,0,0,0,0,0,0,0,0,16,0,0,9,0,0,0,0,0,0,1,6,4,2,2,0,0,0
”ª‰¤qs‚‘q’¬,27,0,0,0,2,0,2,0,0,0,0,0,0,0,0,0,0,0,0,16,0,0,6,0,0,0,1,0,0,8,1,9,7,0,0,0,2
”ª‰¤qs‘κR’¬‚P’–Ϊ,2,0,0,0,0,0,0,0,0,0,0,0,0,0,0,0,0,0,0,1,0,0,0,0,0,1,0,0,0,0,0,1,0,0,0,0,1
”ª‰¤qsΩ’¬,19,0,0,0,0,0,0,0,0,0,0,0,0,0,0,0,0,0,0,13,0,1,6,0,0,0,0,0,0,0,6,6,2,0,0,0,4
”ª‰¤qs“c’¬,1,0,0,0,0,0,0,0,0,0,0,0,0,0,0,0,0,0,0,0,0,0,0,0,0,0,0,0,0,0,0,1,0,1,0,0,0
”ª‰¤qs’O–Ψ’¬‚P’–Ϊ,2,0,0,0,1,0,0,1,0,0,0,0,0,0,0,0,0,0,0,1,0,0,1,0,0,0,0,0,0,0,0,0,0,0,0,0,0
”ª‰¤qs’O–Ψ’¬‚Q’–Ϊ,1,0,0,0,0,0,0,0,0,0,0,0,0,0,0,0,0,0,0,0,0,0,0,0,0,0,0,0,0,0,0,1,0,0,0,0,1
”ª‰¤qs’O–Ψ’¬‚R’–Ϊ,4,0,0,0,0,0,0,0,0,0,0,0,0,0,0,0,0,0,0,2,0,0,0,1,0,0,0,0,0,1,0,2,1,0,0,0,1
”ª‰¤qs‘δ’¬‚P’–Ϊ,3,0,0,0,1,0,0,0,1,0,0,0,0,0,0,0,0,0,0,2,0,0,1,0,0,0,0,0,0,0,1,0,0,0,0,0,0
”ª‰¤qs‘δ’¬‚Q’–Ϊ,12,0,0,0,1,0,0,1,0,0,1,0,0,0,0,0,0,0,1,7,0,1,0,0,0,0,0,0,0,0,6,3,0,0,0,0,3
”ª‰¤qs‘δ’¬‚R’–Ϊ,9,1,0,1,0,0,0,0,0,0,1,0,0,0,0,1,0,0,0,6,0,1,2,0,0,0,0,0,0,0,3,1,0,0,0,0,1
”ª‰¤qs‘δ’¬‚S’–Ϊ,16,0,0,0,0,0,0,0,0,0,0,0,0,0,0,0,0,0,0,9,0,0,5,2,0,0,0,0,0,1,1,7,1,1,0,0,5
”ª‰¤qs‘εy›’¬,8,0,0,0,0,0,0,0,0,0,0,0,0,0,0,0,0,0,0,7,0,1,1,0,0,0,0,0,0,1,4,1,1,0,0,0,0
”ª‰¤qs›“c’¬,18,0,0,0,0,0,0,0,0,0,0,0,0,0,0,0,0,0,0,15,0,2,9,0,0,0,0,0,0,1,3,3,2,0,0,0,1
”ª‰¤qs›’¬,5,0,0,0,0,0,0,0,0,0,0,0,0,0,0,0,0,0,0,4,0,0,2,0,0,0,0,0,0,1,1,1,1,0,0,0,0
”ª‰¤qs“V_’¬,2,0,0,0,0,0,0,0,0,0,0,0,0,0,0,0,0,0,0,2,0,0,0,1,0,0,0,0,0,0,1,0,0,0,0,0,0
”ª‰¤qsΛ’¬,1,0,0,0,0,0,0,0,0,0,0,0,0,0,0,0,0,0,0,1,0,1,0,0,0,0,0,0,0,0,0,0,0,0,0,0,0
”ª‰¤qs’†’¬,43,0,0,0,6,0,3,3,0,0,0,0,0,0,0,0,0,0,0,24,0,1,13,2,0,0,0,0,0,7,1,13,5,1,1,0,6
”ª‰¤qs’†–μγ’¬‚P’–Ϊ,5,0,0,0,0,0,0,0,0,0,0,0,0,0,0,0,0,0,0,5,0,1,4,0,0,0,0,0,0,0,0,0,0,0,0,0,0
”ª‰¤qs’†–μγ’¬‚Q’–Ϊ,6,0,0,0,0,0,0,0,0,0,0,0,0,0,0,0,0,0,0,3,0,0,2,0,0,0,0,0,0,0,1,3,0,1,0,0,2
”ª‰¤qs’†–μγ’¬‚R’–Ϊ,2,0,0,0,0,0,0,0,0,0,0,0,0,0,0,0,0,0,0,2,0,0,2,0,0,0,0,0,0,0,0,0,0,0,0,0,0
”ª‰¤qs’†–μγ’¬‚S’–Ϊ,5,0,0,0,0,0,0,0,0,0,0,0,0,0,0,0,0,0,0,5,0,2,0,1,0,2,0,0,0,0,0,0,0,0,0,0,0
”ª‰¤qs’†–μγ’¬‚T’–Ϊ,4,0,0,0,0,0,0,0,0,0,0,0,0,0,0,0,0,0,0,1,0,0,1,0,0,0,0,0,0,0,0,3,1,1,0,0,1
”ª‰¤qs’†–μR‰¤‚P’–Ϊ,17,1,1,0,1,0,0,0,0,1,0,0,0,0,0,0,0,0,0,10,0,0,0,0,1,0,0,0,0,7,2,5,0,1,0,0,4
”ª‰¤qs’†–μR‰¤‚Q’–Ϊ,7,0,0,0,0,0,0,0,0,0,0,0,0,0,0,0,0,0,0,7,0,1,2,0,0,0,0,0,0,4,0,0,0,0,0,0,0
”ª‰¤qs’†–μR‰¤‚R’–Ϊ,12,0,0,0,2,0,0,2,0,0,0,0,0,0,0,0,0,0,0,8,0,1,4,0,0,0,0,0,0,0,3,2,0,0,1,0,1
”ª‰¤qs’†–μ’¬,14,0,0,0,1,0,0,1,0,0,0,0,0,0,0,0,0,0,0,11,0,3,7,0,0,0,0,0,0,0,1,2,2,0,0,0,0
”ª‰¤qs’†R,1,0,0,0,0,0,0,0,0,0,0,0,0,0,0,0,0,0,0,0,0,0,0,0,0,0,0,0,0,0,0,1,0,0,1,0,0
”ª‰¤qs’·ΐ’¬,9,0,0,0,0,0,0,0,0,0,0,0,0,0,0,0,0,0,0,4,0,0,0,1,0,0,0,0,0,2,1,5,2,2,0,0,1
”ª‰¤qs’·–[’¬,48,0,0,0,0,0,0,0,0,0,1,0,0,0,0,1,0,0,0,36,0,3,9,0,0,0,0,0,0,13,11,11,0,1,0,0,10
”ª‰¤qs•ΐ–Ψ’¬,10,0,0,0,0,0,0,0,0,0,0,0,0,0,0,0,0,0,0,6,0,0,3,0,0,1,0,0,0,0,2,4,1,1,0,0,2
”ª‰¤qs“θ΄’¬,49,0,0,0,1,0,0,0,0,1,0,0,0,0,0,0,0,0,0,40,0,0,11,0,0,0,0,0,0,21,8,8,2,1,0,0,5
”ª‰¤qsΌσμ’¬,1,0,0,0,0,0,0,0,0,0,0,0,0,0,0,0,0,0,0,1,0,0,0,0,0,0,0,0,0,1,0,0,0,0,0,0,0
”ª‰¤qsΌ›•ϋ’¬,9,0,0,0,1,0,1,0,0,0,0,0,0,0,0,0,0,0,0,4,0,1,2,0,0,0,0,0,0,0,1,4,1,0,0,0,3
”ª‰¤qs“σ•ª•ϋ’¬,5,0,0,0,0,0,0,0,0,0,0,0,0,0,0,0,0,0,0,3,0,0,0,0,0,0,0,0,0,0,3,2,0,0,0,0,2
”ª‰¤qs‹·Τ’¬,18,0,0,0,0,0,0,0,0,0,0,0,0,0,0,0,0,0,0,13,0,0,4,0,0,0,0,0,0,8,1,5,1,0,0,0,4
”ª‰¤qs”ª”¦’¬,7,0,0,0,0,0,0,0,0,0,0,0,0,0,0,0,0,0,0,5,0,0,1,0,0,2,0,1,0,0,1,2,0,0,0,0,2
”ª‰¤qs‰‘ς’¬,15,0,0,0,0,0,0,0,0,0,1,0,0,0,0,0,0,0,1,11,0,1,7,0,0,0,0,0,1,1,1,3,1,0,0,0,2
”ª‰¤qs“σμ’¬,37,0,0,0,0,0,0,0,0,0,0,0,0,0,0,0,0,0,0,33,0,0,3,2,0,0,0,0,0,20,8,4,1,1,0,0,2
”ª‰¤qs“’†–μ,20,0,0,0,0,0,0,0,0,0,1,0,0,1,0,0,0,0,0,12,0,0,9,0,0,0,0,0,0,0,3,7,2,1,0,0,4
”ª‰¤qs“ϊ‹g’¬,3,0,0,0,0,0,0,0,0,0,0,0,0,0,0,0,0,0,0,3,0,0,2,0,0,0,0,0,0,0,1,0,0,0,0,0,0
”ª‰¤qs•½‰ª’¬,4,0,0,0,0,0,0,0,0,0,0,0,0,0,0,0,0,0,0,2,0,1,1,0,0,0,0,0,0,0,0,2,1,0,0,0,1
”ª‰¤qs•xm©’¬,2,0,0,0,0,0,0,0,0,0,0,0,0,0,0,0,0,0,0,0,0,0,0,0,0,0,0,0,0,0,0,2,2,0,0,0,0
”ª‰¤qs•Κ‚P’–Ϊ,10,0,0,0,2,0,1,1,0,0,1,0,0,0,1,0,0,0,0,1,0,0,1,0,0,0,0,0,0,0,0,6,3,0,0,0,3
”ª‰¤qs•Κ‚Q’–Ϊ,17,0,0,0,0,0,0,0,0,0,0,0,0,0,0,0,0,0,0,16,0,0,3,0,0,0,0,0,0,9,4,1,1,0,0,0,0
”ª‰¤qs–x”V“ΰ,4,0,0,0,0,0,0,0,0,0,0,0,0,0,0,0,0,0,0,4,0,0,2,1,0,0,0,0,0,0,1,0,0,0,0,0,0
”ª‰¤qs–x”V“ΰ‚Q’–Ϊ,4,0,0,0,1,0,1,0,0,0,0,0,0,0,0,0,0,0,0,2,0,0,1,1,0,0,0,0,0,0,0,1,0,1,0,0,0
”ª‰¤qs–x”V“ΰ‚R’–Ϊ,17,0,0,0,0,0,0,0,0,0,0,0,0,0,0,0,0,0,0,15,0,2,4,0,0,0,0,0,0,2,7,2,1,1,0,0,0
”ª‰¤qs–{‹½’¬,2,0,0,0,0,0,0,0,0,0,0,0,0,0,0,0,0,0,0,1,0,0,0,0,0,0,0,0,0,0,1,1,0,0,0,0,1
”ª‰¤qs–{’¬,6,0,0,0,0,0,0,0,0,0,0,0,0,0,0,0,0,0,0,4,0,0,2,0,0,0,0,0,0,0,2,2,1,0,0,0,1
”ª‰¤qsΌ‚ª’J,14,0,0,0,0,0,0,0,0,0,0,0,0,0,0,0,0,0,0,6,0,0,5,0,0,0,0,0,0,0,1,8,0,0,0,0,8
”ª‰¤qsΌ–Ψ,10,0,0,0,0,0,0,0,0,0,0,0,0,0,0,0,0,0,0,6,0,0,2,2,0,0,0,0,0,1,1,4,2,1,0,0,1
”ª‰¤qsΫR’¬,1,0,0,0,0,0,0,0,0,0,0,0,0,0,0,0,0,0,0,1,0,0,0,0,0,0,0,0,0,0,1,0,0,0,0,0,0
”ª‰¤qsOθ’¬,21,0,0,0,8,0,3,4,0,1,1,0,0,0,1,0,0,0,0,8,0,1,4,0,0,0,0,0,0,1,2,4,2,0,0,0,2
”ª‰¤qs—Ξ’¬,7,1,0,1,2,0,0,1,0,1,0,0,0,0,0,0,0,0,0,2,0,0,1,1,0,0,0,0,0,0,0,2,0,0,0,0,2
”ª‰¤qs“μσμ’¬,1,0,0,0,0,0,0,0,0,0,0,0,0,0,0,0,0,0,0,1,0,0,0,0,0,1,0,0,0,0,0,0,0,0,0,0,0
”ª‰¤qs“μ‘ε‘ς‚P’–Ϊ,21,0,0,0,0,0,0,0,0,0,0,0,0,0,0,0,0,0,0,17,0,0,10,0,0,0,1,0,0,6,0,4,0,3,0,0,1
”ª‰¤qs“μ‘ε‘ς‚Q’–Ϊ,41,0,0,0,1,0,1,0,0,0,0,0,0,0,0,0,0,0,0,30,0,0,8,1,0,0,0,0,0,17,4,10,1,1,0,0,8
”ª‰¤qs“μ‘ε‘ς‚R’–Ϊ,5,0,0,0,1,0,0,0,0,1,0,0,0,0,0,0,0,0,0,4,0,0,2,0,0,1,0,0,0,0,1,0,0,0,0,0,0
”ª‰¤qs“μ‘ε‘ς‚S’–Ϊ,8,0,0,0,0,0,0,0,0,0,0,0,0,0,0,0,0,0,0,6,0,1,2,0,0,0,0,0,0,3,0,2,1,0,0,0,1
”ª‰¤qs“μ‘ε‘ς‚T’–Ϊ,9,0,0,0,0,0,0,0,0,0,0,0,0,0,0,0,0,0,0,6,0,2,0,0,0,0,0,0,0,4,0,3,2,0,0,0,1
”ª‰¤qs“μV’¬,2,0,0,0,0,0,0,0,0,0,0,0,0,0,0,0,0,0,0,2,0,0,0,0,0,0,0,0,0,2,0,0,0,0,0,0,0
”ª‰¤qs“μ’¬,3,0,0,0,1,0,1,0,0,0,0,0,0,0,0,0,0,0,0,1,0,0,0,0,0,0,0,0,0,0,1,1,1,0,0,0,0
”ª‰¤qs‹{‰Ί’¬,2,0,0,0,0,0,0,0,0,0,0,0,0,0,0,0,0,0,0,1,0,1,0,0,0,0,0,0,0,0,0,1,1,0,0,0,0
”ª‰¤qs”όR’¬,1,0,0,0,0,0,0,0,0,0,1,0,0,0,0,1,0,0,0,0,0,0,0,0,0,0,0,0,0,0,0,0,0,0,0,0,0
”ª‰¤qs–Ύ_’¬‚P’–Ϊ,3,0,0,0,0,0,0,0,0,0,0,0,0,0,0,0,0,0,0,2,0,1,1,0,0,0,0,0,0,0,0,1,1,0,0,0,0
”ª‰¤qs–Ύ_’¬‚Q’–Ϊ,10,0,0,0,2,0,1,1,0,0,0,0,0,0,0,0,0,0,0,4,0,0,2,1,0,0,0,0,0,1,0,4,2,0,0,0,2
”ª‰¤qs–Ύ_’¬‚R’–Ϊ,17,0,0,0,0,0,0,0,0,0,0,0,0,0,0,0,0,0,0,15,0,1,5,1,0,0,0,0,0,5,3,2,0,0,0,0,2
”ª‰¤qs–Ύ_’¬‚S’–Ϊ,13,0,0,0,2,0,2,0,0,0,0,0,0,0,0,0,0,0,0,6,0,0,4,0,0,0,0,0,0,0,2,5,2,2,0,0,1
”ª‰¤qs‚ί‚¶‚λ‘δ‚P’–Ϊ,4,0,0,0,0,0,0,0,0,0,0,0,0,0,0,0,0,0,0,3,0,0,2,0,0,0,0,0,0,0,1,1,0,0,0,0,1
”ª‰¤qs‚ί‚¶‚λ‘δ‚Q’–Ϊ,1,0,0,0,0,0,0,0,0,0,0,0,0,0,0,0,0,0,0,1,0,1,0,0,0,0,0,0,0,0,0,0,0,0,0,0,0
”ª‰¤qs‚ί‚¶‚λ‘δ‚R’–Ϊ,1,0,0,0,0,0,0,0,0,0,0,0,0,0,0,0,0,0,0,0,0,0,0,0,0,0,0,0,0,0,0,1,0,0,0,0,1
”ª‰¤qs‚ί‚¶‚λ‘δ‚S’–Ϊ,2,0,0,0,0,0,0,0,0,0,0,0,0,0,0,0,0,0,0,1,0,0,1,0,0,0,0,0,0,0,0,1,0,0,0,0,1
”ª‰¤qs³”ª‰¤q’¬‚P’–Ϊ,2,0,0,0,1,0,0,0,0,1,0,0,0,0,0,0,0,0,0,0,0,0,0,0,0,0,0,0,0,0,0,1,1,0,0,0,0
”ª‰¤qs³”ª‰¤q’¬‚Q’–Ϊ,2,0,0,0,0,0,0,0,0,0,0,0,0,0,0,0,0,0,0,2,0,0,0,0,0,0,0,0,0,0,2,0,0,0,0,0,0
”ª‰¤qs³”ª‰¤q’¬‚R’–Ϊ,2,0,0,0,0,0,0,0,0,0,0,0,0,0,0,0,0,0,0,2,0,0,0,0,0,0,0,0,0,1,1,0,0,0,0,0,0
”ª‰¤qs³–{‹½’¬‚Q’–Ϊ,4,0,0,0,0,0,0,0,0,0,1,0,0,0,0,0,0,0,1,1,0,0,0,0,0,1,0,0,0,0,0,2,0,0,0,0,2
”ª‰¤qs³–{‹½’¬‚R’–Ϊ,10,0,0,0,2,0,1,0,1,0,0,0,0,0,0,0,0,0,0,5,0,0,2,0,0,0,0,0,0,1,2,3,1,0,1,0,1
”ª‰¤qs³–{‹½’¬‚S’–Ϊ,3,0,0,0,0,0,0,0,0,0,0,0,0,0,0,0,0,0,0,1,0,0,1,0,0,0,0,0,0,0,0,2,0,0,0,0,2
”ª‰¤qs³‰΅R’¬‚P’–Ϊ,7,0,0,0,0,0,0,0,0,0,0,0,0,0,0,0,0,0,0,7,0,0,1,0,0,0,0,0,0,2,4,0,0,0,0,0,0
”ª‰¤qs³‰΅R’¬‚Q’–Ϊ,10,0,0,0,2,0,0,1,1,0,0,0,0,0,0,0,0,0,0,3,0,1,1,0,0,0,0,0,0,1,0,5,2,0,0,0,3
”ª‰¤qs³‰΅R’¬‚R’–Ϊ,5,0,0,0,0,0,0,0,0,0,0,0,0,0,0,0,0,0,0,5,0,0,4,1,0,0,0,0,0,0,0,0,0,0,0,0,0
”ª‰¤qs”ª–Ψ’¬,2,0,0,0,0,0,0,0,0,0,0,0,0,0,0,0,0,0,0,1,0,0,0,0,0,0,0,0,0,0,1,1,1,0,0,0,0
”ª‰¤qs’J–μ’¬,3,0,0,0,0,0,0,0,0,0,1,0,0,1,0,0,0,0,0,1,0,0,1,0,0,0,0,0,0,0,0,1,1,0,0,0,0
”ª‰¤qsR“c’¬,2,0,0,0,0,0,0,0,0,0,0,0,0,0,0,0,0,0,0,0,0,0,0,0,0,0,0,0,0,0,0,2,0,0,0,0,2
”ª‰¤qs–ψ…,3,0,0,0,0,0,0,0,0,0,0,0,0,0,0,0,0,0,0,2,0,0,1,1,0,0,0,0,0,0,0,1,0,0,0,0,1
”ª‰¤qs–ψ…‚Q’–Ϊ,15,2,0,2,0,0,0,0,0,0,0,0,0,0,0,0,0,0,0,8,0,0,3,1,0,0,0,0,0,0,4,5,0,0,0,0,5
”ª‰¤qs”ª“ϊ’¬,8,0,0,0,1,0,0,1,0,0,0,0,0,0,0,0,0,0,0,6,0,0,2,0,0,0,0,0,0,0,4,1,1,0,0,0,0
”ª‰¤qs‰΅μ’¬,21,0,0,0,6,0,2,1,2,1,0,0,0,0,0,0,0,0,0,8,0,2,4,0,0,0,0,0,0,2,0,7,2,1,0,0,4
”ª‰¤qs‰΅R’¬,18,0,0,0,0,0,0,0,0,0,0,0,0,0,0,0,0,0,0,12,1,1,5,2,0,0,0,0,0,1,2,6,4,0,0,0,2
”ª‰¤qsl’J’¬,8,1,0,1,2,0,1,1,0,0,0,0,0,0,0,0,0,0,0,4,0,0,1,0,0,0,0,0,0,2,1,1,0,0,0,0,1
”ª‰¤qs–’¬,9,0,0,0,0,0,0,0,0,0,1,0,0,0,0,1,0,0,0,5,0,0,3,0,0,0,0,0,0,0,2,3,1,1,0,0,1
”ª‰¤qs¦ƒP‹u‚P’–Ϊ,1,0,0,0,0,0,0,0,0,0,0,0,0,0,0,0,0,0,0,0,0,0,0,0,0,0,0,0,0,0,0,1,1,0,0,0,0
”ª‰¤qs¦ƒP‹u‚Q’–Ϊ,5,0,0,0,0,0,0,0,0,0,3,0,0,0,0,1,0,0,2,1,0,0,0,0,0,0,0,0,0,0,1,1,1,0,0,0,0
”ª‰¤qs¦ƒP‹u‚R’–Ϊ,3,0,0,0,0,0,0,0,0,0,0,0,0,0,0,0,0,0,0,0,0,0,0,0,0,0,0,0,0,0,0,3,0,0,0,0,3
”ª‰¤qs“μ—z‘δ‚R’–Ϊ,1,0,0,0,0,0,0,0,0,0,0,0,0,0,0,0,0,0,0,0,0,0,0,0,0,0,0,0,0,0,0,1,1,0,0,0,0
”ª‰¤qs‹v•ΫR’¬‚P’–Ϊ,6,0,0,0,1,0,0,1,0,0,0,0,0,0,0,0,0,0,0,3,0,0,1,0,0,0,0,0,0,2,0,2,1,0,0,0,1
”ª‰¤qs‹v•ΫR’¬‚Q’–Ϊ,2,0,0,0,0,0,0,0,0,0,1,0,0,0,0,0,1,0,0,0,0,0,0,0,0,0,0,0,0,0,0,1,0,0,0,0,1
”ª‰¤qs–k–μ‘δ‚P’–Ϊ,2,0,0,0,0,0,0,0,0,0,1,0,0,0,0,0,0,0,1,1,0,0,0,1,0,0,0,0,0,0,0,0,0,0,0,0,0
”ª‰¤qs–k–μ‘δ‚Q’–Ϊ,1,0,0,0,0,0,0,0,0,0,0,0,0,0,0,0,0,0,0,0,0,0,0,0,0,0,0,0,0,0,0,1,1,0,0,0,0
”ª‰¤qs–k–μ‘δ‚R’–Ϊ,2,0,0,0,0,0,0,0,0,0,0,0,0,0,0,0,0,0,0,0,0,0,0,0,0,0,0,0,0,0,0,2,0,0,0,0,2
”ª‰¤qs–k–μ‘δ‚T’–Ϊ,2,0,0,0,0,0,0,0,0,0,1,0,0,0,0,0,1,0,0,1,0,0,0,0,0,0,0,0,0,1,0,0,0,0,0,0,0
”ª‰¤qs‚έ‚Β‚Ά‘δ‚Q’–Ϊ,1,0,0,0,0,0,0,0,0,0,0,0,0,0,0,0,0,0,0,0,0,0,0,0,0,0,0,0,0,0,0,1,1,0,0,0,0
”ª‰¤qsιRθ‚P’–Ϊ,1,0,0,0,1,0,0,0,0,1,0,0,0,0,0,0,0,0,0,0,0,0,0,0,0,0,0,0,0,0,0,0,0,0,0,0,0
”ª‰¤qsΌ•Π‘q‚P’–Ϊ,2,0,0,0,1,0,0,0,1,0,0,0,0,0,0,0,0,0,0,1,0,0,1,0,0,0,0,0,0,0,0,0,0,0,0,0,0
”ª‰¤qsΌ•Π‘q‚Q’–Ϊ,1,0,0,0,0,0,0,0,0,0,0,0,0,0,0,0,0,0,0,1,0,0,1,0,0,0,0,0,0,0,0,0,0,0,0,0,0
”ª‰¤qs•Ί‰q‚P’–Ϊ,2,0,0,0,0,0,0,0,0,0,0,0,0,0,0,0,0,0,0,0,0,0,0,0,0,0,0,0,0,0,0,2,2,0,0,0,0
”ª‰¤qs•Ί‰q‚Q’–Ϊ,1,0,0,0,0,0,0,0,0,0,0,0,0,0,0,0,0,0,0,1,0,1,0,0,0,0,0,0,0,0,0,0,0,0,0,0,0
”ª‰¤qs‚έ‚Θ‚έ–μ‚P’–Ϊ,13,0,0,0,1,0,1,0,0,0,0,0,0,0,0,0,0,0,0,12,0,0,4,0,0,0,0,0,0,5,3,0,0,0,0,0,0
”ª‰¤qs‚έ‚Θ‚έ–μ‚Q’–Ϊ,1,0,0,0,1,0,1,0,0,0,0,0,0,0,0,0,0,0,0,0,0,0,0,0,0,0,0,0,0,0,0,0,0,0,0,0,0
”ª‰¤qs‚έ‚Θ‚έ–μ‚S’–Ϊ,1,0,0,0,0,0,0,0,0,0,0,0,0,0,0,0,0,0,0,1,0,0,1,0,0,0,0,0,0,0,0,0,0,0,0,0,0
”ª‰¤qs‚έ‚Θ‚έ–μ‚T’–Ϊ,2,0,0,0,0,0,0,0,0,0,0,0,0,0,0,0,0,0,0,2,0,0,0,0,0,0,0,0,0,1,1,0,0,0,0,0,0
”ª‰¤qs‚έ‚Θ‚έ–μ‚U’–Ϊ,1,0,0,0,0,0,0,0,0,0,0,0,0,0,0,0,0,0,0,0,0,0,0,0,0,0,0,0,0,0,0,1,0,0,0,0,1
”ª‰¤qsµ‘‚P’–Ϊ,2,0,0,0,0,0,0,0,0,0,0,0,0,0,0,0,0,0,0,0,0,0,0,0,0,0,0,0,0,0,0,2,1,0,0,0,1
”ª‰¤qsµ‘‚Q’–Ϊ,1,0,0,0,1,0,1,0,0,0,0,0,0,0,0,0,0,0,0,0,0,0,0,0,0,0,0,0,0,0,0,0,0,0,0,0,0
”ª‰¤qsµ‘‚R’–Ϊ,1,0,0,0,0,0,0,0,0,0,0,0,0,0,0,0,0,0,0,1,0,0,0,0,0,0,0,0,0,1,0,0,0,0,0,0,0
”ª‰¤qsµ‘‚S’–Ϊ,2,0,0,0,1,0,0,0,1,0,0,0,0,0,0,0,0,0,0,0,0,0,0,0,0,0,0,0,0,0,0,1,1,0,0,0,0
”ª‰¤qsµ‘‚U’–Ϊ,1,0,0,0,0,0,0,0,0,0,0,0,0,0,0,0,0,0,0,0,0,0,0,0,0,0,0,0,0,0,0,1,1,0,0,0,0
”ª‰¤qsv,1706,7,1,6,114,0,51,44,10,9,37,1,2,3,3,10,2,1,15,1089,2,66,382,50,2,17,3,1,6,304,256,459,149,46,5,0,259
—§μs’¬‚P’–Ϊ,15,1,0,1,1,0,0,0,0,1,1,1,0,0,0,0,0,0,0,10,0,0,7,0,0,0,0,0,0,2,1,2,2,0,0,0,0
—§μs’¬‚Q’–Ϊ,150,3,0,3,15,0,6,8,0,1,1,0,0,0,1,0,0,0,0,97,0,0,26,0,0,0,0,0,3,48,20,34,6,2,1,0,25
—§μs’¬‚R’–Ϊ,11,1,1,0,0,0,0,0,0,0,0,0,0,0,0,0,0,0,0,6,0,1,4,0,0,0,0,0,0,0,1,4,1,1,0,0,2
—§μsς’¬,57,0,0,0,1,0,1,0,0,0,0,0,0,0,0,0,0,0,0,53,0,1,16,0,0,1,0,0,0,26,9,3,2,0,0,0,1
—§μs”’¬‚P’–Ϊ,8,0,0,0,2,0,2,0,0,0,0,0,0,0,0,0,0,0,0,2,0,0,1,0,0,0,0,0,0,0,1,4,1,0,0,0,3
—§μs”’¬‚Q’–Ϊ,1,0,0,0,0,0,0,0,0,0,0,0,0,0,0,0,0,0,0,0,0,0,0,0,0,0,0,0,0,0,0,1,0,0,0,0,1
—§μs”’¬‚R’–Ϊ,9,0,0,0,0,0,0,0,0,0,0,0,0,0,0,0,0,0,0,9,0,0,8,0,0,0,0,0,0,0,1,0,0,0,0,0,0
—§μs”’¬‚S’–Ϊ,16,0,0,0,2,0,0,2,0,0,0,0,0,0,0,0,0,0,0,11,0,1,3,0,0,1,0,0,1,2,3,3,2,0,0,0,1
—§μs”’¬‚T’–Ϊ,7,0,0,0,0,0,0,0,0,0,1,0,1,0,0,0,0,0,0,2,0,0,2,0,0,0,0,0,0,0,0,4,2,0,0,0,2
—§μsγ»’¬‚P’–Ϊ,13,0,0,0,0,0,0,0,0,0,0,0,0,0,0,0,0,0,0,7,1,3,2,0,0,0,0,0,0,0,1,6,2,0,0,0,4
—§μsγ»’¬‚Q’–Ϊ,2,0,0,0,0,0,0,0,0,0,0,0,0,0,0,0,0,0,0,0,0,0,0,0,0,0,0,0,0,0,0,2,0,0,0,0,2
—§μsγ»’¬‚R’–Ϊ,1,0,0,0,0,0,0,0,0,0,0,0,0,0,0,0,0,0,0,0,0,0,0,0,0,0,0,0,0,0,0,1,0,0,0,0,1
—§μsγ»’¬‚S’–Ϊ,4,0,0,0,0,0,0,0,0,0,0,0,0,0,0,0,0,0,0,4,0,0,4,0,0,0,0,0,0,0,0,0,0,0,0,0,0
—§μsγ»’¬‚T’–Ϊ,14,0,0,0,0,0,0,0,0,0,1,0,0,0,0,1,0,0,0,7,0,1,2,1,0,0,0,0,0,0,3,6,3,2,0,0,1
—§μsK’¬‚P’–Ϊ,2,0,0,0,0,0,0,0,0,0,0,0,0,0,0,0,0,0,0,0,0,0,0,0,0,0,0,0,0,0,0,2,2,0,0,0,0
—§μsK’¬‚Q’–Ϊ,7,0,0,0,0,0,0,0,0,0,0,0,0,0,0,0,0,0,0,3,0,0,1,0,0,0,0,0,0,1,1,4,0,1,0,0,3
—§μsK’¬‚R’–Ϊ,3,0,0,0,1,0,1,0,0,0,0,0,0,0,0,0,0,0,0,1,0,0,1,0,0,0,0,0,0,0,0,1,0,1,0,0,0
—§μsK’¬‚S’–Ϊ,5,0,0,0,0,0,0,0,0,0,0,0,0,0,0,0,0,0,0,3,0,1,1,0,0,0,0,0,0,1,0,2,0,1,0,0,1
—§μsK’¬‚T’–Ϊ,4,0,0,0,0,0,0,0,0,0,0,0,0,0,0,0,0,0,0,2,0,0,1,0,0,0,0,0,0,0,1,2,2,0,0,0,0
—§μsK’¬‚U’–Ϊ,11,0,0,0,0,0,0,0,0,0,0,0,0,0,0,0,0,0,0,9,0,0,8,0,0,0,0,0,0,1,0,2,0,0,0,0,2
—§μs‰h’¬‚P’–Ϊ,3,0,0,0,0,0,0,0,0,0,0,0,0,0,0,0,0,0,0,0,0,0,0,0,0,0,0,0,0,0,0,3,2,0,0,0,1
—§μs‰h’¬‚Q’–Ϊ,4,1,0,1,0,0,0,0,0,0,0,0,0,0,0,0,0,0,0,0,0,0,0,0,0,0,0,0,0,0,0,3,0,0,0,0,3
—§μs‰h’¬‚R’–Ϊ,6,0,0,0,0,0,0,0,0,0,1,0,0,0,0,1,0,0,0,3,0,0,1,0,0,0,0,0,0,1,1,2,2,0,0,0,0
—§μs‰h’¬‚S’–Ϊ,2,0,0,0,0,0,0,0,0,0,0,0,0,0,0,0,0,0,0,2,0,0,2,0,0,0,0,0,0,0,0,0,0,0,0,0,0
—§μs‰h’¬‚T’–Ϊ,7,0,0,0,1,0,1,0,0,0,0,0,0,0,0,0,0,0,0,3,0,0,1,1,0,0,0,0,0,0,1,3,2,0,0,0,1
—§μs‰h’¬‚U’–Ϊ,4,0,0,0,0,0,0,0,0,0,1,0,0,0,0,0,1,0,0,3,0,0,2,0,0,0,0,0,0,1,0,0,0,0,0,0,0
—§μsΔθ’¬‚P’–Ϊ,4,0,0,0,0,0,0,0,0,0,0,0,0,0,0,0,0,0,0,4,0,0,2,0,0,0,0,0,0,0,2,0,0,0,0,0,0
—§μsΔθ’¬‚Q’–Ϊ,10,0,0,0,0,0,0,0,0,0,1,0,0,1,0,0,0,0,0,6,0,0,1,0,0,0,0,0,1,3,1,3,1,0,0,0,2
—§μsΔθ’¬‚R’–Ϊ,155,2,2,0,6,0,4,2,0,0,4,0,0,0,4,0,0,0,0,123,0,0,41,1,0,0,0,0,5,49,27,20,6,4,0,0,10
—§μsΔθ’¬‚S’–Ϊ,3,0,0,0,0,0,0,0,0,0,0,0,0,0,0,0,0,0,0,1,0,0,0,0,0,1,0,0,0,0,0,2,1,0,0,0,1
—§μsΔθ’¬‚T’–Ϊ,1,0,0,0,0,0,0,0,0,0,0,0,0,0,0,0,0,0,0,0,0,0,0,0,0,0,0,0,0,0,0,1,1,0,0,0,0
—§μsΔθ’¬‚U’–Ϊ,5,0,0,0,1,0,1,0,0,0,1,0,0,0,0,0,0,0,1,3,0,0,2,0,0,1,0,0,0,0,0,0,0,0,0,0,0
—§μs»μ’¬‚P’–Ϊ,3,0,0,0,0,0,0,0,0,0,0,0,0,0,0,0,0,0,0,1,0,0,0,0,0,0,0,0,0,0,1,2,1,0,0,0,1
—§μs»μ’¬‚Q’–Ϊ,6,0,0,0,0,0,0,0,0,0,0,0,0,0,0,0,0,0,0,6,0,0,1,0,0,0,0,0,0,5,0,0,0,0,0,0,0
—§μs»μ’¬‚R’–Ϊ,3,0,0,0,0,0,0,0,0,0,0,0,0,0,0,0,0,0,0,3,0,1,2,0,0,0,0,0,0,0,0,0,0,0,0,0,0
—§μs»μ’¬‚S’–Ϊ,2,0,0,0,0,0,0,0,0,0,0,0,0,0,0,0,0,0,0,1,0,0,1,0,0,0,0,0,0,0,0,1,1,0,0,0,0
—§μs»μ’¬‚T’–Ϊ,3,0,0,0,0,0,0,0,0,0,0,0,0,0,0,0,0,0,0,0,0,0,0,0,0,0,0,0,0,0,0,3,3,0,0,0,0
—§μs»μ’¬‚U’–Ϊ,2,0,0,0,0,0,0,0,0,0,0,0,0,0,0,0,0,0,0,2,1,0,1,0,0,0,0,0,0,0,0,0,0,0,0,0,0
—§μs»μ’¬‚W’–Ϊ,11,0,0,0,0,0,0,0,0,0,1,0,0,0,0,0,0,0,1,8,0,0,6,0,0,1,0,0,0,0,1,2,1,0,0,0,1
—§μs‚Ό’¬‚P’–Ϊ,10,0,0,0,1,0,1,0,0,0,0,0,0,0,0,0,0,0,0,7,0,0,7,0,0,0,0,0,0,0,0,2,1,1,0,0,0
—§μs‚Ό’¬‚Q’–Ϊ,8,0,0,0,0,0,0,0,0,0,0,0,0,0,0,0,0,0,0,2,0,0,2,0,0,0,0,0,0,0,0,6,4,0,0,0,2
—§μs‚Ό’¬‚R’–Ϊ,11,0,0,0,0,0,0,0,0,0,0,0,0,0,0,0,0,0,0,4,0,0,1,0,0,0,0,0,0,1,2,7,5,0,0,0,2
—§μs‹Ρ’¬‚P’–Ϊ,37,6,0,6,7,0,3,4,0,0,2,0,0,0,1,1,0,0,0,13,0,0,9,0,0,0,0,1,0,2,1,9,5,1,0,0,3
—§μs‹Ρ’¬‚Q’–Ϊ,19,1,0,1,4,0,1,2,0,1,1,0,0,0,1,0,0,0,0,6,0,0,3,0,0,0,0,0,0,0,3,7,4,0,0,0,3
—§μs‹Ρ’¬‚R’–Ϊ,4,0,0,0,1,0,0,1,0,0,0,0,0,0,0,0,0,0,0,2,0,0,1,0,0,0,0,0,0,0,1,1,0,0,0,0,1
—§μs‹Ρ’¬‚S’–Ϊ,3,0,0,0,0,0,0,0,0,0,0,0,0,0,0,0,0,0,0,2,0,0,2,0,0,0,0,0,0,0,0,1,1,0,0,0,0
—§μs‹Ρ’¬‚T’–Ϊ,2,0,0,0,0,0,0,0,0,0,0,0,0,0,0,0,0,0,0,2,0,0,2,0,0,0,0,0,0,0,0,0,0,0,0,0,0
—§μs‹Ρ’¬‚U’–Ϊ,8,0,0,0,1,0,0,1,0,0,0,0,0,0,0,0,0,0,0,5,0,0,4,0,0,0,0,0,0,0,1,2,2,0,0,0,0
—§μs‰Hί’¬‚P’–Ϊ,6,0,0,0,0,0,0,0,0,0,0,0,0,0,0,0,0,0,0,5,0,1,2,0,0,0,0,0,0,1,1,1,0,0,0,0,1
—§μs‰Hί’¬‚Q’–Ϊ,13,0,0,0,0,0,0,0,0,0,0,0,0,0,0,0,0,0,0,2,0,0,2,0,0,0,0,0,0,0,0,11,7,1,0,0,3
—§μs‰Hί’¬‚R’–Ϊ,4,0,0,0,0,0,0,0,0,0,0,0,0,0,0,0,0,0,0,2,0,0,1,0,0,0,0,0,0,0,1,2,0,0,0,0,2
—§μs•xm©’¬‚P’–Ϊ,13,0,0,0,0,0,0,0,0,0,0,0,0,0,0,0,0,0,0,5,0,0,4,0,0,0,0,0,0,1,0,8,5,0,0,0,3
—§μs•xm©’¬‚Q’–Ϊ,10,0,0,0,2,0,1,1,0,0,0,0,0,0,0,0,0,0,0,6,0,1,4,0,0,0,0,0,0,0,1,2,1,1,0,0,0
—§μs•xm©’¬‚S’–Ϊ,2,0,0,0,0,0,0,0,0,0,0,0,0,0,0,0,0,0,0,1,0,0,1,0,0,0,0,0,0,0,0,1,0,0,0,0,1
—§μs•xm©’¬‚T’–Ϊ,4,0,0,0,1,0,1,0,0,0,0,0,0,0,0,0,0,0,0,1,0,0,1,0,0,0,0,0,0,0,0,2,1,0,0,0,1
—§μs•xm©’¬‚U’–Ϊ,11,0,0,0,0,0,0,0,0,0,0,0,0,0,0,0,0,0,0,7,0,3,0,0,0,0,0,0,0,2,2,4,4,0,0,0,0
—§μs•xm©’¬‚V’–Ϊ,1,0,0,0,0,0,0,0,0,0,0,0,0,0,0,0,0,0,0,0,0,0,0,0,0,0,0,0,0,0,0,1,1,0,0,0,0
—§μs—Ξ’¬,25,0,0,0,2,0,0,2,0,0,0,0,0,0,0,0,0,0,0,11,0,0,11,0,0,0,0,0,0,0,0,12,3,0,0,0,9
—§μsα—t’¬‚P’–Ϊ,4,0,0,0,0,0,0,0,0,0,0,0,0,0,0,0,0,0,0,4,0,1,2,1,0,0,0,0,0,0,0,0,0,0,0,0,0
—§μsα—t’¬‚Q’–Ϊ,6,0,0,0,0,0,0,0,0,0,0,0,0,0,0,0,0,0,0,1,0,0,1,0,0,0,0,0,0,0,0,5,5,0,0,0,0
—§μsα—t’¬‚R’–Ϊ,10,0,0,0,0,0,0,0,0,0,0,0,0,0,0,0,0,0,0,8,0,0,2,0,0,0,0,0,0,5,1,2,1,0,0,0,1
—§μsα—t’¬‚S’–Ϊ,3,0,0,0,0,0,0,0,0,0,0,0,0,0,0,0,0,0,0,2,0,0,2,0,0,0,0,0,0,0,0,1,1,0,0,0,0
—§μsκ”Τ’¬‚P’–Ϊ,7,0,0,0,1,0,0,1,0,0,0,0,0,0,0,0,0,0,0,2,0,0,1,0,0,0,0,0,0,0,1,4,0,0,0,0,4
—§μsκ”Τ’¬‚Q’–Ϊ,2,0,0,0,0,0,0,0,0,0,1,0,0,1,0,0,0,0,0,0,0,0,0,0,0,0,0,0,0,0,0,1,0,0,0,0,1
—§μsκ”Τ’¬‚R’–Ϊ,1,0,0,0,0,0,0,0,0,0,0,0,0,0,0,0,0,0,0,0,0,0,0,0,0,0,0,0,0,0,0,1,1,0,0,0,0
—§μsκ”Τ’¬‚S’–Ϊ,5,0,0,0,0,0,0,0,0,0,0,0,0,0,0,0,0,0,0,3,0,1,2,0,0,0,0,0,0,0,0,2,0,0,0,0,2
—§μsκ”Τ’¬‚T’–Ϊ,3,0,0,0,0,0,0,0,0,0,0,0,0,0,0,0,0,0,0,1,0,1,0,0,0,0,0,0,0,0,0,2,0,0,0,0,2
—§μsκ”Τ’¬‚U’–Ϊ,6,0,0,0,0,0,0,0,0,0,0,0,0,0,0,0,0,0,0,5,0,3,2,0,0,0,0,0,0,0,0,1,0,0,0,0,1
—§μsΌ»’¬‚P’–Ϊ,12,0,0,0,0,0,0,0,0,0,0,0,0,0,0,0,0,0,0,11,0,0,11,0,0,0,0,0,0,0,0,1,1,0,0,0,0
—§μsΌ»’¬‚Q’–Ϊ,6,0,0,0,0,0,0,0,0,0,1,0,0,0,1,0,0,0,0,2,0,0,1,0,0,0,0,0,0,0,1,3,0,0,0,0,3
—§μsΌ»’¬‚R’–Ϊ,2,0,0,0,1,0,0,1,0,0,0,0,0,0,0,0,0,0,0,1,0,0,1,0,0,0,0,0,0,0,0,0,0,0,0,0,0
—§μsΌ»’¬‚S’–Ϊ,1,0,0,0,0,0,0,0,0,0,1,0,0,1,0,0,0,0,0,0,0,0,0,0,0,0,0,0,0,0,0,0,0,0,0,0,0
—§μsΌ»’¬‚T’–Ϊ,2,0,0,0,1,0,0,1,0,0,0,0,0,0,0,0,0,0,0,0,0,0,0,0,0,0,0,0,0,0,0,1,1,0,0,0,0
—§μsΌ»’¬‚U’–Ϊ,3,0,0,0,0,0,0,0,0,0,0,0,0,0,0,0,0,0,0,2,0,0,1,1,0,0,0,0,0,0,0,1,1,0,0,0,0
—§μsv,838,15,3,12,52,0,23,26,0,3,19,1,1,3,8,3,1,0,2,520,2,20,233,5,0,5,0,1,10,152,92,232,101,16,1,0,114
•‘ –μs‹gΛ›–k’¬‚P’–Ϊ,4,0,0,0,0,0,0,0,0,0,0,0,0,0,0,0,0,0,0,3,0,0,3,0,0,0,0,0,0,0,0,1,1,0,0,0,0
•‘ –μs‹gΛ›–k’¬‚Q’–Ϊ,2,0,0,0,0,0,0,0,0,0,0,0,0,0,0,0,0,0,0,0,0,0,0,0,0,0,0,0,0,0,0,2,1,0,0,0,1
•‘ –μs‹gΛ›–k’¬‚R’–Ϊ,13,0,0,0,2,0,0,1,0,1,1,0,0,0,0,0,0,0,1,9,0,0,7,0,0,0,0,0,0,0,2,1,1,0,0,0,0
•‘ –μs‹gΛ›–k’¬‚S’–Ϊ,5,0,0,0,0,0,0,0,0,0,0,0,0,0,0,0,0,0,0,4,0,0,3,1,0,0,0,0,0,0,0,1,1,0,0,0,0
•‘ –μs‹gΛ›–k’¬‚T’–Ϊ,3,0,0,0,0,0,0,0,0,0,0,0,0,0,0,0,0,0,0,2,0,0,1,0,0,0,0,0,0,1,0,1,1,0,0,0,0
•‘ –μs‹gΛ›“’¬‚P’–Ϊ,17,0,0,0,2,0,1,1,0,0,0,0,0,0,0,0,0,0,0,11,0,0,2,0,0,0,0,0,0,7,2,4,2,0,0,0,2
•‘ –μs‹gΛ›“’¬‚Q’–Ϊ,4,0,0,0,0,0,0,0,0,0,1,0,0,0,0,0,0,0,1,1,0,0,0,0,0,0,0,0,0,1,0,2,1,1,0,0,0
•‘ –μs‹gΛ›“’¬‚R’–Ϊ,8,0,0,0,0,0,0,0,0,0,0,0,0,0,0,0,0,0,0,2,0,0,1,0,0,0,0,0,0,0,1,6,5,0,0,0,1
•‘ –μs‹gΛ›“’¬‚S’–Ϊ,5,0,0,0,1,0,1,0,0,0,0,0,0,0,0,0,0,0,0,2,0,0,0,0,0,0,0,0,0,0,2,2,1,1,0,0,0
•‘ –μs‹gΛ›–{’¬‚P’–Ϊ,96,1,0,1,6,0,4,1,1,0,1,0,0,0,1,0,0,0,0,66,0,1,19,0,0,0,0,0,1,17,28,22,11,2,0,0,9
•‘ –μs‹gΛ›–{’¬‚Q’–Ϊ,32,0,0,0,0,0,0,0,0,0,1,0,0,0,1,0,0,0,0,26,0,0,10,0,0,0,1,0,0,8,7,5,3,0,0,0,2
•‘ –μs‹gΛ›–{’¬‚R’–Ϊ,6,0,0,0,2,0,2,0,0,0,0,0,0,0,0,0,0,0,0,2,0,0,2,0,0,0,0,0,0,0,0,2,2,0,0,0,0
•‘ –μs‹gΛ›–{’¬‚S’–Ϊ,3,0,0,0,0,0,0,0,0,0,1,0,0,0,0,1,0,0,0,0,0,0,0,0,0,0,0,0,0,0,0,2,2,0,0,0,0
•‘ –μs‹gΛ›“μ’¬‚P’–Ϊ,50,0,0,0,5,0,3,2,0,0,0,0,0,0,0,0,0,0,0,38,0,0,13,0,0,0,0,0,0,10,15,7,2,2,0,0,3
•‘ –μs‹gΛ›“μ’¬‚Q’–Ϊ,50,1,0,1,4,0,3,0,1,0,0,0,0,0,0,0,0,0,0,37,0,0,15,1,0,0,0,0,0,17,4,8,2,0,0,0,6
•‘ –μs‹gΛ›“μ’¬‚R’–Ϊ,6,0,0,0,0,0,0,0,0,0,0,0,0,0,0,0,0,0,0,1,0,0,1,0,0,0,0,0,0,0,0,5,4,0,0,0,1
•‘ –μs‹gΛ›“μ’¬‚S’–Ϊ,7,0,0,0,0,0,0,0,0,0,0,0,0,0,0,0,0,0,0,3,0,0,2,0,0,0,0,0,0,0,1,4,4,0,0,0,0
•‘ –μs‹«“μ’¬‚P’–Ϊ,9,0,0,0,0,0,0,0,0,0,0,0,0,0,0,0,0,0,0,5,0,0,4,0,0,1,0,0,0,0,0,4,1,0,0,0,3
•‘ –μs‹«“μ’¬‚Q’–Ϊ,23,0,0,0,2,0,2,0,0,0,0,0,0,0,0,0,0,0,0,15,0,0,6,0,0,0,0,0,0,5,4,6,3,1,1,0,1
•‘ –μs‹«“μ’¬‚R’–Ϊ,11,0,0,0,1,0,1,0,0,0,0,0,0,0,0,0,0,0,0,9,0,0,5,0,0,0,0,0,0,0,4,1,1,0,0,0,0
•‘ –μs‹«“μ’¬‚S’–Ϊ,1,0,0,0,0,0,0,0,0,0,0,0,0,0,0,0,0,0,0,0,0,0,0,0,0,0,0,0,0,0,0,1,0,0,0,0,1
•‘ –μs‹«“μ’¬‚T’–Ϊ,3,0,0,0,1,0,1,0,0,0,0,0,0,0,0,0,0,0,0,1,0,0,1,0,0,0,0,0,0,0,0,1,1,0,0,0,0
•‘ –μsδ“aR‚P’–Ϊ,27,0,0,0,2,0,2,0,0,0,0,0,0,0,0,0,0,0,0,21,0,1,20,0,0,0,0,0,0,0,0,4,0,3,0,0,1
•‘ –μsδ“aR‚Q’–Ϊ,6,0,0,0,2,0,1,1,0,0,0,0,0,0,0,0,0,0,0,2,0,0,1,1,0,0,0,0,0,0,0,2,0,0,0,0,2
•‘ –μs‹«‚P’–Ϊ,22,0,0,0,1,0,1,0,0,0,0,0,0,0,0,0,0,0,0,18,0,0,12,1,0,0,0,0,0,0,5,3,1,1,0,0,1
•‘ –μs‹«‚Q’–Ϊ,19,0,0,0,0,0,0,0,0,0,0,0,0,0,0,0,0,0,0,14,0,0,9,0,0,0,0,0,0,4,1,5,3,0,0,0,2
•‘ –μs‹«‚R’–Ϊ,3,0,0,0,0,0,0,0,0,0,0,0,0,0,0,0,0,0,0,3,0,0,3,0,0,0,0,0,0,0,0,0,0,0,0,0,0
•‘ –μs‹«‚S’–Ϊ,6,0,0,0,0,0,0,0,0,0,0,0,0,0,0,0,0,0,0,4,0,0,4,0,0,0,0,0,0,0,0,2,1,0,0,0,1
•‘ –μs‹«‚T’–Ϊ,9,0,0,0,1,0,0,1,0,0,3,0,3,0,0,0,0,0,0,3,0,0,1,0,0,0,0,0,0,1,1,2,0,0,0,0,2
•‘ –μsχ’η‚P’–Ϊ,2,0,0,0,0,0,0,0,0,0,0,0,0,0,0,0,0,0,0,2,0,0,1,1,0,0,0,0,0,0,0,0,0,0,0,0,0
•‘ –μsχ’η‚Q’–Ϊ,2,0,0,0,0,0,0,0,0,0,0,0,0,0,0,0,0,0,0,1,0,0,1,0,0,0,0,0,0,0,0,1,1,0,0,0,0
•‘ –μsχ’η‚R’–Ϊ,5,0,0,0,0,0,0,0,0,0,2,0,0,0,0,2,0,0,0,1,0,0,0,0,0,0,0,0,0,0,1,2,1,0,0,0,1
•‘ –μsΦ‘O‚P’–Ϊ,3,0,0,0,0,0,0,0,0,0,0,0,0,0,0,0,0,0,0,3,0,0,0,1,0,0,0,0,0,0,2,0,0,0,0,0,0
•‘ –μsΦ‘O‚Q’–Ϊ,4,0,0,0,0,0,0,0,0,0,0,0,0,0,0,0,0,0,0,2,0,0,1,0,0,0,0,0,0,0,1,2,1,0,0,0,1
•‘ –μsΦ‘O‚R’–Ϊ,3,1,0,1,0,0,0,0,0,0,0,0,0,0,0,0,0,0,0,1,0,0,1,0,0,0,0,0,0,0,0,1,0,1,0,0,0
•‘ –μsΦ‘O‚T’–Ϊ,3,0,0,0,0,0,0,0,0,0,0,0,0,0,0,0,0,0,0,2,0,0,0,1,0,0,0,0,0,0,1,1,1,0,0,0,0
•‘ –μs’†’¬‚P’–Ϊ,31,0,0,0,3,0,3,0,0,0,0,0,0,0,0,0,0,0,0,22,0,0,16,1,0,0,0,0,0,1,4,6,3,0,1,0,2
•‘ –μs’†’¬‚Q’–Ϊ,6,0,0,0,0,0,0,0,0,0,0,0,0,0,0,0,0,0,0,4,0,0,3,0,0,0,0,0,0,1,0,2,2,0,0,0,0
•‘ –μs’†’¬‚R’–Ϊ,8,0,0,0,2,0,1,0,0,1,0,0,0,0,0,0,0,0,0,2,0,0,1,0,0,0,0,0,0,1,0,4,4,0,0,0,0
•‘ –μsΌ‹v•Ϋ‚P’–Ϊ,5,0,0,0,1,0,1,0,0,0,0,0,0,0,0,0,0,0,0,2,0,0,0,0,0,0,0,0,0,1,1,2,1,0,0,0,1
•‘ –μsΌ‹v•Ϋ‚Q’–Ϊ,9,1,1,0,0,0,0,0,0,0,0,0,0,0,0,0,0,0,0,7,0,0,3,0,0,0,0,0,0,4,0,1,1,0,0,0,0
•‘ –μsΌ‹v•Ϋ‚R’–Ϊ,3,0,0,0,1,0,0,1,0,0,0,0,0,0,0,0,0,0,0,0,0,0,0,0,0,0,0,0,0,0,0,2,1,0,0,0,1
•‘ –μs—Ξ’¬‚P’–Ϊ,9,0,0,0,1,0,1,0,0,0,1,0,0,0,0,0,0,0,1,3,0,0,2,0,0,0,0,0,0,0,1,4,1,0,0,0,3
•‘ –μs—Ξ’¬‚Q’–Ϊ,12,1,0,1,2,0,1,1,0,0,0,0,0,0,0,0,0,0,0,5,0,0,2,0,0,0,0,0,0,2,1,4,3,0,0,0,1
•‘ –μs—Ξ’¬‚R’–Ϊ,1,0,0,0,0,0,0,0,0,0,0,0,0,0,0,0,0,0,0,1,0,0,1,0,0,0,0,0,0,0,0,0,0,0,0,0,0
•‘ –μs”ª”¦’¬‚P’–Ϊ,3,0,0,0,0,0,0,0,0,0,0,0,0,0,0,0,0,0,0,2,0,0,1,0,0,0,0,0,0,0,1,1,1,0,0,0,0
•‘ –μs”ª”¦’¬‚Q’–Ϊ,1,0,0,0,0,0,0,0,0,0,0,0,0,0,0,0,0,0,0,0,0,0,0,0,0,0,0,0,0,0,0,1,0,0,0,0,1
•‘ –μs”ª”¦’¬‚R’–Ϊ,2,0,0,0,0,0,0,0,0,0,1,0,0,0,0,0,0,0,1,0,0,0,0,0,0,0,0,0,0,0,0,1,1,0,0,0,0
•‘ –μs”ª”¦’¬‚S’–Ϊ,2,0,0,0,0,0,0,0,0,0,0,0,0,0,0,0,0,0,0,1,1,0,0,0,0,0,0,0,0,0,0,1,0,0,0,0,1
•‘ –μsv,564,5,1,4,42,0,29,9,2,2,12,0,3,0,2,3,0,0,4,363,1,2,178,8,0,1,1,0,1,81,90,142,77,12,2,0,51
O‘ιsδϋ‚P’–Ϊ,4,0,0,0,0,0,0,0,0,0,0,0,0,0,0,0,0,0,0,4,0,0,2,0,0,0,0,0,0,0,2,0,0,0,0,0,0
O‘ιsδϋ‚Q’–Ϊ,7,0,0,0,1,0,0,1,0,0,0,0,0,0,0,0,0,0,0,3,0,0,3,0,0,0,0,0,0,0,0,3,2,0,0,0,1
O‘ιsδϋ‚R’–Ϊ,6,0,0,0,0,0,0,0,0,0,0,0,0,0,0,0,0,0,0,3,0,0,2,0,0,0,0,0,0,0,1,3,2,0,0,0,1
O‘ιsδϋ‚S’–Ϊ,8,0,0,0,0,0,0,0,0,0,0,0,0,0,0,0,0,0,0,6,0,0,6,0,0,0,0,0,0,0,0,2,1,1,0,0,0
O‘ιsδϋ‚T’–Ϊ,1,0,0,0,0,0,0,0,0,0,0,0,0,0,0,0,0,0,0,1,0,0,1,0,0,0,0,0,0,0,0,0,0,0,0,0,0
O‘ιsδ‚Μ“ª‚P’–Ϊ,7,1,0,1,0,0,0,0,0,0,0,0,0,0,0,0,0,0,0,5,0,0,2,1,0,0,0,0,0,1,1,1,0,0,1,0,0
O‘ιsδ‚Μ“ª‚Q’–Ϊ,3,0,0,0,0,0,0,0,0,0,0,0,0,0,0,0,0,0,0,1,0,0,1,0,0,0,0,0,0,0,0,2,1,0,0,0,1
O‘ιsδ‚Μ“ª‚R’–Ϊ,6,0,0,0,1,0,0,0,1,0,0,0,0,0,0,0,0,0,0,4,0,0,4,0,0,0,0,0,0,0,0,1,0,0,0,0,1
O‘ιsδ‚Μ“ª‚S’–Ϊ,17,0,0,0,3,0,3,0,0,0,0,0,0,0,0,0,0,0,0,8,0,0,6,0,0,0,0,0,0,0,2,6,6,0,0,0,0
O‘ιsδ‚Μ“ª‚T’–Ϊ,3,0,0,0,0,0,0,0,0,0,0,0,0,0,0,0,0,0,0,1,0,0,1,0,0,0,0,0,0,0,0,2,2,0,0,0,0
O‘ιs‘ε‘ς‚P’–Ϊ,4,0,0,0,0,0,0,0,0,0,0,0,0,0,0,0,0,0,0,2,0,0,2,0,0,0,0,0,0,0,0,2,2,0,0,0,0
O‘ιs‘ε‘ς‚Q’–Ϊ,8,0,0,0,1,0,1,0,0,0,0,0,0,0,0,0,0,0,0,3,0,1,1,0,0,0,0,0,0,0,1,4,3,0,0,0,1
O‘ιs‘ε‘ς‚R’–Ϊ,9,0,0,0,0,0,0,0,0,0,0,0,0,0,0,0,0,0,0,6,0,0,6,0,0,0,0,0,0,0,0,3,1,1,0,0,1
O‘ιs‘ε‘ς‚S’–Ϊ,8,0,0,0,0,0,0,0,0,0,0,0,0,0,0,0,0,0,0,3,0,1,0,0,0,0,0,0,0,0,2,5,1,0,0,0,4
O‘ιs‘ε‘ς‚T’–Ϊ,8,0,0,0,0,0,0,0,0,0,0,0,0,0,0,0,0,0,0,2,0,0,1,0,0,0,0,0,0,1,0,6,2,1,0,0,3
O‘ιs‘ε‘ς‚U’–Ϊ,4,0,0,0,0,0,0,0,0,0,0,0,0,0,0,0,0,0,0,3,0,0,2,0,0,0,0,0,0,0,1,1,1,0,0,0,0
O‘ιsγA‚P’–Ϊ,7,0,0,0,1,0,0,1,0,0,0,0,0,0,0,0,0,0,0,3,0,1,2,0,0,0,0,0,0,0,0,3,1,1,0,0,1
O‘ιsγA‚Q’–Ϊ,7,0,0,0,0,0,0,0,0,0,0,0,0,0,0,0,0,0,0,3,0,0,1,1,0,0,0,0,0,0,1,4,2,0,0,0,2
O‘ιsγA‚R’–Ϊ,13,0,0,0,1,0,1,0,0,0,0,0,0,0,0,0,0,0,0,6,0,0,5,0,0,0,0,0,0,0,1,6,5,1,0,0,0
O‘ιsγA‚S’–Ϊ,2,0,0,0,1,0,0,0,0,1,0,0,0,0,0,0,0,0,0,1,0,0,0,0,0,0,0,0,0,0,1,0,0,0,0,0,0
O‘ιsγA‚T’–Ϊ,4,0,0,0,1,0,0,1,0,0,0,0,0,0,0,0,0,0,0,0,0,0,0,0,0,0,0,0,0,0,0,3,1,0,0,0,2
O‘ιsγA‚U’–Ϊ,9,0,0,0,0,0,0,0,0,0,0,0,0,0,0,0,0,0,0,9,0,0,6,1,0,0,0,0,0,2,0,0,0,0,0,0,0
O‘ιsγA‚V’–Ϊ,3,0,0,0,1,0,1,0,0,0,0,0,0,0,0,0,0,0,0,0,0,0,0,0,0,0,0,0,0,0,0,2,2,0,0,0,0
O‘ιsγA‚W’–Ϊ,5,0,0,0,1,0,1,0,0,0,0,0,0,0,0,0,0,0,0,3,0,0,2,0,0,0,0,0,0,0,1,1,1,0,0,0,0
O‘ιsγA‚X’–Ϊ,6,0,0,0,2,0,1,1,0,0,0,0,0,0,0,0,0,0,0,2,0,0,0,0,0,0,0,0,0,0,2,2,2,0,0,0,0
O‘ιs–k–μ‚P’–Ϊ,1,0,0,0,0,0,0,0,0,0,0,0,0,0,0,0,0,0,0,0,0,0,0,0,0,0,0,0,0,0,0,1,1,0,0,0,0
O‘ιs–k–μ‚Q’–Ϊ,4,0,0,0,1,0,1,0,0,0,0,0,0,0,0,0,0,0,0,2,0,0,1,1,0,0,0,0,0,0,0,1,1,0,0,0,0
O‘ιs–k–μ‚R’–Ϊ,3,0,0,0,1,0,1,0,0,0,0,0,0,0,0,0,0,0,0,1,0,0,0,0,0,1,0,0,0,0,0,1,0,0,0,0,1
O‘ιs–k–μ‚S’–Ϊ,3,0,0,0,0,0,0,0,0,0,0,0,0,0,0,0,0,0,0,1,0,0,1,0,0,0,0,0,0,0,0,2,2,0,0,0,0
O‘ιs‰ΊA‚P’–Ϊ,13,0,0,0,0,0,0,0,0,0,0,0,0,0,0,0,0,0,0,11,0,0,5,4,0,0,0,0,0,0,2,2,1,0,0,0,1
O‘ιs‰ΊA‚Q’–Ϊ,6,0,0,0,0,0,0,0,0,0,0,0,0,0,0,0,0,0,0,3,0,0,3,0,0,0,0,0,0,0,0,3,2,0,0,0,1
O‘ιs‰ΊA‚R’–Ϊ,72,0,0,0,9,0,7,2,0,0,0,0,0,0,0,0,0,0,0,43,0,0,19,2,0,0,1,0,0,7,14,20,4,1,0,0,15
O‘ιs‰ΊA‚S’–Ϊ,15,0,0,0,0,0,0,0,0,0,0,0,0,0,0,0,0,0,0,9,0,0,6,0,0,0,0,0,0,2,1,6,4,0,1,0,1
O‘ιs‰ΊA‚T’–Ϊ,8,0,0,0,0,0,0,0,0,0,0,0,0,0,0,0,0,0,0,4,0,0,4,0,0,0,0,0,0,0,0,4,1,0,0,0,3
O‘ιs‰ΊA‚U’–Ϊ,6,0,0,0,1,0,0,0,1,0,0,0,0,0,0,0,0,0,0,4,0,0,1,0,0,0,0,0,0,3,0,1,0,0,0,0,1
O‘ιs‰ΊA‚V’–Ϊ,13,0,0,0,0,0,0,0,0,0,0,0,0,0,0,0,0,0,0,13,0,0,7,0,0,0,0,0,0,0,6,0,0,0,0,0,0
O‘ιs‰ΊA‚W’–Ϊ,5,0,0,0,0,0,0,0,0,0,0,0,0,0,0,0,0,0,0,4,0,0,3,0,0,0,0,0,0,0,1,1,1,0,0,0,0
O‘ιs‰ΊA‚X’–Ϊ,8,0,0,0,1,0,1,0,0,0,0,0,0,0,0,0,0,0,0,3,0,0,3,0,0,0,0,0,0,0,0,4,3,1,0,0,0
O‘ιsVμ‚P’–Ϊ,1,0,0,0,0,0,0,0,0,0,0,0,0,0,0,0,0,0,0,1,0,0,0,0,0,0,0,0,0,1,0,0,0,0,0,0,0
O‘ιsVμ‚Q’–Ϊ,4,0,0,0,0,0,0,0,0,0,0,0,0,0,0,0,0,0,0,3,0,0,1,0,0,0,0,0,0,0,2,1,0,0,0,0,1
O‘ιsVμ‚R’–Ϊ,5,0,0,0,0,0,0,0,0,0,0,0,0,0,0,0,0,0,0,5,0,0,2,0,0,0,0,0,0,3,0,0,0,0,0,0,0
O‘ιsVμ‚S’–Ϊ,5,0,0,0,1,0,1,0,0,0,0,0,0,0,0,0,0,0,0,3,0,1,2,0,0,0,0,0,0,0,0,1,1,0,0,0,0
O‘ιsVμ‚T’–Ϊ,6,0,0,0,0,0,0,0,0,0,0,0,0,0,0,0,0,0,0,4,0,2,2,0,0,0,0,0,0,0,0,2,1,0,0,0,1
O‘ιsVμ‚U’–Ϊ,20,0,0,0,2,0,0,2,0,0,0,0,0,0,0,0,0,0,0,8,0,1,4,0,0,0,0,0,0,2,1,10,6,0,0,0,4
O‘ιs[‘ε›‚P’–Ϊ,3,0,0,0,1,0,0,1,0,0,0,0,0,0,0,0,0,0,0,1,0,0,0,0,0,0,0,0,0,1,0,1,1,0,0,0,0
O‘ιs[‘ε›‚Q’–Ϊ,6,0,0,0,0,0,0,0,0,0,0,0,0,0,0,0,0,0,0,2,0,0,2,0,0,0,0,0,0,0,0,4,3,0,0,0,1
O‘ιs[‘ε›‚R’–Ϊ,7,0,0,0,0,0,0,0,0,0,0,0,0,0,0,0,0,0,0,4,0,0,1,0,0,0,0,0,0,0,3,3,2,1,0,0,0
O‘ιs’†΄‚P’–Ϊ,3,0,0,0,0,0,0,0,0,0,0,0,0,0,0,0,0,0,0,1,0,0,1,0,0,0,0,0,0,0,0,2,2,0,0,0,0
O‘ιs’†΄‚Q’–Ϊ,5,0,0,0,0,0,0,0,0,0,0,0,0,0,0,0,0,0,0,3,0,0,1,0,0,0,0,0,0,0,2,2,0,0,0,0,2
O‘ιs’†΄‚R’–Ϊ,6,0,0,0,1,0,1,0,0,0,0,0,0,0,0,0,0,0,0,3,0,0,2,0,0,0,0,0,0,0,1,2,2,0,0,0,0
O‘ιs’†΄‚S’–Ϊ,6,0,0,0,0,0,0,0,0,0,1,0,0,0,0,1,0,0,0,2,0,1,0,0,0,0,0,0,0,0,1,3,2,0,0,0,1
O‘ιs–μθ‚P’–Ϊ,15,0,0,0,0,0,0,0,0,0,0,0,0,0,0,0,0,0,0,11,0,0,2,0,0,0,0,0,0,5,4,4,2,0,1,0,1
O‘ιs–μθ‚R’–Ϊ,10,0,0,0,1,0,1,0,0,0,0,0,0,0,0,0,0,0,0,9,0,0,6,0,0,0,0,0,0,2,1,0,0,0,0,0,0
O‘ιs–μθ‚S’–Ϊ,2,0,0,0,0,0,0,0,0,0,0,0,0,0,0,0,0,0,0,1,0,0,0,0,0,0,0,0,0,1,0,1,1,0,0,0,0
O‘ιs–΄—η‚P’–Ϊ,4,0,0,0,1,0,0,1,0,0,0,0,0,0,0,0,0,0,0,3,0,0,3,0,0,0,0,0,0,0,0,0,0,0,0,0,0
O‘ιs–΄—η‚Q’–Ϊ,9,0,0,0,2,0,0,2,0,0,0,0,0,0,0,0,0,0,0,6,0,0,2,0,0,0,0,0,0,2,2,1,0,0,1,0,0
O‘ιs–΄—η‚R’–Ϊ,2,0,0,0,0,0,0,0,0,0,2,0,0,0,0,0,0,0,2,0,0,0,0,0,0,0,0,0,0,0,0,0,0,0,0,0,0
O‘ιs–΄—η‚S’–Ϊ,5,0,0,0,0,0,0,0,0,0,0,0,0,0,0,0,0,0,0,4,0,0,2,0,0,0,0,0,0,1,1,1,1,0,0,0,0
O‘ιs–΄—η‚T’–Ϊ,6,0,0,0,1,0,0,0,1,0,0,0,0,0,0,0,0,0,0,2,0,0,2,0,0,0,0,0,0,0,0,3,1,0,0,0,2
O‘ιs–΄—η‚U’–Ϊ,12,0,0,0,0,0,0,0,0,0,1,0,0,0,0,0,0,0,1,7,0,0,5,0,0,0,0,0,0,1,1,4,3,0,0,0,1
O‘ιs–΄—η‚V’–Ϊ,2,0,0,0,0,0,0,0,0,0,0,0,0,0,0,0,0,0,0,1,0,0,1,0,0,0,0,0,0,0,0,1,1,0,0,0,0
O‘ιsv,460,1,0,1,37,0,21,12,3,1,4,0,0,0,0,1,0,0,3,264,0,8,150,10,0,1,1,0,0,35,59,154,87,8,4,0,55
Β”~s΅δ‚P’–Ϊ,1,0,0,0,0,0,0,0,0,0,0,0,0,0,0,0,0,0,0,0,0,0,0,0,0,0,0,0,0,0,0,1,0,0,0,0,1
Β”~s΅δ‚Q’–Ϊ,2,0,0,0,1,0,0,1,0,0,0,0,0,0,0,0,0,0,0,1,0,0,1,0,0,0,0,0,0,0,0,0,0,0,0,0,0
Β”~s΅δ‚R’–Ϊ,2,0,0,0,0,0,0,0,0,0,1,0,1,0,0,0,0,0,0,1,0,0,0,0,0,0,0,0,0,1,0,0,0,0,0,0,0
Β”~s΅δ‚S’–Ϊ,1,0,0,0,0,0,0,0,0,0,0,0,0,0,0,0,0,0,0,1,0,0,0,0,0,0,0,0,0,0,1,0,0,0,0,0,0
Β”~s΅›‚P’–Ϊ,4,0,0,0,1,0,0,1,0,0,0,0,0,0,0,0,0,0,0,2,0,0,2,0,0,0,0,0,0,0,0,1,0,0,0,0,1
Β”~s΅›‚Q’–Ϊ,1,0,0,0,0,0,0,0,0,0,0,0,0,0,0,0,0,0,0,1,0,0,1,0,0,0,0,0,0,0,0,0,0,0,0,0,0
Β”~s΅›‚R’–Ϊ,2,0,0,0,0,0,0,0,0,0,0,0,0,0,0,0,0,0,0,2,0,0,0,0,0,0,0,0,0,1,1,0,0,0,0,0,0
Β”~s΅›‚S’–Ϊ,1,0,0,0,0,0,0,0,0,0,0,0,0,0,0,0,0,0,0,1,0,0,1,0,0,0,0,0,0,0,0,0,0,0,0,0,0
Β”~s΅›‚T’–Ϊ,7,0,0,0,0,0,0,0,0,0,0,0,0,0,0,0,0,0,0,7,0,1,2,0,0,0,0,0,0,1,3,0,0,0,0,0,0
Β”~sΐ‚P’–Ϊ,1,0,0,0,0,0,0,0,0,0,0,0,0,0,0,0,0,0,0,0,0,0,0,0,0,0,0,0,0,0,0,1,0,0,0,0,1
Β”~sΐ‚Q’–Ϊ,2,0,0,0,0,0,0,0,0,0,0,0,0,0,0,0,0,0,0,1,0,0,0,0,0,0,0,0,0,0,1,1,0,0,0,0,1
Β”~s‰Ν•Σ’¬‚P’–Ϊ,2,1,0,1,0,0,0,0,0,0,0,0,0,0,0,0,0,0,0,0,0,0,0,0,0,0,0,0,0,0,0,1,1,0,0,0,0
Β”~s‰Ν•Σ’¬‚R’–Ϊ,1,0,0,0,1,0,1,0,0,0,0,0,0,0,0,0,0,0,0,0,0,0,0,0,0,0,0,0,0,0,0,0,0,0,0,0,0
Β”~s‰Ν•Σ’¬‚S’–Ϊ,2,0,0,0,0,0,0,0,0,0,0,0,0,0,0,0,0,0,0,2,0,0,1,0,0,0,0,0,0,0,1,0,0,0,0,0,0
Β”~s‰Ν•Σ’¬‚T’–Ϊ,9,1,0,1,0,0,0,0,0,0,0,0,0,0,0,0,0,0,0,6,0,1,3,0,0,0,0,0,0,1,1,2,0,0,0,0,2
Β”~s‰Ν•Σ’¬‚U’–Ϊ,2,0,0,0,0,0,0,0,0,0,0,0,0,0,0,0,0,0,0,1,0,0,0,0,0,0,0,0,0,1,0,1,0,0,0,0,1
Β”~s‰Ν•Σ’¬‚V’–Ϊ,5,0,0,0,0,0,0,0,0,0,0,0,0,0,0,0,0,0,0,4,0,0,3,0,0,0,0,0,0,1,0,1,0,0,0,0,1
Β”~s‰Ν•Σ’¬‚W’–Ϊ,1,0,0,0,0,0,0,0,0,0,0,0,0,0,0,0,0,0,0,1,0,0,0,0,0,0,0,0,0,1,0,0,0,0,0,0,0
Β”~s‰Ν•Σ’¬‚X’–Ϊ,4,0,0,0,0,0,0,0,0,0,0,0,0,0,0,0,0,0,0,4,0,0,1,0,0,0,1,0,0,1,1,0,0,0,0,0,0
Β”~s‰Ν•Σ’¬‚P‚O’–Ϊ,38,0,0,0,1,0,1,0,0,0,1,0,0,0,1,0,0,0,0,34,0,1,20,0,0,0,0,0,0,11,2,2,0,1,0,0,1
Β”~s–Ψ–μ‰Ί‚P’–Ϊ,1,0,0,0,0,0,0,0,0,0,0,0,0,0,0,0,0,0,0,0,0,0,0,0,0,0,0,0,0,0,0,1,0,0,0,0,1
Β”~s–Ψ–μ‰Ί‚Q’–Ϊ,1,0,0,0,0,0,0,0,0,0,1,0,0,0,0,1,0,0,0,0,0,0,0,0,0,0,0,0,0,0,0,0,0,0,0,0,0
Β”~s•‘ς‚P’–Ϊ,1,0,0,0,0,0,0,0,0,0,0,0,0,0,0,0,0,0,0,0,0,0,0,0,0,0,0,0,0,0,0,1,1,0,0,0,0
Β”~s•‘ς‚Q’–Ϊ,1,0,0,0,0,0,0,0,0,0,0,0,0,0,0,0,0,0,0,1,0,0,0,0,0,0,0,0,0,0,1,0,0,0,0,0,0
Β”~s‹ξ–Ψ’¬‚R’–Ϊ,1,0,0,0,0,0,0,0,0,0,1,0,0,0,0,0,0,0,1,0,0,0,0,0,0,0,0,0,0,0,0,0,0,0,0,0,0
Β”~s‘ςδ‚R’–Ϊ,1,0,0,0,1,0,0,1,0,0,0,0,0,0,0,0,0,0,0,0,0,0,0,0,0,0,0,0,0,0,0,0,0,0,0,0,0
Β”~sV’¬‚P’–Ϊ,5,0,0,0,0,0,0,0,0,0,0,0,0,0,0,0,0,0,0,4,0,0,3,0,0,0,0,0,0,1,0,1,0,0,0,0,1
Β”~sV’¬‚Q’–Ϊ,6,0,0,0,0,0,0,0,0,0,0,0,0,0,0,0,0,0,0,1,0,0,1,0,0,0,0,0,0,0,0,5,2,1,0,0,2
Β”~sV’¬‚R’–Ϊ,21,0,0,0,0,0,0,0,0,0,0,0,0,0,0,0,0,0,0,18,0,2,12,0,0,0,0,0,0,1,3,3,2,0,0,0,1
Β”~sV’¬‚S’–Ϊ,7,0,0,0,1,0,0,1,0,0,0,0,0,0,0,0,0,0,0,4,0,0,3,0,0,0,0,0,0,0,1,2,1,0,0,0,1
Β”~sV’¬‚T’–Ϊ,12,0,0,0,0,0,0,0,0,0,1,0,0,0,0,0,0,0,1,9,0,0,4,0,0,0,0,0,0,3,2,2,1,0,0,0,1
Β”~sV’¬‚U’–Ϊ,23,0,0,0,0,0,0,0,0,0,0,0,0,0,0,0,0,0,0,23,0,0,0,0,0,1,0,0,0,22,0,0,0,0,0,0,0
Β”~sV’¬‚V’–Ϊ,4,0,0,0,0,0,0,0,0,0,0,0,0,0,0,0,0,0,0,4,0,1,2,0,0,0,0,0,0,0,1,0,0,0,0,0,0
Β”~sV’¬‚W’–Ϊ,3,0,0,0,0,0,0,0,0,0,1,0,0,0,0,1,0,0,0,1,0,0,1,0,0,0,0,0,0,0,0,1,1,0,0,0,0
Β”~sV’¬‚X’–Ϊ,4,0,0,0,0,0,0,0,0,0,0,0,0,0,0,0,0,0,0,2,0,0,1,0,0,0,0,0,0,0,1,2,0,0,0,0,2
Β”~s––L’¬‚Q’–Ϊ,3,0,0,0,0,0,0,0,0,0,0,0,0,0,0,0,0,0,0,2,0,0,1,1,0,0,0,0,0,0,0,1,1,0,0,0,0
Β”~s‘ε–ε‚P’–Ϊ,2,0,0,0,0,0,0,0,0,0,0,0,0,0,0,0,0,0,0,1,0,0,0,1,0,0,0,0,0,0,0,1,1,0,0,0,0
Β”~s‘ε–ε‚R’–Ϊ,4,0,0,0,0,0,0,0,0,0,0,0,0,0,0,0,0,0,0,4,0,0,3,0,0,0,0,0,0,1,0,0,0,0,0,0,0
Β”~sηƒ–£’¬‚P’–Ϊ,1,0,0,0,0,0,0,0,0,0,0,0,0,0,0,0,0,0,0,0,0,0,0,0,0,0,0,0,0,0,0,1,0,0,0,0,1
Β”~sηƒ–£’¬‚Q’–Ϊ,1,0,0,0,0,0,0,0,0,0,0,0,0,0,0,0,0,0,0,1,0,0,0,0,0,0,0,0,0,1,0,0,0,0,0,0,0
Β”~sηƒ–£’¬‚R’–Ϊ,1,0,0,0,0,0,0,0,0,0,0,0,0,0,0,0,0,0,0,1,0,0,0,0,0,0,0,0,0,0,1,0,0,0,0,0,0
Β”~sηƒ–£’¬‚S’–Ϊ,3,0,0,0,0,0,0,0,0,0,0,0,0,0,0,0,0,0,0,3,0,0,1,0,0,0,0,0,0,0,2,0,0,0,0,0,0
Β”~sηƒ–£’¬‚U’–Ϊ,1,0,0,0,0,0,0,0,0,0,0,0,0,0,0,0,0,0,0,0,0,0,0,0,0,0,0,0,0,0,0,1,1,0,0,0,0
Β”~s—F“c’¬‚R’–Ϊ,1,0,0,0,0,0,0,0,0,0,0,0,0,0,0,0,0,0,0,0,0,0,0,0,0,0,0,0,0,0,0,1,0,0,0,0,1
Β”~s—F“c’¬‚S’–Ϊ,3,0,0,0,0,0,0,0,0,0,0,0,0,0,0,0,0,0,0,2,0,1,0,0,0,0,0,0,0,0,1,1,0,0,0,0,1
Β”~s’·•£‚P’–Ϊ,2,0,0,0,0,0,0,0,0,0,0,0,0,0,0,0,0,0,0,0,0,0,0,0,0,0,0,0,0,0,0,2,2,0,0,0,0
Β”~s’·•£‚Q’–Ϊ,2,0,0,0,0,0,0,0,0,0,0,0,0,0,0,0,0,0,0,1,0,0,0,0,0,0,0,0,0,0,1,1,1,0,0,0,0
Β”~s’·•£‚R’–Ϊ,1,0,0,0,0,0,0,0,0,0,0,0,0,0,0,0,0,0,0,1,0,1,0,0,0,0,0,0,0,0,0,0,0,0,0,0,0
Β”~s’·•£‚S’–Ϊ,2,0,0,0,1,0,1,0,0,0,1,0,0,0,0,1,0,0,0,0,0,0,0,0,0,0,0,0,0,0,0,0,0,0,0,0,0
Β”~s’·•£‚T’–Ϊ,1,0,0,0,1,0,0,1,0,0,0,0,0,0,0,0,0,0,0,0,0,0,0,0,0,0,0,0,0,0,0,0,0,0,0,0,0
Β”~s¬–Ψ‚P’–Ϊ,1,0,0,0,0,0,0,0,0,0,0,0,0,0,0,0,0,0,0,1,0,0,0,0,0,0,0,0,0,0,1,0,0,0,0,0,0
Β”~s¬–Ψ‚Q’–Ϊ,2,0,0,0,0,0,0,0,0,0,0,0,0,0,0,0,0,0,0,1,0,0,0,1,0,0,0,0,0,0,0,1,0,0,0,0,1
Β”~s¬–Ψ‚R’–Ϊ,1,0,0,0,0,0,0,0,0,0,0,0,0,0,0,0,0,0,0,0,0,0,0,0,0,0,0,0,0,0,0,1,0,0,0,0,1
Β”~sªƒ–•z‚P’–Ϊ,3,0,0,0,0,0,0,0,0,0,1,0,0,0,0,0,0,0,1,1,0,0,0,0,0,0,0,0,0,0,1,1,1,0,0,0,0
Β”~s–μγ’¬‚Q’–Ϊ,3,0,0,0,0,0,0,0,0,0,2,0,0,0,1,0,1,0,0,1,0,0,0,0,0,0,0,0,0,1,0,0,0,0,0,0,0
Β”~s–μγ’¬‚R’–Ϊ,10,0,0,0,2,0,1,1,0,0,0,0,0,0,0,0,0,0,0,7,0,1,6,0,0,0,0,0,0,0,0,1,0,0,0,0,1
Β”~s”~‹½‚S’–Ϊ,1,0,0,0,0,0,0,0,0,0,0,0,0,0,0,0,0,0,0,1,0,0,0,0,0,0,0,0,0,0,1,0,0,0,0,0,0
Β”~s”~‹½‚U’–Ϊ,1,0,0,0,0,0,0,0,0,0,0,0,0,0,0,0,0,0,0,1,0,0,1,0,0,0,0,0,0,0,0,0,0,0,0,0,0
Β”~s“Β”~‚P’–Ϊ,3,0,0,0,2,0,0,0,2,0,0,0,0,0,0,0,0,0,0,0,0,0,0,0,0,0,0,0,0,0,0,1,0,0,0,0,1
Β”~s“Β”~‚Q’–Ϊ,2,0,0,0,0,0,0,0,0,0,0,0,0,0,0,0,0,0,0,1,0,0,0,0,0,0,0,0,0,0,1,1,0,0,0,0,1
Β”~s“Β”~‚R’–Ϊ,10,0,0,0,0,0,0,0,0,0,0,0,0,0,0,0,0,0,0,7,0,0,3,0,0,0,0,0,0,3,1,3,1,0,0,0,2
Β”~s“Β”~‚S’–Ϊ,2,0,0,0,0,0,0,0,0,0,0,0,0,0,0,0,0,0,0,2,0,0,2,0,0,0,0,0,0,0,0,0,0,0,0,0,0
Β”~s“Β”~‚T’–Ϊ,3,1,0,1,0,0,0,0,0,0,0,0,0,0,0,0,0,0,0,2,0,0,1,0,0,0,0,0,0,0,1,0,0,0,0,0,0
Β”~s“Β”~‚U’–Ϊ,1,0,0,0,0,0,0,0,0,0,0,0,0,0,0,0,0,0,0,0,0,0,0,0,0,0,0,0,0,0,0,1,1,0,0,0,0
Β”~s“ϊόa“c‚Q’–Ϊ,1,0,0,0,0,0,0,0,0,0,0,0,0,0,0,0,0,0,0,0,0,0,0,0,0,0,0,0,0,0,0,1,0,0,0,0,1
Β”~s“ϊόa“c‚R’–Ϊ,3,0,0,0,0,0,0,0,0,0,0,0,0,0,0,0,0,0,0,2,0,0,2,0,0,0,0,0,0,0,0,1,1,0,0,0,0
Β”~s“΅‹΄‚Q’–Ϊ,6,0,0,0,0,0,0,0,0,0,1,0,0,0,0,0,0,0,1,2,0,0,1,0,0,0,0,0,0,1,0,3,1,1,0,0,1
Β”~s“ρ–“”φ‚R’–Ϊ,1,0,0,0,0,0,0,0,0,0,0,0,0,0,0,0,0,0,0,1,0,0,0,0,0,0,0,0,0,0,1,0,0,0,0,0,0
Β”~st‰ª’¬‚P’–Ϊ,1,0,0,0,0,0,0,0,0,0,1,0,0,0,0,0,1,0,0,0,0,0,0,0,0,0,0,0,0,0,0,0,0,0,0,0,0
Β”~st‰ª’¬‚Q’–Ϊ,1,0,0,0,0,0,0,0,0,0,0,0,0,0,0,0,0,0,0,0,0,0,0,0,0,0,0,0,0,0,0,1,0,0,0,0,1
Β”~st‰ª’¬‚S’–Ϊ,2,0,0,0,1,0,0,1,0,0,0,0,0,0,0,0,0,0,0,0,0,0,0,0,0,0,0,0,0,0,0,1,0,0,0,0,1
Β”~s’J–μ,1,0,0,0,1,0,0,1,0,0,0,0,0,0,0,0,0,0,0,0,0,0,0,0,0,0,0,0,0,0,0,0,0,0,0,0,0
Β”~s—M–Ψ’¬‚Q’–Ϊ,1,0,0,0,0,0,0,0,0,0,0,0,0,0,0,0,0,0,0,1,0,0,0,0,0,0,0,0,0,0,1,0,0,0,0,0,0
Β”~s—M–Ψ’¬‚R’–Ϊ,1,0,0,0,0,0,0,0,0,0,0,0,0,0,0,0,0,0,0,1,0,0,0,0,0,0,0,0,0,0,1,0,0,0,0,0,0
Β”~s“Vƒ–£’¬,1,1,0,1,0,0,0,0,0,0,0,0,0,0,0,0,0,0,0,0,0,0,0,0,0,0,0,0,0,0,0,0,0,0,0,0,0
Β”~s— h’¬,3,1,0,1,1,0,0,1,0,0,0,0,0,0,0,0,0,0,0,1,0,0,0,0,0,0,0,0,0,0,1,0,0,0,0,0,0
Β”~s‘ε–φ’¬,1,0,0,0,0,0,0,0,0,0,0,0,0,0,0,0,0,0,0,1,0,0,1,0,0,0,0,0,0,0,0,0,0,0,0,0,0
Β”~sγ’¬,2,0,0,0,0,0,0,0,0,0,0,0,0,0,0,0,0,0,0,1,0,0,0,0,0,0,0,0,0,1,0,1,0,0,0,0,1
Β”~s–{’¬,10,0,0,0,1,0,1,0,0,0,0,0,0,0,0,0,0,0,0,7,0,0,1,0,0,0,0,0,0,3,3,2,2,0,0,0,0
Β”~sX‰Ί’¬,1,0,0,0,0,0,0,0,0,0,0,0,0,0,0,0,0,0,0,0,0,0,0,0,0,0,0,0,0,0,0,1,1,0,0,0,0
Β”~sv,286,5,0,5,16,0,5,9,2,0,12,0,1,0,2,3,2,0,4,194,0,9,85,3,0,1,1,0,0,57,38,59,23,3,0,0,33
•{’†s’©“ϊ’¬‚P’–Ϊ,2,0,0,0,0,0,0,0,0,0,0,0,0,0,0,0,0,0,0,0,0,0,0,0,0,0,0,0,0,0,0,2,0,0,0,0,2
•{’†s’©“ϊ’¬‚Q’–Ϊ,3,0,0,0,0,0,0,0,0,0,0,0,0,0,0,0,0,0,0,3,0,1,0,0,0,0,0,0,0,1,1,0,0,0,0,0,0
•{’†s’©“ϊ’¬‚R’–Ϊ,2,0,0,0,0,0,0,0,0,0,0,0,0,0,0,0,0,0,0,1,0,0,1,0,0,0,0,0,0,0,0,1,0,0,1,0,0
•{’†s‰—§’¬‚P’–Ϊ,4,0,0,0,1,0,0,0,1,0,0,0,0,0,0,0,0,0,0,3,0,0,2,0,0,0,0,0,0,0,1,0,0,0,0,0,0
•{’†s‰—§’¬‚Q’–Ϊ,2,0,0,0,0,0,0,0,0,0,0,0,0,0,0,0,0,0,0,2,0,2,0,0,0,0,0,0,0,0,0,0,0,0,0,0,0
•{’†s‰—§’¬‚R’–Ϊ,3,0,0,0,0,0,0,0,0,0,0,0,0,0,0,0,0,0,0,2,0,0,2,0,0,0,0,0,0,0,0,1,1,0,0,0,0
•{’†s‰—§’¬‚S’–Ϊ,4,0,0,0,0,0,0,0,0,0,0,0,0,0,0,0,0,0,0,3,0,0,3,0,0,0,0,0,0,0,0,1,0,0,0,0,1
•{’†s‰—§’¬‚T’–Ϊ,2,0,0,0,0,0,0,0,0,0,0,0,0,0,0,0,0,0,0,1,0,0,1,0,0,0,0,0,0,0,0,1,1,0,0,0,0
•{’†s•Π’¬‚P’–Ϊ,3,0,0,0,1,0,1,0,0,0,0,0,0,0,0,0,0,0,0,1,0,0,0,0,0,0,0,0,0,0,1,1,0,0,0,0,1
•{’†s•Π’¬‚Q’–Ϊ,7,0,0,0,2,0,1,1,0,0,0,0,0,0,0,0,0,0,0,3,0,0,1,0,0,0,0,0,0,0,2,2,0,2,0,0,0
•{’†s•Π’¬‚R’–Ϊ,17,0,0,0,0,0,0,0,0,0,0,0,0,0,0,0,0,0,0,16,0,0,13,0,0,0,0,0,0,3,0,1,0,0,0,0,1
•{’†s–kR’¬‚Q’–Ϊ,4,0,0,0,0,0,0,0,0,0,1,0,0,1,0,0,0,0,0,0,0,0,0,0,0,0,0,0,0,0,0,3,2,0,0,0,1
•{’†s–kR’¬‚R’–Ϊ,2,0,0,0,0,0,0,0,0,0,0,0,0,0,0,0,0,0,0,1,0,0,0,0,0,0,0,0,0,1,0,1,0,0,0,0,1
•{’†sυ’¬‚P’–Ϊ,2,0,0,0,0,0,0,0,0,0,0,0,0,0,0,0,0,0,0,1,0,0,1,0,0,0,0,0,0,0,0,1,0,0,0,0,1
•{’†sυ’¬‚Q’–Ϊ,3,0,0,0,1,0,0,1,0,0,0,0,0,0,0,0,0,0,0,0,0,0,0,0,0,0,0,0,0,0,0,2,0,1,0,0,1
•{’†sυ’¬‚R’–Ϊ,3,0,0,0,0,0,0,0,0,0,1,0,0,0,0,0,0,0,1,0,0,0,0,0,0,0,0,0,0,0,0,2,0,0,0,0,2
•{’†s¬–φ’¬‚P’–Ϊ,1,0,0,0,0,0,0,0,0,0,1,0,0,0,0,1,0,0,0,0,0,0,0,0,0,0,0,0,0,0,0,0,0,0,0,0,0
•{’†s¬–φ’¬‚Q’–Ϊ,5,0,0,0,0,0,0,0,0,0,0,0,0,0,0,0,0,0,0,3,0,0,2,0,0,0,0,0,0,0,1,2,2,0,0,0,0
•{’†s¬–φ’¬‚R’–Ϊ,3,0,0,0,0,0,0,0,0,0,2,0,0,0,0,0,0,0,2,1,0,0,0,0,0,1,0,0,0,0,0,0,0,0,0,0,0
•{’†s¬–φ’¬‚S’–Ϊ,3,0,0,0,0,0,0,0,0,0,0,0,0,0,0,0,0,0,0,1,0,0,1,0,0,0,0,0,0,0,0,2,1,0,0,0,1
•{’†s¬–φ’¬‚T’–Ϊ,4,0,0,0,2,0,1,0,1,0,0,0,0,0,0,0,0,0,0,1,0,0,0,0,0,0,0,0,0,1,0,1,1,0,0,0,0
•{’†s¥­‚P’–Ϊ,7,0,0,0,1,0,0,1,0,0,1,0,0,1,0,0,0,0,0,5,0,1,2,0,0,0,0,0,0,2,0,0,0,0,0,0,0
•{’†s¥­‚Q’–Ϊ,9,0,0,0,0,0,0,0,0,0,3,0,0,3,0,0,0,0,0,4,0,1,2,0,0,0,0,0,0,1,0,2,1,1,0,0,0
•{’†s¥­‚R’–Ϊ,8,0,0,0,1,0,0,1,0,0,0,0,0,0,0,0,0,0,0,5,0,0,4,0,0,0,0,0,0,0,1,2,1,0,0,0,1
•{’†s¥­‚S’–Ϊ,11,0,0,0,0,0,0,0,0,0,0,0,0,0,0,0,0,0,0,9,0,0,5,0,0,0,1,0,0,3,0,2,2,0,0,0,0
•{’†s¥­‚T’–Ϊ,14,0,0,0,2,0,0,1,1,0,0,0,0,0,0,0,0,0,0,9,0,0,9,0,0,0,0,0,0,0,0,3,1,0,0,0,2
•{’†s¥­‚U’–Ϊ,4,0,0,0,1,0,0,1,0,0,0,0,0,0,0,0,0,0,0,2,0,0,1,0,0,1,0,0,0,0,0,1,0,0,0,0,1
•{’†sK’¬‚P’–Ϊ,4,0,0,0,0,0,0,0,0,0,0,0,0,0,0,0,0,0,0,0,0,0,0,0,0,0,0,0,0,0,0,4,4,0,0,0,0
•{’†sK’¬‚Q’–Ϊ,2,0,0,0,0,0,0,0,0,0,0,0,0,0,0,0,0,0,0,1,0,0,0,0,0,0,0,0,0,0,1,1,1,0,0,0,0
•{’†sK’¬‚R’–Ϊ,3,0,0,0,0,0,0,0,0,0,2,0,2,0,0,0,0,0,0,1,0,0,0,0,0,0,0,0,0,0,1,0,0,0,0,0,0
•{’†s‰h’¬‚Q’–Ϊ,2,0,0,0,0,0,0,0,0,0,0,0,0,0,0,0,0,0,0,2,0,0,2,0,0,0,0,0,0,0,0,0,0,0,0,0,0
•{’†s‰h’¬‚R’–Ϊ,5,0,0,0,0,0,0,0,0,0,0,0,0,0,0,0,0,0,0,4,0,0,0,0,0,0,0,0,0,4,0,1,1,0,0,0,0
•{’†s΄…‚ª‹u‚P’–Ϊ,6,0,0,0,0,0,0,0,0,0,0,0,0,0,0,0,0,0,0,6,0,0,2,0,0,0,0,0,0,2,2,0,0,0,0,0,0
•{’†s΄…‚ª‹u‚Q’–Ϊ,1,0,0,0,0,0,0,0,0,0,0,0,0,0,0,0,0,0,0,0,0,0,0,0,0,0,0,0,0,0,0,1,0,0,0,0,1
•{’†s΄…‚ª‹u‚R’–Ϊ,8,0,0,0,0,0,0,0,0,0,0,0,0,0,0,0,0,0,0,5,0,0,4,0,0,0,0,0,0,1,0,3,1,0,0,0,2
•{’†s”’…‘δ‚P’–Ϊ,5,0,0,0,0,0,0,0,0,0,0,0,0,0,0,0,0,0,0,5,0,0,1,0,0,0,0,0,0,1,3,0,0,0,0,0,0
•{’†s”’…‘δ‚Q’–Ϊ,3,0,0,0,0,0,0,0,0,0,0,0,0,0,0,0,0,0,0,3,0,1,1,0,0,0,0,0,0,0,1,0,0,0,0,0,0
•{’†s”’…‘δ‚R’–Ϊ,3,0,0,0,0,0,0,0,0,0,0,0,0,0,0,0,0,0,0,1,0,0,0,0,0,0,0,0,0,0,1,2,2,0,0,0,0
•{’†s”’…‘δ‚S’–Ϊ,11,0,0,0,0,0,0,0,0,0,0,0,0,0,0,0,0,0,0,11,0,0,5,1,0,0,0,0,0,4,1,0,0,0,0,0,0
•{’†s”’…‘δ‚T’–Ϊ,4,0,0,0,0,0,0,0,0,0,0,0,0,0,0,0,0,0,0,2,0,0,0,0,0,0,0,0,0,2,0,2,0,1,0,0,1
•{’†s”’…‘δ‚U’–Ϊ,3,1,1,0,0,0,0,0,0,0,0,0,0,0,0,0,0,0,0,0,0,0,0,0,0,0,0,0,0,0,0,2,2,0,0,0,0
•{’†sV’¬‚P’–Ϊ,7,0,0,0,1,0,1,0,0,0,0,0,0,0,0,0,0,0,0,4,0,0,0,1,0,0,0,0,0,1,2,2,2,0,0,0,0
•{’†sV’¬‚Q’–Ϊ,5,0,0,0,0,0,0,0,0,0,0,0,0,0,0,0,0,0,0,5,0,0,3,0,0,0,0,0,0,0,2,0,0,0,0,0,0
•{’†sV’¬‚R’–Ϊ,2,0,0,0,0,0,0,0,0,0,0,0,0,0,0,0,0,0,0,1,0,0,0,1,0,0,0,0,0,0,0,1,0,0,0,0,1
•{’†sZ‹g’¬‚P’–Ϊ,12,0,0,0,0,0,0,0,0,0,0,0,0,0,0,0,0,0,0,8,0,1,3,0,0,2,0,0,0,2,0,4,2,0,0,0,2
•{’†sZ‹g’¬‚Q’–Ϊ,3,0,0,0,0,0,0,0,0,0,0,0,0,0,0,0,0,0,0,3,0,0,1,0,0,0,0,0,1,0,1,0,0,0,0,0,0
•{’†sZ‹g’¬‚R’–Ϊ,4,0,0,0,0,0,0,0,0,0,0,0,0,0,0,0,0,0,0,2,0,0,1,0,0,1,0,0,0,0,0,2,1,0,1,0,0
•{’†sZ‹g’¬‚S’–Ϊ,5,0,0,0,0,0,0,0,0,0,0,0,0,0,0,0,0,0,0,5,0,1,4,0,0,0,0,0,0,0,0,0,0,0,0,0,0
•{’†sZ‹g’¬‚T’–Ϊ,2,0,0,0,0,0,0,0,0,0,0,0,0,0,0,0,0,0,0,0,0,0,0,0,0,0,0,0,0,0,0,2,1,0,0,0,1
•{’†sσΤ’¬‚P’–Ϊ,4,0,0,0,1,0,0,0,0,1,0,0,0,0,0,0,0,0,0,3,0,0,0,0,0,0,0,0,0,0,3,0,0,0,0,0,0
•{’†sσΤ’¬‚Q’–Ϊ,1,0,0,0,0,0,0,0,0,0,0,0,0,0,0,0,0,0,0,0,0,0,0,0,0,0,0,0,0,0,0,1,1,0,0,0,0
•{’†sσΤ’¬‚R’–Ϊ,3,0,0,0,0,0,0,0,0,0,0,0,0,0,0,0,0,0,0,3,0,0,1,0,0,0,0,0,0,1,1,0,0,0,0,0,0
•{’†sσΤ’¬‚S’–Ϊ,3,0,0,0,0,0,0,0,0,0,0,0,0,0,0,0,0,0,0,1,0,0,0,0,0,0,0,0,0,0,1,2,2,0,0,0,0
•{’†s‘½–’¬‚R’–Ϊ,1,0,0,0,0,0,0,0,0,0,0,0,0,0,0,0,0,0,0,0,0,0,0,0,0,0,0,0,0,0,0,1,0,0,1,0,0
•{’†s“V_’¬‚P’–Ϊ,3,0,0,0,0,0,0,0,0,0,0,0,0,0,0,0,0,0,0,0,0,0,0,0,0,0,0,0,0,0,0,3,0,0,0,0,3
•{’†s“V_’¬‚Q’–Ϊ,3,0,0,0,1,0,1,0,0,0,0,0,0,0,0,0,0,0,0,1,0,0,0,0,0,0,0,0,0,0,1,1,0,0,0,0,1
•{’†s“V_’¬‚R’–Ϊ,1,0,0,0,0,0,0,0,0,0,0,0,0,0,0,0,0,0,0,0,0,0,0,0,0,0,0,0,0,0,0,1,0,1,0,0,0
•{’†s“Ε’¬,6,0,0,0,1,0,1,0,0,0,0,0,0,0,0,0,0,0,0,2,0,0,2,0,0,0,0,0,0,0,0,3,3,0,0,0,0
•{’†sΌ΄’¬‚P’–Ϊ,7,0,0,0,0,0,0,0,0,0,0,0,0,0,0,0,0,0,0,7,0,0,4,0,0,0,0,0,0,3,0,0,0,0,0,0,0
•{’†sΌ΄’¬‚Q’–Ϊ,3,0,0,0,0,0,0,0,0,0,0,0,0,0,0,0,0,0,0,1,0,0,0,0,0,0,0,0,0,0,1,2,0,0,0,0,2
•{’†sΌ΄’¬‚R’–Ϊ,1,0,0,0,0,0,0,0,0,0,0,0,0,0,0,0,0,0,0,0,0,0,0,0,0,0,0,0,0,0,0,1,1,0,0,0,0
•{’†sΌ΄’¬‚S’–Ϊ,2,0,0,0,1,0,0,0,1,0,0,0,0,0,0,0,0,0,0,0,0,0,0,0,0,0,0,0,0,0,0,1,1,0,0,0,0
•{’†sΌ•{’¬‚P’–Ϊ,1,0,0,0,0,0,0,0,0,0,0,0,0,0,0,0,0,0,0,0,0,0,0,0,0,0,0,0,0,0,0,1,0,0,0,0,1
•{’†sΌ•{’¬‚Q’–Ϊ,2,0,0,0,0,0,0,0,0,0,0,0,0,0,0,0,0,0,0,1,0,0,0,0,0,0,0,0,0,0,1,1,0,0,0,0,1
•{’†sΌ•{’¬‚R’–Ϊ,2,0,0,0,0,0,0,0,0,0,0,0,0,0,0,0,0,0,0,1,0,0,1,0,0,0,0,0,0,0,0,1,1,0,0,0,0
•{’†sΌ•{’¬‚S’–Ϊ,2,0,0,0,0,0,0,0,0,0,1,0,0,0,0,1,0,0,0,0,0,0,0,0,0,0,0,0,0,0,0,1,1,0,0,0,0
•{’†sΌ•{’¬‚T’–Ϊ,1,0,0,0,0,0,0,0,0,0,0,0,0,0,0,0,0,0,0,0,0,0,0,0,0,0,0,0,0,0,0,1,1,0,0,0,0
•{’†s“ϊ|’¬,5,0,0,0,0,0,0,0,0,0,0,0,0,0,0,0,0,0,0,5,0,0,3,0,0,0,0,0,0,0,2,0,0,0,0,0,0
•{’†s“ϊV’¬‚P’–Ϊ,2,0,0,0,1,0,0,1,0,0,0,0,0,0,0,0,0,0,0,1,0,1,0,0,0,0,0,0,0,0,0,0,0,0,0,0,0
•{’†s“ϊV’¬‚Q’–Ϊ,1,0,0,0,0,0,0,0,0,0,0,0,0,0,0,0,0,0,0,1,0,0,1,0,0,0,0,0,0,0,0,0,0,0,0,0,0
•{’†s“ϊV’¬‚R’–Ϊ,2,0,0,0,0,0,0,0,0,0,0,0,0,0,0,0,0,0,0,0,0,0,0,0,0,0,0,0,0,0,0,2,0,0,0,0,2
•{’†s“ϊV’¬‚S’–Ϊ,2,0,0,0,0,0,0,0,0,0,0,0,0,0,0,0,0,0,0,2,0,0,0,0,0,0,0,0,0,0,2,0,0,0,0,0,0
•{’†s“ϊV’¬‚T’–Ϊ,2,0,0,0,0,0,0,0,0,0,0,0,0,0,0,0,0,0,0,1,0,0,0,0,0,0,0,0,1,0,0,1,1,0,0,0,0
•{’†s”ª”¦’¬‚P’–Ϊ,3,0,0,0,1,0,0,1,0,0,0,0,0,0,0,0,0,0,0,2,0,0,1,0,0,1,0,0,0,0,0,0,0,0,0,0,0
•{’†s”ª”¦’¬‚Q’–Ϊ,4,0,0,0,0,0,0,0,0,0,0,0,0,0,0,0,0,0,0,3,0,0,1,0,0,2,0,0,0,0,0,1,0,0,0,0,1
•{’†s”ª”¦’¬‚R’–Ϊ,3,0,0,0,2,0,1,0,1,0,0,0,0,0,0,0,0,0,0,0,0,0,0,0,0,0,0,0,0,0,0,1,1,0,0,0,0
•{’†s°©’¬‚P’–Ϊ,3,0,0,0,0,0,0,0,0,0,0,0,0,0,0,0,0,0,0,1,0,0,1,0,0,0,0,0,0,0,0,2,2,0,0,0,0
•{’†s°©’¬‚Q’–Ϊ,5,0,0,0,0,0,0,0,0,0,0,0,0,0,0,0,0,0,0,3,0,0,3,0,0,0,0,0,0,0,0,2,2,0,0,0,0
•{’†s°©’¬‚R’–Ϊ,2,0,0,0,1,0,0,0,1,0,0,0,0,0,0,0,0,0,0,1,0,0,1,0,0,0,0,0,0,0,0,0,0,0,0,0,0
•{’†s°©’¬‚S’–Ϊ,1,0,0,0,0,0,0,0,0,0,0,0,0,0,0,0,0,0,0,0,0,0,0,0,0,0,0,0,0,0,0,1,1,0,0,0,0
•{’†s“ϊ‹g’¬,4,0,0,0,2,0,2,0,0,0,0,0,0,0,0,0,0,0,0,2,0,0,0,0,0,0,0,0,0,0,2,0,0,0,0,0,0
•{’†s•{’†’¬‚P’–Ϊ,40,0,0,0,3,0,2,1,0,0,0,0,0,0,0,0,0,0,0,30,0,0,14,1,1,0,0,0,1,12,1,7,1,1,1,0,4
•{’†s•{’†’¬‚Q’–Ϊ,12,0,0,0,0,0,0,0,0,0,0,0,0,0,0,0,0,0,0,9,0,0,4,0,0,0,0,0,0,3,2,3,1,0,0,0,2
•{’†s•{’†’¬‚R’–Ϊ,2,0,0,0,0,0,0,0,0,0,0,0,0,0,0,0,0,0,0,2,0,0,1,0,0,0,0,0,0,0,1,0,0,0,0,0,0
•{’†s•ª”~’¬‚P’–Ϊ,4,0,0,0,1,0,1,0,0,0,0,0,0,0,0,0,0,0,0,3,0,0,3,0,0,0,0,0,0,0,0,0,0,0,0,0,0
•{’†s•ª”~’¬‚Q’–Ϊ,4,0,0,0,1,0,0,0,0,1,0,0,0,0,0,0,0,0,0,3,0,1,2,0,0,0,0,0,0,0,0,0,0,0,0,0,0
•{’†s•ª”~’¬‚R’–Ϊ,5,0,0,0,1,0,0,0,1,0,0,0,0,0,0,0,0,0,0,1,0,0,1,0,0,0,0,0,0,0,0,3,2,0,0,0,1
•{’†s•ª”~’¬‚S’–Ϊ,1,0,0,0,1,0,0,1,0,0,0,0,0,0,0,0,0,0,0,0,0,0,0,0,0,0,0,0,0,0,0,0,0,0,0,0,0
•{’†s–{h’¬‚P’–Ϊ,3,0,0,0,0,0,0,0,0,0,0,0,0,0,0,0,0,0,0,2,0,0,0,0,0,0,0,0,0,1,1,1,0,0,0,0,1
•{’†s–{h’¬‚Q’–Ϊ,4,0,0,0,1,0,1,0,0,0,1,0,0,0,0,0,0,0,1,1,0,0,0,1,0,0,0,0,0,0,0,1,1,0,0,0,0
•{’†s–{h’¬‚R’–Ϊ,1,0,0,0,0,0,0,0,0,0,0,0,0,0,0,0,0,0,0,0,0,0,0,0,0,0,0,0,0,0,0,1,0,0,0,0,1
•{’†s–{h’¬‚S’–Ϊ,6,0,0,0,0,0,0,0,0,0,0,0,0,0,0,0,0,0,0,4,0,0,0,0,0,0,0,0,0,0,4,2,0,0,0,0,2
•{’†s–{’¬‚P’–Ϊ,7,1,1,0,1,0,1,0,0,0,0,0,0,0,0,0,0,0,0,3,0,0,2,0,0,0,0,0,1,0,0,2,1,0,0,0,1
•{’†s–{’¬‚Q’–Ϊ,5,0,0,0,0,0,0,0,0,0,0,0,0,0,0,0,0,0,0,5,0,0,2,1,0,0,0,0,0,1,1,0,0,0,0,0,0
•{’†s–{’¬‚S’–Ϊ,3,0,0,0,0,0,0,0,0,0,0,0,0,0,0,0,0,0,0,2,0,1,1,0,0,0,0,0,0,0,0,1,0,0,0,0,1
•{’†s—Ξ’¬‚P’–Ϊ,4,0,0,0,0,0,0,0,0,0,0,0,0,0,0,0,0,0,0,2,0,0,1,0,0,0,0,0,0,0,1,2,1,0,0,0,1
•{’†s—Ξ’¬‚Q’–Ϊ,7,0,0,0,0,0,0,0,0,0,0,0,0,0,0,0,0,0,0,6,0,0,3,0,0,0,0,0,0,2,1,1,1,0,0,0,0
•{’†s—Ξ’¬‚R’–Ϊ,2,0,0,0,0,0,0,0,0,0,0,0,0,0,0,0,0,0,0,1,0,0,1,0,0,0,0,0,0,0,0,1,1,0,0,0,0
•{’†s“μ’¬‚Q’–Ϊ,3,0,0,0,1,0,0,0,0,1,0,0,0,0,0,0,0,0,0,1,0,0,0,0,0,0,0,0,0,1,0,1,0,0,0,0,1
•{’†s“μ’¬‚R’–Ϊ,4,0,0,0,1,0,0,1,0,0,0,0,0,0,0,0,0,0,0,2,0,0,2,0,0,0,0,0,0,0,0,1,0,0,0,0,1
•{’†s“μ’¬‚S’–Ϊ,16,0,0,0,1,0,1,0,0,0,0,0,0,0,0,0,0,0,0,13,0,1,5,0,0,0,0,0,0,0,7,2,1,0,0,0,1
•{’†s“μ’¬‚T’–Ϊ,1,0,0,0,0,0,0,0,0,0,0,0,0,0,0,0,0,0,0,0,0,0,0,0,0,0,0,0,0,0,0,1,0,0,0,0,1
•{’†s“μ’¬‚U’–Ϊ,1,0,0,0,0,0,0,0,0,0,0,0,0,0,0,0,0,0,0,1,0,0,1,0,0,0,0,0,0,0,0,0,0,0,0,0,0
•{’†s‹{Ό’¬‚P’–Ϊ,33,0,0,0,3,0,1,2,0,0,0,0,0,0,0,0,0,0,0,15,0,0,5,1,0,0,0,0,0,3,6,15,9,3,1,0,2
•{’†s‹{Ό’¬‚Q’–Ϊ,4,0,0,0,1,0,0,1,0,0,0,0,0,0,0,0,0,0,0,0,0,0,0,0,0,0,0,0,0,0,0,3,0,0,0,0,3
•{’†s‹{Ό’¬‚R’–Ϊ,1,0,0,0,1,0,1,0,0,0,0,0,0,0,0,0,0,0,0,0,0,0,0,0,0,0,0,0,0,0,0,0,0,0,0,0,0
•{’†s‹{Ό’¬‚S’–Ϊ,1,0,0,0,0,0,0,0,0,0,0,0,0,0,0,0,0,0,0,0,0,0,0,0,0,0,0,0,0,0,0,1,1,0,0,0,0
•{’†s‹{Ό’¬‚T’–Ϊ,1,0,0,0,0,0,0,0,0,0,0,0,0,0,0,0,0,0,0,1,0,0,1,0,0,0,0,0,0,0,0,0,0,0,0,0,0
•{’†s‹{’¬‚P’–Ϊ,61,0,0,0,7,0,5,1,0,1,0,0,0,0,0,0,0,0,0,41,0,0,7,0,0,0,1,1,1,20,11,13,2,2,0,0,9
•{’†s‹{’¬‚Q’–Ϊ,1,0,0,0,0,0,0,0,0,0,0,0,0,0,0,0,0,0,0,1,0,0,1,0,0,0,0,0,0,0,0,0,0,0,0,0,0
•{’†s‹{’¬‚R’–Ϊ,2,0,0,0,1,0,1,0,0,0,0,0,0,0,0,0,0,0,0,1,0,0,0,0,0,0,0,0,0,0,1,0,0,0,0,0,0
•{’†s”όD’¬‚P’–Ϊ,4,0,0,0,0,0,0,0,0,0,0,0,0,0,0,0,0,0,0,0,0,0,0,0,0,0,0,0,0,0,0,4,4,0,0,0,0
•{’†s”όD’¬‚Q’–Ϊ,4,0,0,0,0,0,0,0,0,0,0,0,0,0,0,0,0,0,0,4,0,0,3,0,0,0,0,0,0,0,1,0,0,0,0,0,0
•{’†s”όD’¬‚R’–Ϊ,8,0,0,0,0,0,0,0,0,0,0,0,0,0,0,0,0,0,0,5,0,0,4,0,0,0,0,0,0,0,1,3,1,0,0,0,2
•{’†s•‘ ‘δ‚P’–Ϊ,3,0,0,0,0,0,0,0,0,0,1,0,0,0,0,0,0,0,1,0,0,0,0,0,0,0,0,0,0,0,0,2,2,0,0,0,0
•{’†s•‘ ‘δ‚Q’–Ϊ,7,0,0,0,1,0,0,0,1,0,0,0,0,0,0,0,0,0,0,4,0,0,3,0,0,0,0,0,0,0,1,2,0,1,0,0,1
•{’†s•‘ ‘δ‚R’–Ϊ,3,0,0,0,0,0,0,0,0,0,0,0,0,0,0,0,0,0,0,1,0,0,1,0,0,0,0,0,0,0,0,2,1,0,0,0,1
•{’†sg—t‹u‚P’–Ϊ,2,0,0,0,0,0,0,0,0,0,0,0,0,0,0,0,0,0,0,0,0,0,0,0,0,0,0,0,0,0,0,2,0,0,0,0,2
•{’†sg—t‹u‚Q’–Ϊ,2,0,0,0,0,0,0,0,0,0,0,0,0,0,0,0,0,0,0,0,0,0,0,0,0,0,0,0,0,0,0,2,0,0,0,0,2
•{’†sg—t‹u‚R’–Ϊ,6,0,0,0,2,0,1,1,0,0,0,0,0,0,0,0,0,0,0,2,0,1,0,0,0,0,0,0,0,0,1,2,1,0,0,0,1
•{’†s–ξθ’¬‚P’–Ϊ,2,0,0,0,0,0,0,0,0,0,0,0,0,0,0,0,0,0,0,1,0,1,0,0,0,0,0,0,0,0,0,1,1,0,0,0,0
•{’†s–ξθ’¬‚Q’–Ϊ,2,0,0,0,0,0,0,0,0,0,0,0,0,0,0,0,0,0,0,1,0,0,1,0,0,0,0,0,0,0,0,1,1,0,0,0,0
•{’†s–ξθ’¬‚S’–Ϊ,1,0,0,0,0,0,0,0,0,0,0,0,0,0,0,0,0,0,0,1,0,0,0,0,0,0,0,0,0,1,0,0,0,0,0,0,0
•{’†s–ξθ’¬‚T’–Ϊ,6,0,0,0,0,0,0,0,0,0,0,0,0,0,0,0,0,0,0,5,0,0,4,0,0,0,0,0,0,0,1,1,0,0,0,0,1
•{’†sl’J‚P’–Ϊ,5,0,0,0,0,0,0,0,0,0,0,0,0,0,0,0,0,0,0,3,0,0,2,0,0,0,0,0,0,0,1,2,2,0,0,0,0
•{’†sl’J‚Q’–Ϊ,1,0,0,0,0,0,0,0,0,0,0,0,0,0,0,0,0,0,0,1,0,0,0,1,0,0,0,0,0,0,0,0,0,0,0,0,0
•{’†sl’J‚R’–Ϊ,1,0,0,0,0,0,0,0,0,0,0,0,0,0,0,0,0,0,0,1,0,0,1,0,0,0,0,0,0,0,0,0,0,0,0,0,0
•{’†sl’J‚S’–Ϊ,3,0,0,0,1,0,0,1,0,0,1,0,0,1,0,0,0,0,0,0,0,0,0,0,0,0,0,0,0,0,0,1,0,1,0,0,0
•{’†sl’J‚T’–Ϊ,8,0,0,0,1,0,0,0,1,0,0,0,0,0,0,0,0,0,0,5,0,0,1,0,0,0,0,0,0,2,2,2,1,0,0,0,1
•{’†sl’J‚U’–Ϊ,1,0,0,0,0,0,0,0,0,0,0,0,0,0,0,0,0,0,0,1,0,0,0,0,0,0,0,0,0,1,0,0,0,0,0,0,0
•{’†sαΌ’¬‚P’–Ϊ,7,1,0,1,0,0,0,0,0,0,0,0,0,0,0,0,0,0,0,3,0,0,2,0,0,0,0,0,0,0,1,3,1,0,1,0,1
•{’†sαΌ’¬‚Q’–Ϊ,5,0,0,0,1,0,0,1,0,0,0,0,0,0,0,0,0,0,0,4,0,1,1,0,0,0,0,0,0,1,1,0,0,0,0,0,0
•{’†sαΌ’¬‚S’–Ϊ,5,0,0,0,0,0,0,0,0,0,0,0,0,0,0,0,0,0,0,2,0,0,2,0,0,0,0,0,0,0,0,3,0,0,0,0,3
•{’†sαΌ’¬‚T’–Ϊ,3,0,0,0,0,0,0,0,0,0,0,0,0,0,0,0,0,0,0,1,0,0,0,0,0,0,0,0,0,1,0,2,0,0,0,0,2
•{’†sv,645,3,2,1,55,0,24,18,9,4,15,0,2,6,0,2,0,0,5,383,0,15,178,8,1,8,2,1,5,82,83,189,85,14,6,0,84
Ί“‡s’©“ϊ’¬‚P’–Ϊ,11,0,0,0,1,0,1,0,0,0,0,0,0,0,0,0,0,0,0,10,0,0,10,0,0,0,0,0,0,0,0,0,0,0,0,0,0
Ί“‡s’©“ϊ’¬‚Q’–Ϊ,4,0,0,0,0,0,0,0,0,0,0,0,0,0,0,0,0,0,0,4,0,0,0,0,0,0,0,0,0,2,2,0,0,0,0,0,0
Ί“‡s’©“ϊ’¬‚R’–Ϊ,3,0,0,0,0,0,0,0,0,0,0,0,0,0,0,0,0,0,0,3,0,1,2,0,0,0,0,0,0,0,0,0,0,0,0,0,0
Ί“‡s’©“ϊ’¬‚S’–Ϊ,6,0,0,0,0,0,0,0,0,0,0,0,0,0,0,0,0,0,0,3,0,0,2,0,0,0,0,0,0,1,0,3,1,0,0,0,2
Ί“‡s’©“ϊ’¬‚T’–Ϊ,1,0,0,0,0,0,0,0,0,0,0,0,0,0,0,0,0,0,0,0,0,0,0,0,0,0,0,0,0,0,0,1,1,0,0,0,0
Ί“‡s“’¬‚P’–Ϊ,3,0,0,0,0,0,0,0,0,0,0,0,0,0,0,0,0,0,0,3,0,1,2,0,0,0,0,0,0,0,0,0,0,0,0,0,0
Ί“‡s“’¬‚S’–Ϊ,1,0,0,0,0,0,0,0,0,0,0,0,0,0,0,0,0,0,0,1,0,0,1,0,0,0,0,0,0,0,0,0,0,0,0,0,0
Ί“‡s“’¬‚T’–Ϊ,2,0,0,0,0,0,0,0,0,0,0,0,0,0,0,0,0,0,0,1,0,0,0,0,0,0,0,0,0,0,1,1,0,0,0,0,1
Ί“‡s‘ε_’¬‚P’–Ϊ,1,0,0,0,0,0,0,0,0,0,0,0,0,0,0,0,0,0,0,1,0,0,0,0,0,0,0,0,0,0,1,0,0,0,0,0,0
Ί“‡s‘ε_’¬‚R’–Ϊ,2,0,0,0,0,0,0,0,0,0,0,0,0,0,0,0,0,0,0,0,0,0,0,0,0,0,0,0,0,0,0,2,2,0,0,0,0
Ί“‡s‘ε_’¬‚S’–Ϊ,7,0,0,0,2,0,1,1,0,0,1,0,0,0,0,1,0,0,0,2,0,0,2,0,0,0,0,0,0,0,0,2,1,0,0,0,1
Ί“‡s‹½’n’¬‚P’–Ϊ,2,0,0,0,0,0,0,0,0,0,0,0,0,0,0,0,0,0,0,2,0,0,2,0,0,0,0,0,0,0,0,0,0,0,0,0,0
Ί“‡s‹½’n’¬‚Q’–Ϊ,2,0,0,0,0,0,0,0,0,0,0,0,0,0,0,0,0,0,0,0,0,0,0,0,0,0,0,0,0,0,0,2,1,0,0,0,1
Ί“‡s‹½’n’¬‚R’–Ϊ,3,0,0,0,0,0,0,0,0,0,0,0,0,0,0,0,0,0,0,3,0,0,2,0,0,0,0,0,0,0,1,0,0,0,0,0,0
Ί“‡sΊa’¬‚P’–Ϊ,4,0,0,0,0,0,0,0,0,0,0,0,0,0,0,0,0,0,0,1,0,0,1,0,0,0,0,0,0,0,0,3,1,0,0,0,2
Ί“‡sΊa’¬‚Q’–Ϊ,18,0,0,0,4,0,3,1,0,0,1,0,0,0,1,0,0,0,0,8,0,1,6,0,0,0,0,0,0,1,0,5,0,1,0,0,4
Ί“‡sΊa’¬‚R’–Ϊ,3,0,0,0,0,0,0,0,0,0,0,0,0,0,0,0,0,0,0,3,0,0,1,0,0,0,0,0,0,0,2,0,0,0,0,0,0
Ί“‡sΊa’¬‚S’–Ϊ,1,0,0,0,0,0,0,0,0,0,0,0,0,0,0,0,0,0,0,0,0,0,0,0,0,0,0,0,0,0,0,1,0,0,0,0,1
Ί“‡sΊa’¬‚T’–Ϊ,9,0,0,0,0,0,0,0,0,0,0,0,0,0,0,0,0,0,0,9,0,0,6,1,0,0,0,0,1,0,1,0,0,0,0,0,0
Ί“‡sγμ΄’¬‚P’–Ϊ,2,0,0,0,0,0,0,0,0,0,0,0,0,0,0,0,0,0,0,2,0,0,1,0,0,0,0,0,0,0,1,0,0,0,0,0,0
Ί“‡sγμ΄’¬‚Q’–Ϊ,2,0,0,0,0,0,0,0,0,0,0,0,0,0,0,0,0,0,0,0,0,0,0,0,0,0,0,0,0,0,0,2,1,0,0,0,1
Ί“‡s“c’†’¬‚P’–Ϊ,4,0,0,0,1,0,0,1,0,0,0,0,0,0,0,0,0,0,0,2,0,0,1,0,0,0,0,0,0,1,0,1,0,1,0,0,0
Ί“‡s“c’†’¬‚Q’–Ϊ,1,0,0,0,0,0,0,0,0,0,0,0,0,0,0,0,0,0,0,0,0,0,0,0,0,0,0,0,0,0,0,1,0,0,0,0,1
Ί“‡s“c’†’¬‚R’–Ϊ,8,0,0,0,0,0,0,0,0,0,0,0,0,0,0,0,0,0,0,7,0,0,2,0,0,1,0,0,0,0,4,1,0,0,0,0,1
Ί“‡s‹Κμ’¬‚P’–Ϊ,7,0,0,0,1,0,0,0,1,0,0,0,0,0,0,0,0,0,0,3,0,0,3,0,0,0,0,0,0,0,0,3,0,0,0,0,3
Ί“‡s‹Κμ’¬‚Q’–Ϊ,2,0,0,0,0,0,0,0,0,0,0,0,0,0,0,0,0,0,0,2,0,0,2,0,0,0,0,0,0,0,0,0,0,0,0,0,0
Ί“‡s‹Κμ’¬‚R’–Ϊ,1,0,0,0,0,0,0,0,0,0,0,0,0,0,0,0,0,0,0,0,0,0,0,0,0,0,0,0,0,0,0,1,0,0,0,0,1
Ί“‡s‹Κμ’¬‚S’–Ϊ,1,0,0,0,0,0,0,0,0,0,0,0,0,0,0,0,0,0,0,1,0,0,1,0,0,0,0,0,0,0,0,0,0,0,0,0,0
Ί“‡s‹Κμ’¬‚T’–Ϊ,2,0,0,0,0,0,0,0,0,0,0,0,0,0,0,0,0,0,0,0,0,0,0,0,0,0,0,0,0,0,0,2,1,0,0,0,1
Ί“‡s’z’n’¬,3,0,0,0,0,0,0,0,0,0,0,0,0,0,0,0,0,0,0,2,0,0,1,0,0,0,0,0,0,0,1,1,0,0,0,0,1
Ί“‡s‚Β‚Β‚¶‚ª‹u‚Q’–Ϊ,11,0,0,0,0,0,0,0,0,0,0,0,0,0,0,0,0,0,0,10,0,0,1,1,0,0,0,0,1,5,2,1,1,0,0,0,0
Ί“‡s‚Β‚Β‚¶‚ª‹u‚R’–Ϊ,1,0,0,0,0,0,0,0,0,0,0,0,0,0,0,0,0,0,0,0,0,0,0,0,0,0,0,0,0,0,0,1,1,0,0,0,0
Ί“‡s’†_’¬,30,1,0,1,4,0,1,2,0,1,0,0,0,0,0,0,0,0,0,19,0,0,14,0,0,0,0,0,0,1,4,6,3,1,0,0,2
Ί“‡s’†_’¬‚P’–Ϊ,6,0,0,0,0,0,0,0,0,0,0,0,0,0,0,0,0,0,0,3,0,1,0,0,0,0,0,0,0,1,1,3,2,0,0,0,1
Ί“‡s’†_’¬‚Q’–Ϊ,4,0,0,0,0,0,0,0,0,0,0,0,0,0,0,0,0,0,0,2,0,0,1,0,0,0,0,0,0,0,1,2,2,0,0,0,0
Ί“‡s”q“‡’¬‚P’–Ϊ,2,0,0,0,0,0,0,0,0,0,0,0,0,0,0,0,0,0,0,2,0,1,0,0,0,0,0,0,0,0,1,0,0,0,0,0,0
Ί“‡s”q“‡’¬‚Q’–Ϊ,11,0,0,0,0,0,0,0,0,0,11,0,0,0,0,0,0,0,11,0,0,0,0,0,0,0,0,0,0,0,0,0,0,0,0,0,0
Ί“‡s”q“‡’¬‚R’–Ϊ,14,0,0,0,1,0,1,0,0,0,0,0,0,0,0,0,0,0,0,9,0,3,1,2,0,0,0,0,0,1,2,4,1,0,1,0,2
Ί“‡s”q“‡’¬‚S’–Ϊ,5,0,0,0,1,0,1,0,0,0,1,0,0,0,0,0,0,0,1,3,0,1,0,0,0,0,0,0,0,2,0,0,0,0,0,0,0
Ί“‡s”q“‡’¬‚T’–Ϊ,2,0,0,0,0,0,0,0,0,0,0,0,0,0,0,0,0,0,0,1,0,0,0,1,0,0,0,0,0,0,0,1,0,0,0,0,1
Ί“‡s•“‡’¬,6,0,0,0,0,0,0,0,0,0,0,0,0,0,0,0,0,0,0,6,0,0,5,0,0,0,0,0,0,0,1,0,0,0,0,0,0
Ί“‡s•“‡’¬‚P’–Ϊ,2,0,0,0,0,0,0,0,0,0,2,0,0,0,0,2,0,0,0,0,0,0,0,0,0,0,0,0,0,0,0,0,0,0,0,0,0
Ί“‡s•“‡’¬‚R’–Ϊ,2,0,0,0,1,0,0,1,0,0,0,0,0,0,0,0,0,0,0,1,0,0,1,0,0,0,0,0,0,0,0,0,0,0,0,0,0
Ί“‡sΌ΄’¬‚P’–Ϊ,7,0,0,0,0,0,0,0,0,0,0,0,0,0,0,0,0,0,0,6,0,0,1,0,0,0,0,0,1,3,1,1,1,0,0,0,0
Ί“‡sΌ΄’¬‚Q’–Ϊ,1,0,0,0,0,0,0,0,0,0,0,0,0,0,0,0,0,0,0,0,0,0,0,0,0,0,0,0,0,0,0,1,1,0,0,0,0
Ί“‡sΌ΄’¬‚R’–Ϊ,7,0,0,0,1,0,1,0,0,0,0,0,0,0,0,0,0,0,0,5,0,0,0,0,0,0,0,0,0,4,1,1,0,0,0,0,1
Ί“‡sΌ΄’¬‚S’–Ϊ,16,0,0,0,5,0,5,0,0,0,1,0,0,0,1,0,0,0,0,7,0,2,3,0,0,0,0,0,0,0,2,3,0,1,0,0,2
Ί“‡sΌ΄’¬‚T’–Ϊ,2,0,0,0,1,0,0,1,0,0,0,0,0,0,0,0,0,0,0,0,0,0,0,0,0,0,0,0,0,0,0,1,0,0,0,0,1
Ί“‡s—Ξ’¬‚P’–Ϊ,3,0,0,0,0,0,0,0,0,0,0,0,0,0,0,0,0,0,0,2,0,0,1,1,0,0,0,0,0,0,0,1,0,0,0,0,1
Ί“‡s—Ξ’¬‚Q’–Ϊ,4,0,0,0,1,0,1,0,0,0,0,0,0,0,0,0,0,0,0,1,0,0,0,1,0,0,0,0,0,0,0,2,2,0,0,0,0
Ί“‡s—Ξ’¬‚R’–Ϊ,5,0,0,0,1,0,1,0,0,0,0,0,0,0,0,0,0,0,0,2,0,1,1,0,0,0,0,0,0,0,0,2,1,0,0,0,1
Ί“‡s—Ξ’¬‚S’–Ϊ,12,1,1,0,1,0,0,1,0,0,1,0,0,0,0,1,0,0,0,6,0,0,5,0,0,0,0,0,0,0,1,3,0,2,0,0,1
Ί“‡s”ό–x’¬‚P’–Ϊ,3,0,0,0,0,0,0,0,0,0,0,0,0,0,0,0,0,0,0,2,0,0,2,0,0,0,0,0,0,0,0,1,1,0,0,0,0
Ί“‡s”ό–x’¬‚Q’–Ϊ,2,0,0,0,0,0,0,0,0,0,0,0,0,0,0,0,0,0,0,1,0,0,0,0,0,0,0,0,0,0,1,1,0,0,0,0,1
Ί“‡s”ό–x’¬‚R’–Ϊ,3,0,0,0,1,0,0,1,0,0,0,0,0,0,0,0,0,0,0,1,0,0,0,0,0,0,0,0,0,0,1,1,0,0,0,0,1
Ί“‡s”ό–x’¬‚S’–Ϊ,8,0,0,0,0,0,0,0,0,0,0,0,0,0,0,0,0,0,0,7,0,0,4,0,0,0,0,0,0,3,0,1,0,1,0,0,0
Ί“‡s”ό–x’¬‚T’–Ϊ,12,0,0,0,0,0,0,0,0,0,0,0,0,0,0,0,0,0,0,12,0,1,10,0,0,0,0,0,0,1,0,0,0,0,0,0,0
Ί“‡s•‘ –μ‚Q’–Ϊ,9,0,0,0,0,0,0,0,0,0,0,0,0,0,0,0,0,0,0,7,0,1,2,0,0,0,0,0,0,3,1,2,0,0,0,0,2
Ί“‡s•‘ –μ‚R’–Ϊ,3,0,0,0,0,0,0,0,0,0,1,0,0,0,1,0,0,0,0,2,0,0,0,0,0,0,0,0,0,0,2,0,0,0,0,0,0
Ί“‡s‹{‘ς’¬,12,0,0,0,0,0,0,0,0,0,1,0,0,0,0,0,0,0,1,8,0,0,4,0,0,0,0,0,0,3,1,3,1,0,0,0,2
Ί“‡s‹{‘ς’¬‚P’–Ϊ,2,0,0,0,0,0,0,0,0,0,0,0,0,0,0,0,0,0,0,2,0,0,1,0,0,0,0,0,0,0,1,0,0,0,0,0,0
Ί“‡s‹{‘ς’¬‚Q’–Ϊ,10,0,0,0,1,0,0,1,0,0,1,0,0,0,0,0,1,0,0,1,0,0,0,0,0,0,0,0,0,0,1,7,1,0,1,0,5
Ί“‡s‹{‘ς’¬‚R’–Ϊ,4,0,0,0,0,0,0,0,0,0,0,0,0,0,0,0,0,0,0,0,0,0,0,0,0,0,0,0,0,0,0,4,1,1,0,0,2
Ί“‡s‚ΰ‚­‚Ή‚Ά‚Μ“m‚P’–Ϊ,1,0,0,0,0,0,0,0,0,0,0,0,0,0,0,0,0,0,0,0,0,0,0,0,0,0,0,0,0,0,0,1,0,0,0,0,1
Ί“‡s‚ΰ‚­‚Ή‚Ά‚Μ“m‚Q’–Ϊ,3,0,0,0,0,0,0,0,0,0,0,0,0,0,0,0,0,0,0,1,0,0,0,0,0,0,0,0,0,0,1,2,0,0,0,0,2
Ί“‡s‘γ―R‚Q’–Ϊ,55,0,0,0,2,0,0,2,0,0,0,0,0,0,0,0,0,0,0,51,0,2,21,0,0,0,0,0,1,26,1,2,1,0,0,0,1
Ί“‡s‘γ―R‚R’–Ϊ,2,0,0,0,0,0,0,0,0,0,0,0,0,0,0,0,0,0,0,1,0,0,0,0,0,0,0,0,0,1,0,1,1,0,0,0,0
Ί“‡sv,398,2,1,1,30,0,16,12,1,1,21,0,0,0,3,4,1,0,13,254,0,16,126,7,0,1,0,0,4,59,41,91,30,8,2,0,51
’²•zs“όΤ’¬‚P’–Ϊ,7,0,0,0,0,0,0,0,0,0,1,0,0,0,0,1,0,0,0,3,0,0,2,0,0,0,0,0,0,0,1,3,3,0,0,0,0
’²•zs“όΤ’¬‚Q’–Ϊ,8,0,0,0,0,0,0,0,0,0,0,0,0,0,0,0,0,0,0,7,0,1,2,0,0,0,0,0,0,2,2,1,1,0,0,0,0
’²•zs“όΤ’¬‚R’–Ϊ,2,0,0,0,0,0,0,0,0,0,0,0,0,0,0,0,0,0,0,1,0,0,1,0,0,0,0,0,0,0,0,1,0,0,0,0,1
’²•zsγΞ΄‚P’–Ϊ,12,0,0,0,1,0,1,0,0,0,0,0,0,0,0,0,0,0,0,9,0,1,7,0,0,0,0,0,0,0,1,2,0,0,0,0,2
’²•zsγΞ΄‚Q’–Ϊ,7,0,0,0,0,0,0,0,0,0,0,0,0,0,0,0,0,0,0,5,0,0,4,0,0,0,0,0,0,0,1,2,0,0,0,0,2
’²•zsγΞ΄‚R’–Ϊ,8,1,0,1,0,0,0,0,0,0,0,0,0,0,0,0,0,0,0,3,0,0,1,0,0,0,0,0,0,1,1,4,3,0,0,0,1
’²•zs‹e–μ‘δ‚P’–Ϊ,12,0,0,0,0,0,0,0,0,0,0,0,0,0,0,0,0,0,0,9,0,0,3,1,0,0,0,0,0,3,2,3,1,0,0,0,2
’²•zs‹e–μ‘δ‚Q’–Ϊ,9,0,0,0,0,0,0,0,0,0,0,0,0,0,0,0,0,0,0,8,0,1,0,1,0,1,0,0,0,3,2,1,0,0,0,0,1
’²•zs‹e–μ‘δ‚R’–Ϊ,5,0,0,0,2,0,0,2,0,0,0,0,0,0,0,0,0,0,0,3,0,0,1,0,0,0,0,0,0,0,2,0,0,0,0,0,0
’²•zs‘—Μ’¬‚P’–Ϊ,10,0,0,0,0,0,0,0,0,0,0,0,0,0,0,0,0,0,0,8,0,0,3,0,0,0,0,0,0,5,0,2,1,0,0,0,1
’²•zs‘—Μ’¬‚Q’–Ϊ,7,0,0,0,1,0,1,0,0,0,0,0,0,0,0,0,0,0,0,4,0,0,2,0,0,0,0,0,0,1,1,2,0,0,0,0,2
’²•zs‘—Μ’¬‚R’–Ϊ,21,0,0,0,0,0,0,0,0,0,0,0,0,0,0,0,0,0,0,18,0,2,5,4,0,0,0,0,0,2,5,3,2,0,0,0,1
’²•zs‘—Μ’¬‚S’–Ϊ,10,0,0,0,0,0,0,0,0,0,0,0,0,0,0,0,0,0,0,5,0,0,5,0,0,0,0,0,0,0,0,5,5,0,0,0,0
’²•zs‘—Μ’¬‚T’–Ϊ,8,0,0,0,0,0,0,0,0,0,0,0,0,0,0,0,0,0,0,6,0,0,3,0,0,0,0,0,0,0,3,2,0,0,0,0,2
’²•zs‘—Μ’¬‚U’–Ϊ,1,0,0,0,0,0,0,0,0,0,0,0,0,0,0,0,0,0,0,1,0,0,1,0,0,0,0,0,0,0,0,0,0,0,0,0,0
’²•zs‘—Μ’¬‚V’–Ϊ,14,1,0,1,0,0,0,0,0,0,0,0,0,0,0,0,0,0,0,11,0,0,5,0,0,0,0,0,0,5,1,2,1,0,0,0,1
’²•zs‘—Μ’¬‚W’–Ϊ,33,0,0,0,1,0,0,1,0,0,0,0,0,0,0,0,0,0,0,23,0,1,12,0,0,0,0,0,0,9,1,9,6,1,0,0,2
’²•zs¬“‡’¬‚P’–Ϊ,55,0,0,0,0,0,0,0,0,0,1,0,0,0,0,0,0,0,1,46,0,0,6,0,0,0,0,0,0,30,10,8,3,4,0,0,1
’²•zs¬“‡’¬‚Q’–Ϊ,35,0,0,0,0,0,0,0,0,0,0,0,0,0,0,0,0,0,0,27,0,0,20,0,0,0,0,0,1,3,3,8,3,1,2,0,2
’²•zs¬“‡’¬‚R’–Ϊ,8,0,0,0,1,0,0,0,1,0,0,0,0,0,0,0,0,0,0,4,0,0,3,0,0,0,0,0,0,0,1,3,1,0,0,0,2
’²•zs²{’¬‚S’–Ϊ,3,0,0,0,0,0,0,0,0,0,1,0,0,1,0,0,0,0,0,2,0,0,1,0,0,0,0,0,0,0,1,0,0,0,0,0,0
’²•zs²{’¬‚T’–Ϊ,4,0,0,0,0,0,0,0,0,0,0,0,0,0,0,0,0,0,0,3,0,0,1,1,0,0,0,0,0,0,1,1,1,0,0,0,0
’²•zsΔθ‚P’–Ϊ,6,0,0,0,0,0,0,0,0,0,0,0,0,0,0,0,0,0,0,2,0,0,1,0,0,0,0,0,0,0,1,4,1,1,0,0,2
’²•zsΔθ‚Q’–Ϊ,6,0,0,0,0,0,0,0,0,0,0,0,0,0,0,0,0,0,0,2,0,0,1,0,0,0,0,0,0,0,1,4,3,1,0,0,0
’²•zs‰ΊΞ΄‚P’–Ϊ,4,0,0,0,1,0,1,0,0,0,0,0,0,0,0,0,0,0,0,2,0,0,1,0,0,0,0,0,0,0,1,1,1,0,0,0,0
’²•zs‰ΊΞ΄‚Q’–Ϊ,6,0,0,0,0,0,0,0,0,0,0,0,0,0,0,0,0,0,0,4,0,0,1,0,0,0,0,0,0,1,2,2,1,0,0,0,1
’²•zs‰ΊΞ΄‚R’–Ϊ,6,0,0,0,1,0,0,1,0,0,0,0,0,0,0,0,0,0,0,3,0,0,1,1,0,0,0,0,0,1,0,2,1,0,0,0,1
’²•zsεμ’¬‚P’–Ϊ,36,0,0,0,3,0,2,1,0,0,1,0,0,0,1,0,0,0,0,27,0,1,12,1,0,0,0,0,0,7,6,5,1,0,0,0,4
’²•zsεμ’¬‚Q’–Ϊ,6,1,1,0,0,0,0,0,0,0,0,0,0,0,0,0,0,0,0,3,0,0,1,0,0,0,0,0,0,1,1,2,2,0,0,0,0
’²•zsεμ’¬‚R’–Ϊ,15,0,0,0,0,0,0,0,0,0,0,0,0,0,0,0,0,0,0,11,0,0,8,0,0,0,0,0,0,2,1,4,3,0,0,0,1
’²•zsυ’n‚P’–Ϊ,7,0,0,0,0,0,0,0,0,0,0,0,0,0,0,0,0,0,0,4,0,0,3,0,0,0,0,0,0,0,1,3,2,0,0,0,1
’²•zsυ’n‚Q’–Ϊ,7,0,0,0,0,0,0,0,0,0,0,0,0,0,0,0,0,0,0,5,0,1,2,0,0,0,0,0,0,0,2,2,2,0,0,0,0
’²•zsυ’n‚R’–Ϊ,34,0,0,0,1,0,1,0,0,0,0,0,0,0,0,0,0,0,0,30,0,5,14,1,0,1,0,0,0,2,7,3,2,0,0,0,1
’²•zs‘½–€μ‚P’–Ϊ,4,0,0,0,0,0,0,0,0,0,0,0,0,0,0,0,0,0,0,3,0,0,1,0,0,0,0,0,0,0,2,1,0,0,0,0,1
’²•zs‘½–€μ‚Q’–Ϊ,3,0,0,0,0,0,0,0,0,0,0,0,0,0,0,0,0,0,0,2,0,0,1,0,0,0,0,0,0,0,1,1,0,0,0,0,1
’²•zs‘½–€μ‚R’–Ϊ,5,0,0,0,0,0,0,0,0,0,0,0,0,0,0,0,0,0,0,5,0,0,5,0,0,0,0,0,0,0,0,0,0,0,0,0,0
’²•zs‘½–€μ‚S’–Ϊ,2,0,0,0,0,0,0,0,0,0,0,0,0,0,0,0,0,0,0,1,0,0,1,0,0,0,0,0,0,0,0,1,0,0,0,0,1
’²•zs‘½–€μ‚T’–Ϊ,6,0,0,0,0,0,0,0,0,0,1,0,0,0,0,1,0,0,0,3,0,1,2,0,0,0,0,0,0,0,0,2,2,0,0,0,0
’²•zs‘½–€μ‚U’–Ϊ,1,0,0,0,0,0,0,0,0,0,0,0,0,0,0,0,0,0,0,1,0,0,1,0,0,0,0,0,0,0,0,0,0,0,0,0,0
’²•zs‘½–€μ‚V’–Ϊ,4,0,0,0,0,0,0,0,0,0,0,0,0,0,0,0,0,0,0,3,0,0,0,0,0,0,0,0,0,1,2,1,0,0,0,0,1
’²•zs’²•zƒP‹u‚P’–Ϊ,8,0,0,0,0,0,0,0,0,0,0,0,0,0,0,0,0,0,0,6,0,0,4,0,0,0,0,0,0,1,1,2,0,1,0,0,1
’²•zs’²•zƒP‹u‚Q’–Ϊ,6,0,0,0,0,0,0,0,0,0,0,0,0,0,0,0,0,0,0,5,0,0,4,0,0,0,0,0,0,0,1,1,0,0,0,0,1
’²•zs’²•zƒP‹u‚R’–Ϊ,5,0,0,0,0,0,0,0,0,0,0,0,0,0,0,0,0,0,0,0,0,0,0,0,0,0,0,0,0,0,0,5,5,0,0,0,0
’²•zs’²•zƒP‹u‚S’–Ϊ,1,0,0,0,1,0,0,0,1,0,0,0,0,0,0,0,0,0,0,0,0,0,0,0,0,0,0,0,0,0,0,0,0,0,0,0,0
’²•zs”ς“c‹‹‚P’–Ϊ,10,0,0,0,1,0,1,0,0,0,0,0,0,0,0,0,0,0,0,6,0,1,3,0,0,0,1,0,0,1,0,3,1,0,0,0,2
’²•zs”ς“c‹‹‚Q’–Ϊ,10,0,0,0,1,0,1,0,0,0,0,0,0,0,0,0,0,0,0,8,0,0,5,0,0,0,0,0,0,2,1,1,0,0,0,0,1
’²•zs”ς“c‹‹‚R’–Ϊ,3,0,0,0,0,0,0,0,0,0,0,0,0,0,0,0,0,0,0,2,0,0,1,0,0,0,0,0,0,0,1,1,1,0,0,0,0
’²•zsΌ‚Β‚Β‚¶ƒP‹u‚P’–Ϊ,11,0,0,0,1,0,1,0,0,0,0,0,0,0,0,0,0,0,0,8,0,0,4,0,0,0,0,0,0,0,4,2,1,0,0,0,1
’²•zsΌ‚Β‚Β‚¶ƒP‹u‚Q’–Ϊ,5,0,0,0,1,0,0,1,0,0,0,0,0,0,0,0,0,0,0,1,0,0,0,0,0,0,0,0,0,0,1,3,2,0,0,0,1
’²•zsΌ‚Β‚Β‚¶ƒP‹u‚R’–Ϊ,47,0,0,0,3,0,3,0,0,0,0,0,0,0,0,0,0,0,0,39,0,0,33,0,0,1,0,0,0,1,4,5,2,1,0,0,2
’²•zsΌ‚Β‚Β‚¶ƒP‹u‚S’–Ϊ,14,0,0,0,0,0,0,0,0,0,0,0,0,0,0,0,0,0,0,10,0,1,6,0,0,0,0,0,1,0,2,4,2,0,0,0,2
’²•zsΌ’¬,4,0,0,0,1,0,0,1,0,0,0,0,0,0,0,0,0,0,0,3,0,0,2,0,0,0,0,0,0,0,1,0,0,0,0,0,0
’²•zs–μ…‚P’–Ϊ,1,0,0,0,0,0,0,0,0,0,0,0,0,0,0,0,0,0,0,1,0,0,0,0,0,0,0,0,0,0,1,0,0,0,0,0,0
’²•zs“‚Β‚Β‚¶ƒP‹u‚P’–Ϊ,6,0,0,0,0,0,0,0,0,0,0,0,0,0,0,0,0,0,0,6,0,0,4,0,0,1,0,0,0,0,1,0,0,0,0,0,0
’²•zs“‚Β‚Β‚¶ƒP‹u‚Q’–Ϊ,4,0,0,0,0,0,0,0,0,0,0,0,0,0,0,0,0,0,0,2,0,0,2,0,0,0,0,0,0,0,0,2,0,1,0,0,1
’²•zs“‚Β‚Β‚¶ƒP‹u‚R’–Ϊ,1,0,0,0,1,0,1,0,0,0,0,0,0,0,0,0,0,0,0,0,0,0,0,0,0,0,0,0,0,0,0,0,0,0,0,0,0
’²•zs•xm©’¬‚P’–Ϊ,6,0,0,0,0,0,0,0,0,0,0,0,0,0,0,0,0,0,0,6,0,0,6,0,0,0,0,0,0,0,0,0,0,0,0,0,0
’²•zs•xm©’¬‚Q’–Ϊ,7,0,0,0,1,0,0,1,0,0,1,0,0,1,0,0,0,0,0,3,0,1,1,0,0,1,0,0,0,0,0,2,1,0,0,0,1
’²•zs•xm©’¬‚R’–Ϊ,4,0,0,0,1,0,1,0,0,0,0,0,0,0,0,0,0,0,0,3,0,0,2,0,0,0,0,0,0,0,1,0,0,0,0,0,0
’²•zs•xm©’¬‚S’–Ϊ,5,0,0,0,0,0,0,0,0,0,0,0,0,0,0,0,0,0,0,4,0,0,3,0,0,0,0,0,0,0,1,1,1,0,0,0,0
’²•zs•z“c‚P’–Ϊ,27,0,0,0,2,0,1,1,0,0,0,0,0,0,0,0,0,0,0,17,0,1,6,0,0,0,0,0,0,5,5,8,3,2,0,0,3
’²•zs•z“c‚Q’–Ϊ,9,0,0,0,0,0,0,0,0,0,0,0,0,0,0,0,0,0,0,5,0,0,4,0,0,0,0,0,0,0,1,4,3,0,0,0,1
’²•zs•z“c‚R’–Ϊ,12,0,0,0,0,0,0,0,0,0,0,0,0,0,0,0,0,0,0,11,0,0,10,0,0,0,0,0,0,0,1,1,0,0,0,0,1
’²•zs•z“c‚S’–Ϊ,45,0,0,0,10,0,8,2,0,0,0,0,0,0,0,0,0,0,0,26,0,1,10,1,0,0,1,0,0,10,3,9,2,2,0,0,5
’²•zs•z“c‚T’–Ϊ,2,0,0,0,0,0,0,0,0,0,0,0,0,0,0,0,0,0,0,1,0,0,1,0,0,0,0,0,0,0,0,1,0,1,0,0,0
’²•zs•z“c‚U’–Ϊ,3,0,0,0,0,0,0,0,0,0,0,0,0,0,0,0,0,0,0,2,0,0,0,1,0,0,0,0,0,0,1,1,0,0,0,0,1
’²•zs—ΞƒP‹u‚P’–Ϊ,4,0,0,0,0,0,0,0,0,0,0,0,0,0,0,0,0,0,0,1,0,0,1,0,0,0,0,0,0,0,0,3,0,0,0,0,3
’²•zs—ΞƒP‹u‚Q’–Ϊ,4,0,0,0,0,0,0,0,0,0,0,0,0,0,0,0,0,0,0,2,0,0,2,0,0,0,0,0,0,0,0,2,1,0,0,0,1
’²•zsα—t’¬‚P’–Ϊ,13,0,0,0,0,0,0,0,0,0,1,0,0,0,0,0,0,0,1,3,0,0,1,0,0,0,0,0,0,0,2,9,4,0,0,0,5
’²•zsα—t’¬‚Q’–Ϊ,14,0,0,0,2,0,1,0,1,0,0,0,0,0,0,0,0,0,0,11,0,0,4,1,0,0,0,0,0,4,2,1,1,0,0,0,0
’²•zsα—t’¬‚R’–Ϊ,7,0,0,0,0,0,0,0,0,0,0,0,0,0,0,0,0,0,0,4,0,0,3,0,0,0,0,0,0,0,1,3,3,0,0,0,0
’²•zs[‘ε›–k’¬‚P’–Ϊ,2,0,0,0,0,0,0,0,0,0,0,0,0,0,0,0,0,0,0,1,0,0,1,0,0,0,0,0,0,0,0,1,1,0,0,0,0
’²•zs[‘ε›–k’¬‚Q’–Ϊ,3,0,0,0,0,0,0,0,0,0,0,0,0,0,0,0,0,0,0,2,0,0,0,0,0,0,1,0,0,0,1,1,0,0,0,0,1
’²•zs[‘ε›–k’¬‚S’–Ϊ,1,0,0,0,0,0,0,0,0,0,0,0,0,0,0,0,0,0,0,0,0,0,0,0,0,0,0,0,0,0,0,1,1,0,0,0,0
’²•zs[‘ε›–k’¬‚T’–Ϊ,3,0,0,0,0,0,0,0,0,0,0,0,0,0,0,0,0,0,0,1,0,0,0,0,0,1,0,0,0,0,0,2,2,0,0,0,0
’²•zs[‘ε›–k’¬‚U’–Ϊ,3,0,0,0,0,0,0,0,0,0,1,0,0,0,0,0,0,0,1,2,0,0,0,1,0,0,0,0,0,0,1,0,0,0,0,0,0
’²•zs[‘ε›–k’¬‚V’–Ϊ,1,0,0,0,0,0,0,0,0,0,0,0,0,0,0,0,0,0,0,0,0,0,0,0,0,0,0,0,0,0,0,1,0,0,0,0,1
’²•zs[‘ε›“’¬‚P’–Ϊ,3,0,0,0,0,0,0,0,0,0,0,0,0,0,0,0,0,0,0,1,0,0,0,0,0,0,0,0,0,0,1,2,1,0,0,0,1
’²•zs[‘ε›“’¬‚Q’–Ϊ,2,0,0,0,0,0,0,0,0,0,0,0,0,0,0,0,0,0,0,2,0,1,1,0,0,0,0,0,0,0,0,0,0,0,0,0,0
’²•zs[‘ε›“’¬‚R’–Ϊ,4,0,0,0,1,0,0,0,0,1,0,0,0,0,0,0,0,0,0,2,0,0,1,0,0,0,0,0,0,1,0,1,1,0,0,0,0
’²•zs[‘ε›“’¬‚S’–Ϊ,3,0,0,0,0,0,0,0,0,0,1,0,0,0,0,0,0,0,1,1,0,0,0,0,0,0,0,0,0,0,1,1,1,0,0,0,0
’²•zs[‘ε›“’¬‚T’–Ϊ,5,0,0,0,0,0,0,0,0,0,0,0,0,0,0,0,0,0,0,3,0,0,0,2,0,0,0,0,0,0,1,2,2,0,0,0,0
’²•zs[‘ε›“’¬‚V’–Ϊ,5,0,0,0,1,0,0,1,0,0,0,0,0,0,0,0,0,0,0,3,0,0,2,0,0,0,0,0,0,0,1,1,1,0,0,0,0
’²•zs[‘ε›“’¬‚W’–Ϊ,2,0,0,0,0,0,0,0,0,0,0,0,0,0,0,0,0,0,0,1,0,0,1,0,0,0,0,0,0,0,0,1,0,0,0,0,1
’²•zs[‘ε›“μ’¬‚Q’–Ϊ,1,0,0,0,0,0,0,0,0,0,0,0,0,0,0,0,0,0,0,0,0,0,0,0,0,0,0,0,0,0,0,1,1,0,0,0,0
’²•zs[‘ε›“μ’¬‚S’–Ϊ,3,1,0,1,1,0,0,1,0,0,0,0,0,0,0,0,0,0,0,0,0,0,0,0,0,0,0,0,0,0,0,1,1,0,0,0,0
’²•zs[‘ε›“μ’¬‚T’–Ϊ,3,0,0,0,0,0,0,0,0,0,0,0,0,0,0,0,0,0,0,0,0,0,0,0,0,0,0,0,0,0,0,3,1,1,0,0,1
’²•zs[‘ε›³’¬‚P’–Ϊ,2,0,0,0,0,0,0,0,0,0,0,0,0,0,0,0,0,0,0,1,0,1,0,0,0,0,0,0,0,0,0,1,0,0,0,0,1
’²•zs[‘ε›³’¬‚Q’–Ϊ,2,0,0,0,0,0,0,0,0,0,0,0,0,0,0,0,0,0,0,0,0,0,0,0,0,0,0,0,0,0,0,2,1,0,0,0,1
’²•zs[‘ε›³’¬‚S’–Ϊ,2,0,0,0,0,0,0,0,0,0,0,0,0,0,0,0,0,0,0,2,0,0,2,0,0,0,0,0,0,0,0,0,0,0,0,0,0
’²•zs[‘ε›³’¬‚T’–Ϊ,7,0,0,0,0,0,0,0,0,0,0,0,0,0,0,0,0,0,0,5,0,0,4,1,0,0,0,0,0,0,0,2,1,1,0,0,0
’²•zs”ª‰_‘δ‚P’–Ϊ,5,0,0,0,0,0,0,0,0,0,1,0,0,0,1,0,0,0,0,3,0,0,2,0,0,0,0,0,0,0,1,1,1,0,0,0,0
’²•zs”ª‰_‘δ‚Q’–Ϊ,2,0,0,0,0,0,0,0,0,0,0,0,0,0,0,0,0,0,0,0,0,0,0,0,0,0,0,0,0,0,0,2,0,0,0,0,2
’²•zsv,799,4,1,3,41,0,24,13,3,1,10,0,0,2,2,2,0,0,4,543,0,21,280,17,0,6,3,0,2,104,110,201,101,18,2,0,80
’¬“cs‘΄’¬,37,0,0,0,3,0,2,1,0,0,2,0,0,0,1,1,0,0,0,18,0,2,5,0,0,0,0,0,0,5,6,14,3,1,0,0,10
’¬“cs®’¬‚P’–Ϊ,11,0,0,0,0,0,0,0,0,0,0,0,0,0,0,0,0,0,0,11,0,0,1,1,0,0,0,0,0,8,1,0,0,0,0,0,0
’¬“cs®’¬‚Q’–Ϊ,7,0,0,0,2,0,0,2,0,0,0,0,0,0,0,0,0,0,0,4,0,0,1,0,0,0,0,0,0,0,3,1,0,0,0,0,1
’¬“cs®’¬‚R’–Ϊ,3,0,0,0,0,0,0,0,0,0,0,0,0,0,0,0,0,0,0,1,0,0,0,0,0,1,0,0,0,0,0,2,1,0,0,0,1
’¬“cs‘ε‘ ’¬,28,1,0,1,0,0,0,0,0,0,2,0,0,0,0,1,1,0,0,20,0,0,7,0,0,0,0,0,0,7,6,5,4,0,0,0,1
’¬“cs¬μ‚P’–Ϊ,1,0,0,0,0,0,0,0,0,0,0,0,0,0,0,0,0,0,0,1,0,0,0,1,0,0,0,0,0,0,0,0,0,0,0,0,0
’¬“cs¬μ‚Q’–Ϊ,7,0,0,0,0,0,0,0,0,0,0,0,0,0,0,0,0,0,0,5,0,1,0,0,0,0,0,0,0,0,4,2,0,0,0,0,2
’¬“cs¬μ‚T’–Ϊ,1,0,0,0,0,0,0,0,0,0,0,0,0,0,0,0,0,0,0,1,0,0,0,0,0,0,0,0,0,1,0,0,0,0,0,0,0
’¬“cs¬μ‚V’–Ϊ,2,0,0,0,0,0,0,0,0,0,1,0,0,0,0,0,0,0,1,1,0,0,0,0,0,0,0,0,0,1,0,0,0,0,0,0,0
’¬“cs¬–μH’¬,6,0,0,0,3,0,2,1,0,0,0,0,0,0,0,0,0,0,0,3,0,0,1,0,0,0,0,0,0,0,2,0,0,0,0,0,0
’¬“cs¬R’¬,35,0,0,0,2,0,0,2,0,0,0,0,0,0,0,0,0,0,0,13,0,0,3,1,0,0,0,0,0,3,6,20,5,0,0,0,15
’¬“cs‹ΰX‚P’–Ϊ,5,0,0,0,0,0,0,0,0,0,2,0,0,0,0,1,0,0,1,1,0,1,0,0,0,0,0,0,0,0,0,2,2,0,0,0,0
’¬“cs‹ΰX‚Q’–Ϊ,6,0,0,0,0,0,0,0,0,0,0,0,0,0,0,0,0,0,0,3,0,0,3,0,0,0,0,0,0,0,0,3,2,0,0,0,1
’¬“cs‹ΰX‚R’–Ϊ,4,0,0,0,0,0,0,0,0,0,0,0,0,0,0,0,0,0,0,2,0,0,1,0,0,0,0,0,0,0,1,2,1,0,0,0,1
’¬“cs‹ΰX‚S’–Ϊ,8,0,0,0,0,0,0,0,0,0,0,0,0,0,0,0,0,0,0,6,0,0,5,0,0,0,0,0,0,1,0,2,2,0,0,0,0
’¬“cs‹ΰX‚U’–Ϊ,2,0,0,0,1,0,0,1,0,0,0,0,0,0,0,0,0,0,0,0,0,0,0,0,0,0,0,0,0,0,0,1,0,0,0,0,1
’¬“cs‹ΰX‚V’–Ϊ,4,0,0,0,0,0,0,0,0,0,0,0,0,0,0,0,0,0,0,4,0,1,1,0,0,0,0,0,0,0,2,0,0,0,0,0,0
’¬“csγ¬R“c’¬,2,0,0,0,1,0,0,1,0,0,0,0,0,0,0,0,0,0,0,1,0,0,0,0,0,0,0,0,0,0,1,0,0,0,0,0,0
’¬“cs–Ψ‘]’¬,1,0,0,0,0,0,0,0,0,0,0,0,0,0,0,0,0,0,0,1,0,0,0,0,0,0,0,0,0,1,0,0,0,0,0,0,0
’¬“cs‰Ί¬R“c’¬,9,0,0,0,1,0,0,1,0,0,1,0,0,0,0,0,0,0,1,4,0,1,0,0,0,0,0,0,0,0,3,3,0,0,0,0,3
’¬“cs^υ›’¬,7,0,0,0,1,0,0,1,0,0,1,0,0,1,0,0,0,0,0,2,0,0,1,0,0,0,0,0,0,0,1,3,0,0,0,0,3
’¬“cs}t’¬,13,0,0,0,3,0,1,2,0,0,0,0,0,0,0,0,0,0,0,6,0,0,1,0,0,0,0,0,0,1,4,4,1,0,0,0,3
’¬“cs’‰¶‚P’–Ϊ,9,0,0,0,1,0,0,1,0,0,0,0,0,0,0,0,0,0,0,3,0,0,1,0,0,0,0,0,0,1,1,5,1,0,1,0,3
’¬“cs’‰¶‚Q’–Ϊ,5,0,0,0,2,0,0,2,0,0,0,0,0,0,0,0,0,0,0,1,0,0,1,0,0,0,0,0,0,0,0,2,1,0,0,0,1
’¬“cs’‰¶‚R’–Ϊ,13,0,0,0,3,0,0,2,1,0,0,0,0,0,0,0,0,0,0,6,0,0,3,0,0,0,0,0,0,0,3,4,1,0,0,0,3
’¬“cs’‰¶‚S’–Ϊ,3,0,0,0,0,0,0,0,0,0,0,0,0,0,0,0,0,0,0,2,0,0,2,0,0,0,0,0,0,0,0,1,0,0,0,0,1
’¬“cs‹Κμw‰€‚P’–Ϊ,4,0,0,0,0,0,0,0,0,0,2,0,0,0,0,0,0,0,2,1,0,0,1,0,0,0,0,0,0,0,0,1,1,0,0,0,0
’¬“cs‹Κμw‰€‚Q’–Ϊ,11,0,0,0,0,0,0,0,0,0,2,0,0,0,0,0,0,0,2,4,0,0,0,0,0,0,0,0,1,3,0,5,1,0,0,0,4
’¬“cs‹Κμw‰€‚R’–Ϊ,2,0,0,0,0,0,0,0,0,0,0,0,0,0,0,0,0,0,0,0,0,0,0,0,0,0,0,0,0,0,0,2,2,0,0,0,0
’¬“cs‹Κμw‰€‚T’–Ϊ,3,0,0,0,0,0,0,0,0,0,0,0,0,0,0,0,0,0,0,2,0,0,2,0,0,0,0,0,0,0,0,1,0,0,0,0,1
’¬“cs‹Κμw‰€‚U’–Ϊ,2,0,0,0,0,0,0,0,0,0,0,0,0,0,0,0,0,0,0,0,0,0,0,0,0,0,0,0,0,0,0,2,0,0,0,0,2
’¬“cs‹Κμw‰€‚V’–Ϊ,2,0,0,0,0,0,0,0,0,0,0,0,0,0,0,0,0,0,0,0,0,0,0,0,0,0,0,0,0,0,0,2,0,0,0,0,2
’¬“cs‹Κμw‰€‚W’–Ϊ,3,0,0,0,0,0,0,0,0,0,1,0,0,0,0,0,0,0,1,1,0,0,0,1,0,0,0,0,0,0,0,1,0,0,0,0,1
’¬“cs‚Β‚­‚µ–μ‚P’–Ϊ,1,0,0,0,0,0,0,0,0,0,1,0,0,0,0,0,0,0,1,0,0,0,0,0,0,0,0,0,0,0,0,0,0,0,0,0,0
’¬“cs‚Β‚­‚µ–μ‚R’–Ϊ,1,0,0,0,0,0,0,0,0,0,0,0,0,0,0,0,0,0,0,1,0,0,0,0,0,0,0,0,0,1,0,0,0,0,0,0,0
’¬“cs‚Β‚­‚µ–μ‚S’–Ϊ,1,0,0,0,0,0,0,0,0,0,0,0,0,0,0,0,0,0,0,0,0,0,0,0,0,0,0,0,0,0,0,1,1,0,0,0,0
’¬“cs’ίμ‚P’–Ϊ,2,0,0,0,0,0,0,0,0,0,1,0,0,0,0,0,0,0,1,1,0,0,0,0,0,0,0,0,0,0,1,0,0,0,0,0,0
’¬“cs’ίμ‚Q’–Ϊ,4,0,0,0,1,0,0,1,0,0,0,0,0,0,0,0,0,0,0,0,0,0,0,0,0,0,0,0,0,0,0,3,2,0,0,0,1
’¬“cs’ίμ‚R’–Ϊ,5,0,0,0,0,0,0,0,0,0,0,0,0,0,0,0,0,0,0,4,0,2,1,0,0,0,0,0,0,1,0,1,1,0,0,0,0
’¬“cs’ίμ‚S’–Ϊ,4,0,0,0,1,0,0,1,0,0,0,0,0,0,0,0,0,0,0,3,0,0,3,0,0,0,0,0,0,0,0,0,0,0,0,0,0
’¬“cs’ίμ‚T’–Ϊ,6,0,0,0,0,0,0,0,0,0,0,0,0,0,0,0,0,0,0,5,0,1,1,0,0,0,0,0,0,3,0,1,1,0,0,0,0
’¬“cs’ίμ‚U’–Ϊ,4,0,0,0,0,0,0,0,0,0,0,0,0,0,0,0,0,0,0,1,0,0,1,0,0,0,0,0,0,0,0,3,2,0,0,0,1
’¬“cs’ίΤ‚P’–Ϊ,3,0,0,0,0,0,0,0,0,0,1,0,0,0,0,0,0,1,0,1,0,0,0,0,0,0,0,0,0,1,0,1,0,0,0,0,1
’¬“cs’ίΤ‚Q’–Ϊ,2,0,0,0,0,0,0,0,0,0,0,0,0,0,0,0,0,0,0,0,0,0,0,0,0,0,0,0,0,0,0,2,0,0,0,0,2
’¬“cs’ίΤ‚R’–Ϊ,58,0,0,0,2,0,2,0,0,0,0,0,0,0,0,0,0,0,0,42,0,1,9,1,1,0,0,0,0,23,7,14,11,0,0,0,3
’¬“cs’ίΤ‚S’–Ϊ,2,0,0,0,0,0,0,0,0,0,0,0,0,0,0,0,0,0,0,1,0,1,0,0,0,0,0,0,0,0,0,1,1,0,0,0,0
’¬“cs’ίΤ‚T’–Ϊ,2,0,0,0,0,0,0,0,0,0,0,0,0,0,0,0,0,0,0,1,0,0,0,0,0,0,0,0,0,0,1,1,0,0,0,0,1
’¬“cs’ίΤ‚U’–Ϊ,2,0,0,0,0,0,0,0,0,0,0,0,0,0,0,0,0,0,0,1,0,0,0,0,0,0,0,0,0,0,1,1,0,0,0,0,1
’¬“cs’ίΤ‚V’–Ϊ,9,0,0,0,0,0,0,0,0,0,1,0,0,0,0,1,0,0,0,6,0,0,0,3,0,0,0,0,0,0,3,2,0,0,0,0,2
’¬“cs’ίΤ‚W’–Ϊ,3,0,0,0,1,0,1,0,0,0,0,0,0,0,0,0,0,0,0,2,0,0,0,1,0,0,0,0,0,1,0,0,0,0,0,0,0
’¬“csν”Υ’¬,18,0,0,0,1,0,0,1,0,0,3,0,1,0,0,1,0,0,1,11,0,0,2,0,0,0,0,0,0,7,2,3,0,0,0,0,3
’¬“cs’†’¬‚P’–Ϊ,21,1,1,0,1,0,1,0,0,0,1,0,0,0,0,0,0,0,1,14,0,1,3,0,0,0,0,0,0,1,9,4,1,0,0,0,3
’¬“cs’†’¬‚Q’–Ϊ,8,0,0,0,0,0,0,0,0,0,0,0,0,0,0,0,0,0,0,5,0,0,1,0,0,0,0,0,0,3,1,3,2,0,0,0,1
’¬“cs’†’¬‚R’–Ϊ,7,0,0,0,0,0,0,0,0,0,0,0,0,0,0,0,0,0,0,4,0,0,4,0,0,0,0,0,0,0,0,3,1,0,0,0,2
’¬“cs’†’¬‚S’–Ϊ,2,0,0,0,0,0,0,0,0,0,0,0,0,0,0,0,0,0,0,1,0,0,1,0,0,0,0,0,0,0,0,1,0,0,0,0,1
’¬“cs¬£‚P’–Ϊ,1,0,0,0,1,0,0,1,0,0,0,0,0,0,0,0,0,0,0,0,0,0,0,0,0,0,0,0,0,0,0,0,0,0,0,0,0
’¬“cs¬£‚Q’–Ϊ,1,0,0,0,0,0,0,0,0,0,1,0,0,0,0,1,0,0,0,0,0,0,0,0,0,0,0,0,0,0,0,0,0,0,0,0,0
’¬“cs¬£‚S’–Ϊ,3,0,0,0,1,0,0,1,0,0,0,0,0,0,0,0,0,0,0,2,0,1,0,0,0,0,0,0,0,1,0,0,0,0,0,0,0
’¬“cs¬£‚T’–Ϊ,2,0,0,0,0,0,0,0,0,0,0,0,0,0,0,0,0,0,0,1,0,0,0,0,0,0,0,0,0,1,0,1,1,0,0,0,0
’¬“cs¬£‚U’–Ϊ,5,0,0,0,0,0,0,0,0,0,0,0,0,0,0,0,0,0,0,3,0,1,0,0,0,1,0,0,0,0,1,2,1,0,0,0,1
’¬“cs¬£‚V’–Ϊ,4,0,0,0,0,0,0,0,0,0,0,0,0,0,0,0,0,0,0,4,0,1,2,0,0,0,0,0,0,0,1,0,0,0,0,0,0
’¬“cs¬£‚W’–Ϊ,1,0,0,0,0,0,0,0,0,0,0,0,0,0,0,0,0,0,0,0,0,0,0,0,0,0,0,0,0,0,0,1,1,0,0,0,0
’¬“cs¬£‘δ‚P’–Ϊ,2,1,0,1,0,0,0,0,0,0,1,0,0,0,0,0,1,0,0,0,0,0,0,0,0,0,0,0,0,0,0,0,0,0,0,0,0
’¬“cs¬£‘δ‚Q’–Ϊ,2,0,0,0,0,0,0,0,0,0,0,0,0,0,0,0,0,0,0,2,0,1,1,0,0,0,0,0,0,0,0,0,0,0,0,0,0
’¬“cs¬£‘δ‚R’–Ϊ,4,0,0,0,2,0,1,1,0,0,1,0,0,0,0,1,0,0,0,1,0,0,0,1,0,0,0,0,0,0,0,0,0,0,0,0,0
’¬“cs¬£‘δ‚S’–Ϊ,1,0,0,0,0,0,0,0,0,0,0,0,0,0,0,0,0,0,0,1,0,0,0,1,0,0,0,0,0,0,0,0,0,0,0,0,0
’¬“csªέ’¬,3,0,0,0,0,0,0,0,0,0,1,0,0,0,0,0,0,0,1,2,1,0,0,0,0,0,0,0,0,0,1,0,0,0,0,0,0
’¬“cs–μ’Γ“c’¬,15,0,0,0,0,0,0,0,0,0,0,0,0,0,0,0,0,0,0,7,0,1,1,0,0,0,0,0,0,2,3,8,4,0,0,0,4
’¬“cs΄’¬“c‚P’–Ϊ,11,0,0,0,2,0,1,1,0,0,0,0,0,0,0,0,0,0,0,5,0,1,3,1,0,0,0,0,0,0,0,4,2,1,0,0,1
’¬“cs΄’¬“c‚Q’–Ϊ,14,1,0,1,1,0,0,1,0,0,1,0,0,0,0,0,0,0,1,9,0,0,7,0,0,0,0,0,0,2,0,2,1,0,0,0,1
’¬“cs΄’¬“c‚R’–Ϊ,5,0,0,0,0,0,0,0,0,0,0,0,0,0,0,0,0,0,0,4,0,1,2,0,0,0,0,0,0,1,0,1,0,0,0,0,1
’¬“cs΄’¬“c‚S’–Ϊ,35,0,0,0,4,0,3,1,0,0,3,0,0,0,3,0,0,0,0,18,0,1,5,0,0,0,0,0,0,9,3,10,1,1,0,0,8
’¬“cs΄’¬“c‚T’–Ϊ,10,0,0,0,1,0,1,0,0,0,1,0,0,0,0,0,0,0,1,7,0,0,0,0,0,0,0,0,0,3,4,1,0,0,0,0,1
’¬“cs΄’¬“c‚U’–Ϊ,197,0,0,0,26,0,15,8,1,2,11,1,0,0,9,0,0,0,1,128,0,2,6,3,0,0,0,0,4,90,23,32,3,2,2,0,25
’¬“cs“‹Κμw‰€‚P’–Ϊ,2,0,0,0,0,0,0,0,0,0,0,0,0,0,0,0,0,0,0,0,0,0,0,0,0,0,0,0,0,0,0,2,1,0,0,0,1
’¬“cs“‹Κμw‰€‚R’–Ϊ,3,0,0,0,0,0,0,0,0,0,0,0,0,0,0,0,0,0,0,3,0,0,3,0,0,0,0,0,0,0,0,0,0,0,0,0,0
’¬“csLΡ’¬,2,0,0,0,0,0,0,0,0,0,2,0,0,0,0,1,0,0,1,0,0,0,0,0,0,0,0,0,0,0,0,0,0,0,0,0,0
’¬“cs–{’¬“c,46,0,0,0,4,0,1,2,1,0,2,0,0,0,0,2,0,0,0,21,0,5,5,1,0,0,0,0,0,3,7,19,7,0,0,0,12
’¬“cs“μ‘ε’J‚P’–Ϊ,2,0,0,0,0,0,0,0,0,0,1,0,0,0,0,0,0,0,1,1,0,0,1,0,0,0,0,0,0,0,0,0,0,0,0,0,0
’¬“cs“μ‘ε’J‚R’–Ϊ,2,0,0,0,0,0,0,0,0,0,0,0,0,0,0,0,0,0,0,2,0,0,1,0,0,0,0,0,0,0,1,0,0,0,0,0,0
’¬“cs“μ‘ε’J‚S’–Ϊ,1,0,0,0,0,0,0,0,0,0,0,0,0,0,0,0,0,0,0,0,0,0,0,0,0,0,0,0,0,0,0,1,1,0,0,0,0
’¬“cs“μ‘ε’J‚T’–Ϊ,1,0,0,0,0,0,0,0,0,0,0,0,0,0,0,0,0,0,0,1,0,0,0,0,0,0,0,0,0,0,1,0,0,0,0,0,0
’¬“cs“μ‘ε’J‚U’–Ϊ,2,0,0,0,0,0,0,0,0,0,0,0,0,0,0,0,0,0,0,1,0,0,1,0,0,0,0,0,0,0,0,1,0,0,0,0,1
’¬“cs“μ‚Β‚­‚µ–μ‚Q’–Ϊ,1,0,0,0,0,0,0,0,0,0,0,0,0,0,0,0,0,0,0,1,0,0,0,1,0,0,0,0,0,0,0,0,0,0,0,0,0
’¬“cs“μ‚Β‚­‚µ–μ‚R’–Ϊ,1,0,0,0,0,0,0,0,0,0,0,0,0,0,0,0,0,0,0,1,0,0,1,0,0,0,0,0,0,0,0,0,0,0,0,0,0
’¬“cs“μ¬£‚P’–Ϊ,14,0,0,0,1,0,0,1,0,0,0,0,0,0,0,0,0,0,0,11,0,1,4,0,0,0,0,0,0,1,5,2,1,0,0,0,1
’¬“cs“μ¬£‚Q’–Ϊ,6,0,0,0,0,0,0,0,0,0,2,0,0,0,0,2,0,0,0,2,0,1,0,0,0,0,0,0,0,0,1,2,2,0,0,0,0
’¬“cs“μ¬£‚R’–Ϊ,1,0,0,0,0,0,0,0,0,0,1,0,0,0,0,0,0,0,1,0,0,0,0,0,0,0,0,0,0,0,0,0,0,0,0,0,0
’¬“cs“μ¬£‚S’–Ϊ,2,0,0,0,0,0,0,0,0,0,0,0,0,0,0,0,0,0,0,1,0,0,1,0,0,0,0,0,0,0,0,1,1,0,0,0,0
’¬“cs“μ¬£‚T’–Ϊ,5,0,0,0,0,0,0,0,0,0,2,0,0,0,0,1,0,0,1,2,0,1,1,0,0,0,0,0,0,0,0,1,0,0,0,0,1
’¬“cs“μ¬£‚V’–Ϊ,1,0,0,0,0,0,0,0,0,0,0,0,0,0,0,0,0,0,0,1,0,0,0,0,0,0,0,0,0,0,1,0,0,0,0,0,0
’¬“csO—Φ’¬,12,0,0,0,0,0,0,0,0,0,1,0,0,0,0,1,0,0,0,6,0,0,4,2,0,0,0,0,0,0,0,5,5,0,0,0,0
’¬“csX–μ‚P’–Ϊ,80,2,0,2,4,0,3,0,0,1,0,0,0,0,0,0,0,0,0,57,0,10,26,4,0,0,1,0,1,6,9,17,3,3,0,0,11
’¬“csX–μ‚Q’–Ϊ,12,0,0,0,1,0,0,1,0,0,0,0,0,0,0,0,0,0,0,7,0,1,4,0,0,0,0,0,0,0,2,4,2,0,0,0,2
’¬“csX–μ‚R’–Ϊ,6,0,0,0,1,0,0,1,0,0,0,0,0,0,0,0,0,0,0,4,0,0,0,0,0,0,0,0,0,1,3,1,0,0,0,0,1
’¬“csX–μ‚S’–Ϊ,6,0,0,0,1,0,0,0,0,1,0,0,0,0,0,0,0,0,0,4,0,0,1,0,0,0,0,0,0,0,3,1,0,0,0,0,1
’¬“csX–μ‚T’–Ϊ,4,0,0,0,0,0,0,0,0,0,0,0,0,0,0,0,0,0,0,3,0,0,1,0,0,0,0,0,0,0,2,1,1,0,0,0,0
’¬“csX–μ‚U’–Ϊ,2,0,0,0,0,0,0,0,0,0,0,0,0,0,0,0,0,0,0,2,0,0,2,0,0,0,0,0,0,0,0,0,0,0,0,0,0
’¬“cs–ξ•”’¬,1,0,0,0,0,0,0,0,0,0,0,0,0,0,0,0,0,0,0,1,0,0,1,0,0,0,0,0,0,0,0,0,0,0,0,0,0
’¬“csRθ’¬,40,1,1,0,1,0,1,0,0,0,0,0,0,0,0,0,0,0,0,22,0,7,7,0,0,0,0,0,0,2,6,16,6,1,0,0,9
’¬“cs¬R“cχ‘δ‚P’–Ϊ,4,0,0,0,0,0,0,0,0,0,0,0,0,0,0,0,0,0,0,2,0,2,0,0,0,0,0,0,0,0,0,2,1,0,0,0,1
’¬“cs¬R“cχ‘δ‚Q’–Ϊ,3,0,0,0,0,0,0,0,0,0,0,0,0,0,0,0,0,0,0,2,0,1,0,0,0,0,0,0,0,0,1,1,1,0,0,0,0
’¬“cs–ςt‘δ‚P’–Ϊ,3,0,0,0,0,0,0,0,0,0,0,0,0,0,0,0,0,0,0,1,0,0,0,0,0,1,0,0,0,0,0,2,0,0,0,0,2
’¬“cs–ςt‘δ‚R’–Ϊ,1,0,0,0,0,0,0,0,0,0,0,0,0,0,0,0,0,0,0,0,0,0,0,0,0,0,0,0,0,0,0,1,0,0,0,0,1
’¬“cs¬£‚ª‹u‚P’–Ϊ,2,0,0,0,0,0,0,0,0,0,0,0,0,0,0,0,0,0,0,1,0,0,0,0,0,0,0,0,0,1,0,1,0,0,0,0,1
’¬“cs¬£‚ª‹u‚Q’–Ϊ,2,0,0,0,2,0,0,1,0,1,0,0,0,0,0,0,0,0,0,0,0,0,0,0,0,0,0,0,0,0,0,0,0,0,0,0,0
’¬“cs¬£‚ª‹u‚R’–Ϊ,3,0,0,0,0,0,0,0,0,0,0,0,0,0,0,0,0,0,0,0,0,0,0,0,0,0,0,0,0,0,0,3,3,0,0,0,0
’¬“csO—Φ—ΞR‚P’–Ϊ,2,0,0,0,0,0,0,0,0,0,0,0,0,0,0,0,0,0,0,0,0,0,0,0,0,0,0,0,0,0,0,2,2,0,0,0,0
’¬“csO—Φ—ΞR‚Q’–Ϊ,6,0,0,0,0,0,0,0,0,0,3,0,0,0,0,1,0,0,2,1,0,0,0,0,0,0,0,0,0,0,1,2,2,0,0,0,0
’¬“csO—Φ—ΞR‚R’–Ϊ,1,0,0,0,0,0,0,0,0,0,0,0,0,0,0,0,0,0,0,0,0,0,0,0,0,0,0,0,0,0,0,1,0,0,0,0,1
’¬“cs‹ΰδ‚P’–Ϊ,5,0,0,0,0,0,0,0,0,0,1,0,0,0,0,0,0,0,1,1,0,0,0,0,0,0,0,0,0,0,1,3,1,0,0,0,2
’¬“cs‹ΰδ‚Q’–Ϊ,7,0,0,0,0,0,0,0,0,0,0,0,0,0,0,0,0,0,0,2,0,0,2,0,0,0,0,0,0,0,0,5,1,0,0,0,4
’¬“cs‹ΰδ‚R’–Ϊ,1,0,0,0,0,0,0,0,0,0,0,0,0,0,0,0,0,0,0,1,0,1,0,0,0,0,0,0,0,0,0,0,0,0,0,0,0
’¬“cs‹ΰδ‚S’–Ϊ,1,0,0,0,0,0,0,0,0,0,0,0,0,0,0,0,0,0,0,0,0,0,0,0,0,0,0,0,0,0,0,1,0,0,0,0,1
’¬“cs‹ΰδ‚T’–Ϊ,7,0,0,0,2,0,1,1,0,0,0,0,0,0,0,0,0,0,0,1,0,0,0,1,0,0,0,0,0,0,0,4,3,0,0,0,1
’¬“cs‹ΰδ‚V’–Ϊ,3,0,0,0,0,0,0,0,0,0,1,0,0,0,0,1,0,0,0,0,0,0,0,0,0,0,0,0,0,0,0,2,1,0,0,0,1
’¬“cs‹ΰδ‚W’–Ϊ,1,0,0,0,0,0,0,0,0,0,0,0,0,0,0,0,0,0,0,1,0,0,0,0,0,0,0,0,0,1,0,0,0,0,0,0,0
’¬“cs^υ›‚P’–Ϊ,2,0,0,0,0,0,0,0,0,0,0,0,0,0,0,0,0,0,0,2,0,0,1,0,0,0,0,0,0,1,0,0,0,0,0,0,0
’¬“cs^υ›‚R’–Ϊ,10,0,0,0,1,0,0,1,0,0,0,0,0,0,0,0,0,0,0,9,0,0,0,0,0,0,0,0,0,9,0,0,0,0,0,0,0
’¬“csLΡ‚R’–Ϊ,1,0,0,0,0,0,0,0,0,0,0,0,0,0,0,0,0,0,0,1,0,0,0,0,0,0,0,0,0,1,0,0,0,0,0,0,0
’¬“cs¬Rƒ–‹u‚P’–Ϊ,5,0,0,0,1,0,1,0,0,0,0,0,0,0,0,0,0,0,0,3,0,0,1,0,0,0,0,0,0,1,1,1,1,0,0,0,0
’¬“cs¬Rƒ–‹u‚Q’–Ϊ,9,0,0,0,0,0,0,0,0,0,1,0,0,0,1,0,0,0,0,4,0,0,3,0,0,0,0,0,1,0,0,4,0,0,0,0,4
’¬“cs¬Rƒ–‹u‚R’–Ϊ,18,0,0,0,2,0,1,0,1,0,0,0,0,0,0,0,0,0,0,13,0,0,5,0,0,0,0,0,1,5,2,3,1,0,0,0,2
’¬“cs¬Rƒ–‹u‚S’–Ϊ,6,0,0,0,0,0,0,0,0,0,0,0,0,0,0,0,0,0,0,3,0,0,0,0,0,0,0,0,0,3,0,3,1,0,1,0,1
’¬“cs¬Rƒ–‹u‚U’–Ϊ,8,0,0,0,2,0,1,0,1,0,0,0,0,0,0,0,0,0,0,5,0,0,0,0,0,0,0,0,0,4,1,1,0,0,0,0,1
’¬“cs–Ψ‘]Ό‚P’–Ϊ,5,0,0,0,0,0,0,0,0,0,1,0,0,0,0,0,0,0,1,2,0,0,0,1,0,0,0,0,0,1,0,2,0,0,0,0,2
’¬“cs–Ψ‘]Ό‚Q’–Ϊ,3,0,0,0,0,0,0,0,0,0,0,0,0,0,0,0,0,0,0,3,0,0,1,0,0,0,0,0,0,2,0,0,0,0,0,0,0
’¬“cs–Ψ‘]Ό‚R’–Ϊ,4,0,0,0,0,0,0,0,0,0,0,0,0,0,0,0,0,0,0,4,0,0,1,2,0,0,0,0,0,0,1,0,0,0,0,0,0
’¬“cs–Ψ‘]Ό‚S’–Ϊ,3,0,0,0,0,0,0,0,0,0,0,0,0,0,0,0,0,0,0,1,0,0,1,0,0,0,0,0,0,0,0,2,0,0,0,0,2
’¬“cs–Ψ‘]Ό‚T’–Ϊ,2,0,0,0,0,0,0,0,0,0,0,0,0,0,0,0,0,0,0,0,0,0,0,0,0,0,0,0,0,0,0,2,1,0,0,0,1
’¬“cs–Ψ‘]“‚P’–Ϊ,18,0,0,0,3,0,1,2,0,0,0,0,0,0,0,0,0,0,0,10,0,0,6,1,0,0,0,0,0,0,3,5,1,0,0,0,4
’¬“cs–Ψ‘]“‚Q’–Ϊ,7,0,0,0,1,0,0,1,0,0,0,0,0,0,0,0,0,0,0,2,0,0,1,0,0,0,0,0,0,0,1,4,0,1,0,0,3
’¬“cs–Ψ‘]“‚S’–Ϊ,6,0,0,0,0,0,0,0,0,0,2,0,0,2,0,0,0,0,0,2,0,0,0,0,0,0,0,0,0,1,1,2,0,0,0,0,2
’¬“csRθ‚P’–Ϊ,1,0,0,0,0,0,0,0,0,0,0,0,0,0,0,0,0,0,0,1,0,0,1,0,0,0,0,0,0,0,0,0,0,0,0,0,0
’¬“cs”\ƒ–’J‚P’–Ϊ,28,0,0,0,3,0,2,1,0,0,1,0,0,0,1,0,0,0,0,17,0,0,6,0,0,0,0,0,0,8,3,7,1,1,0,0,5
’¬“cs”\ƒ–’J‚R’–Ϊ,1,0,0,0,0,0,0,0,0,0,0,0,0,0,0,0,0,0,0,1,0,0,0,1,0,0,0,0,0,0,0,0,0,0,0,0,0
’¬“cs”\ƒ–’J‚S’–Ϊ,10,0,0,0,0,0,0,0,0,0,0,0,0,0,0,0,0,0,0,8,0,0,0,0,0,0,0,0,0,8,0,2,2,0,0,0,0
’¬“cs”\ƒ–’J‚T’–Ϊ,1,0,0,0,0,0,0,0,0,0,1,0,0,0,0,1,0,0,0,0,0,0,0,0,0,0,0,0,0,0,0,0,0,0,0,0,0
’¬“cs”\ƒ–’J‚U’–Ϊ,1,0,0,0,0,0,0,0,0,0,0,0,0,0,0,0,0,0,0,1,0,0,1,0,0,0,0,0,0,0,0,0,0,0,0,0,0
’¬“cs”\ƒ–’J‚V’–Ϊ,2,0,0,0,0,0,0,0,0,0,1,0,0,0,0,1,0,0,0,0,0,0,0,0,0,0,0,0,0,0,0,1,0,0,0,0,1
’¬“csªέ‚Q’–Ϊ,26,0,0,0,0,0,0,0,0,0,0,0,0,0,0,0,0,0,0,24,0,0,1,0,0,0,0,0,0,21,2,2,1,0,0,0,1
’¬“cs‹ΰX“‚P’–Ϊ,4,1,0,1,1,0,0,0,1,0,0,0,0,0,0,0,0,0,0,1,0,0,1,0,0,0,0,0,0,0,0,1,0,0,0,0,1
’¬“cs‹ΰX“‚Q’–Ϊ,3,0,0,0,0,0,0,0,0,0,1,0,0,0,0,1,0,0,0,1,0,0,1,0,0,0,0,0,0,0,0,1,0,0,0,0,1
’¬“cs‹ΰX“‚R’–Ϊ,4,0,0,0,0,0,0,0,0,0,1,0,0,0,0,0,0,0,1,1,0,0,0,1,0,0,0,0,0,0,0,2,1,0,0,0,1
’¬“cs‚ƒ–β‚P’–Ϊ,3,0,0,0,0,0,0,0,0,0,1,0,0,0,0,0,0,0,1,1,0,0,0,0,0,0,0,0,0,0,1,1,0,0,0,0,1
’¬“cs‚ƒ–β‚Q’–Ϊ,4,0,0,0,1,0,0,0,1,0,0,0,0,0,0,0,0,0,0,3,0,0,0,0,0,0,0,0,0,2,1,0,0,0,0,0,0
’¬“cs‚ƒ–β‚R’–Ϊ,8,0,0,0,1,0,0,0,0,1,2,0,0,0,0,0,0,0,2,2,0,1,0,0,0,0,0,0,0,0,1,3,2,0,0,0,1
’¬“cs‚ƒ–β‚S’–Ϊ,5,0,0,0,1,0,0,0,0,1,2,0,0,0,0,1,0,0,1,1,0,0,0,0,0,0,0,0,0,0,1,1,1,0,0,0,0
’¬“cs‚ƒ–β‚T’–Ϊ,5,0,0,0,0,0,0,0,0,0,2,0,0,0,0,1,0,0,1,3,0,0,0,0,0,0,0,0,0,3,0,0,0,0,0,0,0
’¬“cs‚ƒ–β‚U’–Ϊ,2,0,0,0,0,0,0,0,0,0,1,0,0,0,0,0,0,0,1,1,0,0,0,0,0,0,0,0,0,0,1,0,0,0,0,0,0
’¬“cs‚ƒ–β‚V’–Ϊ,7,0,0,0,1,0,0,1,0,0,0,0,0,0,0,0,0,0,0,3,0,3,0,0,0,0,0,0,0,0,0,3,0,0,0,0,3
’¬“csΌ¬£‚P’–Ϊ,3,0,0,0,0,0,0,0,0,0,0,0,0,0,0,0,0,0,0,2,0,1,0,1,0,0,0,0,0,0,0,1,1,0,0,0,0
’¬“csΌ¬£‚Q’–Ϊ,4,0,0,0,1,0,1,0,0,0,1,0,0,0,0,0,0,0,1,2,0,1,0,0,0,0,0,0,0,0,1,0,0,0,0,0,0
’¬“csΌ¬£‚R’–Ϊ,1,0,0,0,1,0,0,0,1,0,0,0,0,0,0,0,0,0,0,0,0,0,0,0,0,0,0,0,0,0,0,0,0,0,0,0,0
’¬“cs“μ’¬“c‚P’–Ϊ,5,0,0,0,0,0,0,0,0,0,0,0,0,0,0,0,0,0,0,3,0,0,2,0,0,0,0,0,0,0,1,2,1,0,0,0,1
’¬“cs“μ’¬“c‚Q’–Ϊ,4,0,0,0,0,0,0,0,0,0,0,0,0,0,0,0,0,0,0,1,0,0,1,0,0,0,0,0,0,0,0,3,3,0,0,0,0
’¬“cs“μ’¬“c‚R’–Ϊ,4,0,0,0,1,0,1,0,0,0,1,0,0,0,0,1,0,0,0,1,0,0,1,0,0,0,0,0,0,0,0,1,1,0,0,0,0
’¬“cs“μ’¬“c‚S’–Ϊ,4,0,0,0,0,0,0,0,0,0,0,0,0,0,0,0,0,0,0,1,0,0,0,0,0,0,0,0,0,0,1,3,1,0,0,0,2
’¬“cs“μ’¬“c‚T’–Ϊ,1,0,0,0,1,0,1,0,0,0,0,0,0,0,0,0,0,0,0,0,0,0,0,0,0,0,0,0,0,0,0,0,0,0,0,0,0
’¬“cs‹ΰδƒ–‹u‚P’–Ϊ,5,0,0,0,1,0,1,0,0,0,0,0,0,0,0,0,0,0,0,0,0,0,0,0,0,0,0,0,0,0,0,4,3,0,0,0,1
’¬“cs‹ΰδƒ–‹u‚Q’–Ϊ,4,0,0,0,0,0,0,0,0,0,1,0,0,0,0,0,1,0,0,1,0,0,1,0,0,0,0,0,0,0,0,2,1,0,0,0,1
’¬“cs‹ΰδƒ–‹u‚S’–Ϊ,1,0,0,0,0,0,0,0,0,0,0,0,0,0,0,0,0,0,0,0,0,0,0,0,0,0,0,0,0,0,0,1,0,0,0,0,1
’¬“cs“΅‚Μ‘δ‚P’–Ϊ,2,0,0,0,0,0,0,0,0,0,0,0,0,0,0,0,0,0,0,1,0,0,1,0,0,0,0,0,0,0,0,1,0,0,0,0,1
’¬“cs“΅‚Μ‘δ‚Q’–Ϊ,1,0,0,0,0,0,0,0,0,0,0,0,0,0,0,0,0,0,0,0,0,0,0,0,0,0,0,0,0,0,0,1,1,0,0,0,0
’¬“cs“΅‚Μ‘δ‚R’–Ϊ,1,0,0,0,1,0,0,0,1,0,0,0,0,0,0,0,0,0,0,0,0,0,0,0,0,0,0,0,0,0,0,0,0,0,0,0,0
’¬“csv,1306,8,2,6,109,0,46,47,9,7,78,1,1,3,15,22,3,1,32,738,1,58,196,31,1,3,1,0,8,267,172,373,135,11,4,0,223
¬‹ΰδs–μ’¬‚P’–Ϊ,2,0,0,0,0,0,0,0,0,0,1,0,0,0,0,0,0,0,1,1,0,0,1,0,0,0,0,0,0,0,0,0,0,0,0,0,0
¬‹ΰδs–μ’¬‚Q’–Ϊ,4,0,0,0,1,0,0,0,1,0,0,0,0,0,0,0,0,0,0,2,0,0,1,0,0,0,0,0,0,0,1,1,1,0,0,0,0
¬‹ΰδs–μ’¬‚R’–Ϊ,6,0,0,0,0,0,0,0,0,0,0,0,0,0,0,0,0,0,0,4,0,0,3,0,0,0,0,0,0,1,0,2,0,0,0,0,2
¬‹ΰδs–μ’¬‚S’–Ϊ,7,1,0,1,2,0,1,1,0,0,0,0,0,0,0,0,0,0,0,2,0,0,2,0,0,0,0,0,0,0,0,2,0,0,0,0,2
¬‹ΰδs–μ’¬‚T’–Ϊ,17,1,1,0,1,0,1,0,0,0,0,0,0,0,0,0,0,0,0,10,0,0,5,1,0,0,1,0,0,2,1,5,1,1,0,0,3
¬‹ΰδsχ’¬‚P’–Ϊ,6,0,0,0,1,0,1,0,0,0,1,0,0,0,0,0,0,0,1,1,0,0,0,0,0,0,0,0,0,0,1,3,1,1,0,0,1
¬‹ΰδsχ’¬‚Q’–Ϊ,1,0,0,0,0,0,0,0,0,0,1,0,0,0,0,0,1,0,0,0,0,0,0,0,0,0,0,0,0,0,0,0,0,0,0,0,0
¬‹ΰδsΦ–μ’¬‚P’–Ϊ,4,0,0,0,0,0,0,0,0,0,0,0,0,0,0,0,0,0,0,4,0,0,4,0,0,0,0,0,0,0,0,0,0,0,0,0,0
¬‹ΰδsΦ–μ’¬‚Q’–Ϊ,1,0,0,0,0,0,0,0,0,0,0,0,0,0,0,0,0,0,0,1,0,0,1,0,0,0,0,0,0,0,0,0,0,0,0,0,0
¬‹ΰδs’†’¬‚P’–Ϊ,2,0,0,0,0,0,0,0,0,0,0,0,0,0,0,0,0,0,0,1,0,0,1,0,0,0,0,0,0,0,0,1,1,0,0,0,0
¬‹ΰδs’†’¬‚Q’–Ϊ,12,0,0,0,0,0,0,0,0,0,1,0,0,0,0,0,0,0,1,8,0,0,8,0,0,0,0,0,0,0,0,3,1,0,0,0,2
¬‹ΰδs’†’¬‚R’–Ϊ,7,0,0,0,1,0,0,1,0,0,0,0,0,0,0,0,0,0,0,1,0,0,1,0,0,0,0,0,0,0,0,5,4,0,0,0,1
¬‹ΰδs’†’¬‚S’–Ϊ,5,0,0,0,0,0,0,0,0,0,0,0,0,0,0,0,0,0,0,5,0,0,4,0,0,0,0,0,0,0,1,0,0,0,0,0,0
¬‹ΰδsΡδ–k’¬‚P’–Ϊ,5,0,0,0,1,0,0,1,0,0,0,0,0,0,0,0,0,0,0,2,0,0,1,0,0,0,0,0,0,0,1,2,1,0,0,0,1
¬‹ΰδsΡδ–k’¬‚Q’–Ϊ,7,0,0,0,0,0,0,0,0,0,0,0,0,0,0,0,0,0,0,3,0,0,2,0,0,0,0,0,0,1,0,4,0,0,0,0,4
¬‹ΰδsΡδ–k’¬‚R’–Ϊ,10,0,0,0,0,0,0,0,0,0,0,0,0,0,0,0,0,0,0,6,0,0,5,0,0,0,0,0,0,0,1,4,1,0,0,0,3
¬‹ΰδsΡδ–k’¬‚S’–Ϊ,6,0,0,0,0,0,0,0,0,0,0,0,0,0,0,0,0,0,0,5,0,0,5,0,0,0,0,0,0,0,0,1,1,0,0,0,0
¬‹ΰδsΡδ–k’¬‚T’–Ϊ,7,0,0,0,0,0,0,0,0,0,0,0,0,0,0,0,0,0,0,4,0,0,3,0,0,0,0,0,0,0,1,3,2,0,0,0,1
¬‹ΰδsΡδ“μ’¬‚P’–Ϊ,7,0,0,0,2,0,0,1,1,0,1,0,0,0,0,1,0,0,0,2,0,0,2,0,0,0,0,0,0,0,0,2,2,0,0,0,0
¬‹ΰδsΡδ“μ’¬‚Q’–Ϊ,4,0,0,0,1,0,0,1,0,0,0,0,0,0,0,0,0,0,0,1,0,0,1,0,0,0,0,0,0,0,0,2,1,1,0,0,0
¬‹ΰδsΡδ“μ’¬‚R’–Ϊ,1,0,0,0,1,0,1,0,0,0,0,0,0,0,0,0,0,0,0,0,0,0,0,0,0,0,0,0,0,0,0,0,0,0,0,0,0
¬‹ΰδsΡδ“μ’¬‚S’–Ϊ,4,0,0,0,1,0,0,0,1,0,0,0,0,0,0,0,0,0,0,1,0,0,0,1,0,0,0,0,0,0,0,2,2,0,0,0,0
¬‹ΰδsΡδ“μ’¬‚T’–Ϊ,4,0,0,0,1,0,1,0,0,0,0,0,0,0,0,0,0,0,0,1,0,1,0,0,0,0,0,0,0,0,0,2,1,0,0,0,1
¬‹ΰδs“’¬‚Q’–Ϊ,1,0,0,0,1,0,0,1,0,0,0,0,0,0,0,0,0,0,0,0,0,0,0,0,0,0,0,0,0,0,0,0,0,0,0,0,0
¬‹ΰδs“’¬‚R’–Ϊ,6,0,0,0,0,0,0,0,0,0,0,0,0,0,0,0,0,0,0,0,0,0,0,0,0,0,0,0,0,0,0,6,6,0,0,0,0
¬‹ΰδs“’¬‚S’–Ϊ,30,0,0,0,6,0,4,2,0,0,1,0,0,0,0,0,0,1,0,14,0,0,12,0,0,0,0,0,0,0,2,9,4,1,0,0,4
¬‹ΰδs“’¬‚T’–Ϊ,2,0,0,0,0,0,0,0,0,0,0,0,0,0,0,0,0,0,0,1,0,0,1,0,0,0,0,0,0,0,0,1,0,1,0,0,0
¬‹ΰδs–{’¬‚P’–Ϊ,18,0,0,0,1,0,0,0,1,0,0,0,0,0,0,0,0,0,0,14,0,0,8,1,0,0,0,0,0,4,1,3,1,0,0,0,2
¬‹ΰδs–{’¬‚Q’–Ϊ,20,0,0,0,1,0,0,1,0,0,0,0,0,0,0,0,0,0,0,13,0,0,5,0,0,0,0,0,0,7,1,6,5,1,0,0,0
¬‹ΰδs–{’¬‚R’–Ϊ,5,1,0,1,0,0,0,0,0,0,0,0,0,0,0,0,0,0,0,2,0,0,1,0,0,0,0,0,0,0,1,2,0,0,0,0,2
¬‹ΰδs–{’¬‚S’–Ϊ,6,0,0,0,1,0,0,1,0,0,0,0,0,0,0,0,0,0,0,3,0,0,3,0,0,0,0,0,0,0,0,2,2,0,0,0,0
¬‹ΰδs–{’¬‚T’–Ϊ,46,0,0,0,3,0,1,1,1,0,1,0,0,0,0,0,0,1,0,35,0,0,23,0,0,0,0,0,0,7,5,7,2,0,1,0,4
¬‹ΰδs–{’¬‚U’–Ϊ,60,0,0,0,5,0,3,2,0,0,1,1,0,0,0,0,0,0,0,45,0,0,19,0,0,0,0,0,0,22,4,9,2,3,0,0,4
¬‹ΰδs‘O΄’¬‚P’–Ϊ,2,0,0,0,0,0,0,0,0,0,0,0,0,0,0,0,0,0,0,2,0,0,0,0,0,0,0,0,0,2,0,0,0,0,0,0,0
¬‹ΰδs‘O΄’¬‚Q’–Ϊ,1,0,0,0,0,0,0,0,0,0,1,0,0,0,0,0,0,0,1,0,0,0,0,0,0,0,0,0,0,0,0,0,0,0,0,0,0
¬‹ΰδs‘O΄’¬‚R’–Ϊ,6,0,0,0,1,0,0,0,0,1,0,0,0,0,0,0,0,0,0,1,0,0,1,0,0,0,0,0,0,0,0,4,3,0,0,0,1
¬‹ΰδs‘O΄’¬‚S’–Ϊ,9,0,0,0,0,0,0,0,0,0,0,0,0,0,0,0,0,0,0,4,0,0,2,1,0,0,0,0,0,0,1,5,4,0,0,0,1
¬‹ΰδs‘O΄’¬‚T’–Ϊ,8,0,0,0,1,0,1,0,0,0,0,0,0,0,0,0,0,0,0,6,0,0,0,0,0,0,0,0,0,5,1,1,1,0,0,0,0
¬‹ΰδs—Ξ’¬‚P’–Ϊ,2,0,0,0,0,0,0,0,0,0,1,0,0,0,0,0,1,0,0,0,0,0,0,0,0,0,0,0,0,0,0,1,0,0,0,0,1
¬‹ΰδs—Ξ’¬‚Q’–Ϊ,4,0,0,0,0,0,0,0,0,0,1,0,0,0,0,0,0,0,1,1,0,0,1,0,0,0,0,0,0,0,0,2,2,0,0,0,0
¬‹ΰδs—Ξ’¬‚R’–Ϊ,4,0,0,0,0,0,0,0,0,0,0,0,0,0,0,0,0,0,0,0,0,0,0,0,0,0,0,0,0,0,0,4,1,0,0,0,3
¬‹ΰδs—Ξ’¬‚S’–Ϊ,5,0,0,0,1,0,0,1,0,0,0,0,0,0,0,0,0,0,0,2,0,0,2,0,0,0,0,0,0,0,0,2,1,0,0,0,1
¬‹ΰδs—Ξ’¬‚T’–Ϊ,5,0,0,0,0,0,0,0,0,0,2,0,0,0,0,0,0,0,2,2,0,0,2,0,0,0,0,0,0,0,0,1,0,0,0,0,1
¬‹ΰδsv,369,3,1,2,34,0,14,14,5,1,13,1,0,0,0,1,2,2,7,210,0,1,130,4,0,0,1,0,0,51,23,109,54,9,1,0,45
¬•½s‘εΐ’¬‚P’–Ϊ,2,0,0,0,1,0,0,1,0,0,0,0,0,0,0,0,0,0,0,1,0,1,0,0,0,0,0,0,0,0,0,0,0,0,0,0,0
¬•½s‘εΐ’¬‚Q’–Ϊ,2,0,0,0,0,0,0,0,0,0,0,0,0,0,0,0,0,0,0,1,0,0,1,0,0,0,0,0,0,0,0,1,0,0,0,0,1
¬•½s‘εΐ’¬‚R’–Ϊ,1,0,0,0,0,0,0,0,0,0,0,0,0,0,0,0,0,0,0,1,0,0,0,0,0,0,0,0,0,0,1,0,0,0,0,0,0
¬•½s‘εΐ’¬‚S’–Ϊ,6,1,0,1,0,0,0,0,0,0,0,0,0,0,0,0,0,0,0,2,0,0,0,1,0,1,0,0,0,0,0,3,3,0,0,0,0
¬•½s‘εΐ’¬‚T’–Ϊ,2,0,0,0,0,0,0,0,0,0,0,0,0,0,0,0,0,0,0,1,0,0,1,0,0,0,0,0,0,0,0,1,0,0,0,0,1
¬•½s‘εΐ’¬‚U’–Ϊ,2,0,0,0,0,0,0,0,0,0,0,0,0,0,0,0,0,0,0,2,0,0,1,0,0,0,0,0,0,0,1,0,0,0,0,0,0
¬•½s‘εΐ’¬‚V’–Ϊ,5,1,0,1,1,0,1,0,0,0,0,0,0,0,0,0,0,0,0,2,0,0,1,0,0,0,0,0,0,0,1,1,1,0,0,0,0
¬•½s¬μΌ’¬‚P’–Ϊ,5,0,0,0,0,0,0,0,0,0,0,0,0,0,0,0,0,0,0,4,0,0,3,0,0,0,0,0,0,1,0,1,1,0,0,0,0
¬•½s¬μΌ’¬‚Q’–Ϊ,1,0,0,0,0,0,0,0,0,0,0,0,0,0,0,0,0,0,0,1,0,0,0,0,0,0,0,0,0,1,0,0,0,0,0,0,0
¬•½s¬μΌ’¬‚R’–Ϊ,1,0,0,0,0,0,0,0,0,0,0,0,0,0,0,0,0,0,0,1,0,0,1,0,0,0,0,0,0,0,0,0,0,0,0,0,0
¬•½s¬μΌ’¬‚S’–Ϊ,17,0,0,0,2,0,1,1,0,0,0,0,0,0,0,0,0,0,0,12,0,0,12,0,0,0,0,0,0,0,0,3,1,0,0,0,2
¬•½s¬μΌ’¬‚T’–Ϊ,5,0,0,0,0,0,0,0,0,0,0,0,0,0,0,0,0,0,0,5,0,0,5,0,0,0,0,0,0,0,0,0,0,0,0,0,0
¬•½s¬μ“’¬,2,0,0,0,1,0,1,0,0,0,0,0,0,0,0,0,0,0,0,1,0,0,0,1,0,0,0,0,0,0,0,0,0,0,0,0,0
¬•½s¬μ“’¬‚P’–Ϊ,17,1,0,1,0,0,0,0,0,0,0,0,0,0,0,0,0,0,0,12,0,1,7,0,0,0,0,0,0,4,0,4,1,0,0,0,3
¬•½s¬μ“’¬‚Q’–Ϊ,17,0,0,0,1,0,1,0,0,0,0,0,0,0,0,0,0,0,0,15,0,0,3,0,0,0,0,0,0,10,2,1,1,0,0,0,0
¬•½s¬μ“’¬‚R’–Ϊ,3,0,0,0,0,0,0,0,0,0,0,0,0,0,0,0,0,0,0,3,0,0,2,0,0,0,0,0,0,0,1,0,0,0,0,0,0
¬•½s¬μ“’¬‚S’–Ϊ,6,0,0,0,2,0,0,2,0,0,0,0,0,0,0,0,0,0,0,2,0,0,2,0,0,0,0,0,0,0,0,2,0,0,0,0,2
¬•½s¬μ“’¬‚T’–Ϊ,8,0,0,0,1,0,1,0,0,0,0,0,0,0,0,0,0,0,0,4,0,0,2,0,0,0,0,0,0,2,0,3,1,0,0,0,2
¬•½s¬μ’¬‚P’–Ϊ,37,1,1,0,1,0,0,1,0,0,1,0,0,0,0,1,0,0,0,22,0,0,10,1,0,0,0,0,0,6,5,12,7,0,0,0,5
¬•½s¬μ’¬‚Q’–Ϊ,27,0,0,0,0,0,0,0,0,0,1,0,0,0,0,0,0,0,1,22,0,1,17,0,0,0,0,0,0,1,3,4,0,0,0,0,4
¬•½sw‰€Ό’¬‚P’–Ϊ,13,0,0,0,0,0,0,0,0,0,3,0,2,0,0,0,0,0,1,6,0,0,5,0,0,0,0,0,1,0,0,4,2,0,0,0,2
¬•½sw‰€Ό’¬‚Q’–Ϊ,5,0,0,0,1,0,1,0,0,0,0,0,0,0,0,0,0,0,0,4,0,0,3,0,0,0,0,0,0,0,1,0,0,0,0,0,0
¬•½sw‰€Ό’¬‚R’–Ϊ,5,0,0,0,0,0,0,0,0,0,0,0,0,0,0,0,0,0,0,0,0,0,0,0,0,0,0,0,0,0,0,5,2,1,0,0,2
¬•½sw‰€“’¬,3,0,0,0,1,0,1,0,0,0,0,0,0,0,0,0,0,0,0,1,0,0,0,1,0,0,0,0,0,0,0,1,0,0,0,0,1
¬•½sw‰€“’¬‚P’–Ϊ,10,0,0,0,1,0,1,0,0,0,0,0,0,0,0,0,0,0,0,7,0,0,4,1,0,0,0,0,0,1,1,2,1,0,0,0,1
¬•½sw‰€“’¬‚Q’–Ϊ,2,0,0,0,0,0,0,0,0,0,0,0,0,0,0,0,0,0,0,1,0,0,1,0,0,0,0,0,0,0,0,1,1,0,0,0,0
¬•½sw‰€“’¬‚R’–Ϊ,5,0,0,0,0,0,0,0,0,0,0,0,0,0,0,0,0,0,0,1,0,0,0,1,0,0,0,0,0,0,0,4,3,0,0,0,1
¬•½sμ•½’¬‚P’–Ϊ,6,0,0,0,0,0,0,0,0,0,3,0,0,0,0,2,0,1,0,3,0,0,1,0,0,0,0,0,0,2,0,0,0,0,0,0,0
¬•½sμ•½’¬‚R’–Ϊ,8,0,0,0,1,0,0,1,0,0,0,0,0,0,0,0,0,0,0,3,0,1,2,0,0,0,0,0,0,0,0,4,1,1,0,0,2
¬•½s‰h’¬‚P’–Ϊ,2,0,0,0,0,0,0,0,0,0,0,0,0,0,0,0,0,0,0,1,0,0,1,0,0,0,0,0,0,0,0,1,1,0,0,0,0
¬•½sγ…V’¬‚P’–Ϊ,5,0,0,0,2,0,1,1,0,0,0,0,0,0,0,0,0,0,0,1,0,0,0,0,0,0,0,0,0,0,1,2,1,0,0,0,1
¬•½sγ…V’¬‚Q’–Ϊ,4,0,0,0,0,0,0,0,0,0,0,0,0,0,0,0,0,0,0,0,0,0,0,0,0,0,0,0,0,0,0,4,2,2,0,0,0
¬•½sγ…V’¬‚R’–Ϊ,3,0,0,0,0,0,0,0,0,0,1,0,0,0,0,1,0,0,0,0,0,0,0,0,0,0,0,0,0,0,0,2,0,0,0,0,2
¬•½sγ…–{’¬‚P’–Ϊ,1,0,0,0,0,0,0,0,0,0,0,0,0,0,0,0,0,0,0,0,0,0,0,0,0,0,0,0,0,0,0,1,1,0,0,0,0
¬•½sγ…–{’¬‚Q’–Ϊ,7,0,0,0,0,0,0,0,0,0,1,0,0,0,0,1,0,0,0,3,0,1,0,0,0,0,0,0,0,2,0,3,0,0,0,0,3
¬•½sγ…–{’¬‚R’–Ϊ,2,0,0,0,0,0,0,0,0,0,0,0,0,0,0,0,0,0,0,0,0,0,0,0,0,0,0,0,0,0,0,2,0,0,0,0,2
¬•½sγ…–{’¬‚S’–Ϊ,5,0,0,0,1,0,1,0,0,0,0,0,0,0,0,0,0,0,0,3,0,0,0,0,0,0,0,0,0,3,0,1,1,0,0,0,0
¬•½sγ…–{’¬‚T’–Ϊ,6,0,0,0,0,0,0,0,0,0,0,0,0,0,0,0,0,0,0,4,0,0,4,0,0,0,0,0,0,0,0,2,2,0,0,0,0
¬•½sγ…–{’¬‚U’–Ϊ,17,0,0,0,0,0,0,0,0,0,0,0,0,0,0,0,0,0,0,15,0,0,14,0,0,0,0,0,0,0,1,2,1,1,0,0,0
¬•½sγ…“μ’¬‚P’–Ϊ,4,0,0,0,1,0,0,1,0,0,0,0,0,0,0,0,0,0,0,1,0,0,1,0,0,0,0,0,0,0,0,2,0,0,0,0,2
¬•½sγ…“μ’¬‚Q’–Ϊ,10,0,0,0,0,0,0,0,0,0,0,0,0,0,0,0,0,0,0,6,0,1,1,1,0,0,0,0,0,0,3,4,1,0,0,0,3
¬•½sγ…“μ’¬‚R’–Ϊ,1,0,0,0,0,0,0,0,0,0,0,0,0,0,0,0,0,0,0,1,0,0,1,0,0,0,0,0,0,0,0,0,0,0,0,0,0
¬•½sγ…“μ’¬‚S’–Ϊ,2,0,0,0,0,0,0,0,0,0,0,0,0,0,0,0,0,0,0,1,0,0,1,0,0,0,0,0,0,0,0,1,0,0,0,0,1
¬•½s—ι–Ψ’¬‚P’–Ϊ,12,0,0,0,0,0,0,0,0,0,1,0,0,0,0,1,0,0,0,6,0,0,4,0,0,0,0,0,0,0,2,5,4,0,0,0,1
¬•½s—ι–Ψ’¬‚Q’–Ϊ,12,0,0,0,2,0,0,0,2,0,0,0,0,0,0,0,0,0,0,9,0,0,8,0,0,0,0,0,0,1,0,1,1,0,0,0,0
¬•½s‚½‚©‚Μ‘δ,6,0,0,0,1,0,0,1,0,0,0,0,0,0,0,0,0,0,0,2,0,0,1,0,0,0,0,0,0,0,1,3,2,0,0,0,1
¬•½s’Γ“c’¬‚P’–Ϊ,7,0,0,0,0,0,0,0,0,0,0,0,0,0,0,0,0,0,0,6,0,0,6,0,0,0,0,0,0,0,0,1,1,0,0,0,0
¬•½s’Γ“c’¬‚Q’–Ϊ,3,0,0,0,1,0,0,1,0,0,0,0,0,0,0,0,0,0,0,2,0,0,2,0,0,0,0,0,0,0,0,0,0,0,0,0,0
¬•½s’Γ“c’¬‚R’–Ϊ,3,0,0,0,0,0,0,0,0,0,0,0,0,0,0,0,0,0,0,2,0,1,1,0,0,0,0,0,0,0,0,1,0,0,0,0,1
¬•½s“V_’¬‚P’–Ϊ,3,0,0,0,1,0,1,0,0,0,0,0,0,0,0,0,0,0,0,0,0,0,0,0,0,0,0,0,0,0,0,2,1,0,0,0,1
¬•½s“V_’¬‚Q’–Ϊ,6,0,0,0,0,0,0,0,0,0,0,0,0,0,0,0,0,0,0,6,0,0,5,0,0,0,0,0,0,1,0,0,0,0,0,0,0
¬•½s“V_’¬‚R’–Ϊ,4,0,0,0,0,0,0,0,0,0,0,0,0,0,0,0,0,0,0,3,0,0,3,0,0,0,0,0,0,0,0,1,0,1,0,0,0
¬•½s“V_’¬‚S’–Ϊ,5,0,0,0,0,0,0,0,0,0,0,0,0,0,0,0,0,0,0,1,0,0,1,0,0,0,0,0,0,0,0,4,2,1,0,0,1
¬•½s’†“‡’¬,2,0,0,0,0,0,0,0,0,0,0,0,0,0,0,0,0,0,0,0,0,0,0,0,0,0,0,0,0,0,0,2,1,0,0,0,1
¬•½s’‡’¬,26,0,0,0,1,0,0,0,1,0,0,0,0,0,0,0,0,0,0,15,0,0,11,1,0,0,0,0,0,0,3,10,1,2,1,0,6
¬•½s‰Τ¬‹ΰδ‚P’–Ϊ,22,0,0,0,0,0,0,0,0,0,0,0,0,0,0,0,0,0,0,20,0,0,14,0,0,1,0,0,1,3,1,2,1,0,0,0,1
¬•½s‰Τ¬‹ΰδ‚Q’–Ϊ,7,0,0,0,0,0,0,0,0,0,0,0,0,0,0,0,0,0,0,4,0,0,4,0,0,0,0,0,0,0,0,3,1,0,0,0,2
¬•½s‰Τ¬‹ΰδ‚R’–Ϊ,15,0,0,0,0,0,0,0,0,0,0,0,0,0,0,0,0,0,0,11,0,0,9,0,0,0,0,0,0,2,0,4,3,0,0,0,1
¬•½s‰Τ¬‹ΰδ‚S’–Ϊ,3,0,0,0,0,0,0,0,0,0,1,0,0,0,0,0,0,0,1,1,0,0,1,0,0,0,0,0,0,0,0,1,0,0,0,0,1
¬•½s‰Τ¬‹ΰδ‚T’–Ϊ,16,0,0,0,0,0,0,0,0,0,0,0,0,0,0,0,0,0,0,14,0,0,7,0,0,0,0,0,0,4,3,2,2,0,0,0,0
¬•½s‰Τ¬‹ΰδ‚U’–Ϊ,13,0,0,0,0,0,0,0,0,0,0,0,0,0,0,0,0,0,0,9,0,0,7,0,0,0,0,0,0,0,2,4,3,0,0,0,1
¬•½s‰Τ¬‹ΰδ‚V’–Ϊ,4,0,0,0,1,0,0,0,0,1,0,0,0,0,0,0,0,0,0,2,0,1,1,0,0,0,0,0,0,0,0,1,0,0,0,0,1
¬•½s‰Τ¬‹ΰδ“μ’¬‚P’–Ϊ,10,0,0,0,2,0,0,1,1,0,1,0,0,0,0,1,0,0,0,3,0,0,1,0,0,0,0,0,0,0,2,4,1,0,0,0,3
¬•½s‰Τ¬‹ΰδ“μ’¬‚Q’–Ϊ,3,0,0,0,0,0,0,0,0,0,0,0,0,0,0,0,0,0,0,3,0,0,1,0,0,0,0,0,0,0,2,0,0,0,0,0,0
¬•½s‰Τ¬‹ΰδ“μ’¬‚R’–Ϊ,7,0,0,0,0,0,0,0,0,0,0,0,0,0,0,0,0,0,0,7,0,0,3,1,0,0,0,0,0,2,1,0,0,0,0,0,0
¬•½s”ό‰€’¬‚P’–Ϊ,26,0,0,0,1,0,1,0,0,0,0,0,0,0,0,0,0,0,0,21,0,0,14,0,0,0,0,0,0,5,2,4,0,0,0,0,4
¬•½s”ό‰€’¬‚Q’–Ϊ,16,0,0,0,0,0,0,0,0,0,0,0,0,0,0,0,0,0,0,14,0,0,13,0,0,0,0,0,0,0,1,2,1,0,0,0,1
¬•½s”ό‰€’¬‚R’–Ϊ,9,0,0,0,1,0,0,0,1,0,0,0,0,0,0,0,0,0,0,6,0,0,1,0,0,0,0,0,0,3,2,2,0,0,0,0,2
¬•½sδK’¬,3,0,0,0,1,0,1,0,0,0,0,0,0,0,0,0,0,0,0,1,0,0,1,0,0,0,0,0,0,0,0,1,1,0,0,0,0
¬•½s‰ρ“c’¬,10,0,0,0,0,0,0,0,0,0,0,0,0,0,0,0,0,0,0,9,0,0,2,0,0,0,0,0,0,5,2,1,0,0,1,0,0
¬•½sv,545,4,1,3,30,0,13,11,5,1,13,0,2,0,0,7,0,1,3,353,0,8,228,9,0,2,0,0,2,59,45,145,62,9,2,0,72
“ϊ–μs®‚ª‹u‚P’–Ϊ,4,0,0,0,0,0,0,0,0,0,0,0,0,0,0,0,0,0,0,3,0,0,3,0,0,0,0,0,0,0,0,1,0,0,0,0,1
“ϊ–μs®‚ª‹u‚Q’–Ϊ,8,0,0,0,1,0,0,1,0,0,0,0,0,0,0,0,0,0,0,4,0,0,2,0,0,0,0,0,0,0,2,3,3,0,0,0,0
“ϊ–μs®‚ª‹u‚S’–Ϊ,3,0,0,0,1,0,0,0,1,0,0,0,0,0,0,0,0,0,0,0,0,0,0,0,0,0,0,0,0,0,0,2,2,0,0,0,0
“ϊ–μs®‚ª‹u‚T’–Ϊ,1,0,0,0,0,0,0,0,0,0,0,0,0,0,0,0,0,0,0,1,0,0,1,0,0,0,0,0,0,0,0,0,0,0,0,0,0
“ϊ–μs®‚ª‹u‚U’–Ϊ,5,0,0,0,0,0,0,0,0,0,0,0,0,0,0,0,0,0,0,3,0,0,0,0,0,0,0,0,0,3,0,2,2,0,0,0,0
“ϊ–μs‘εVδ,5,0,0,0,1,0,1,0,0,0,2,0,0,0,0,2,0,0,0,0,0,0,0,0,0,0,0,0,0,0,0,2,1,0,0,0,1
“ϊ–μs—μ,9,0,0,0,1,0,1,0,0,0,1,0,0,0,0,0,0,0,1,5,0,0,4,0,0,0,0,0,0,1,0,2,1,0,0,0,1
“ϊ–μs‘εγ“c,2,0,0,0,0,0,0,0,0,0,0,0,0,0,0,0,0,0,0,2,0,0,0,0,0,0,0,0,0,0,2,0,0,0,0,0,0
“ϊ–μs‘εμ•Σ–x”V“ΰ,3,0,0,0,0,0,0,0,0,0,0,0,0,0,0,0,0,0,0,1,0,0,0,0,0,0,0,0,0,0,1,2,1,0,0,0,1
“ϊ–μs‰h’¬‚P’–Ϊ,11,0,0,0,1,0,1,0,0,0,0,0,0,0,0,0,0,0,0,7,0,1,0,1,0,0,1,0,0,2,2,3,0,0,0,0,3
“ϊ–μs‰h’¬‚Q’–Ϊ,2,0,0,0,0,0,0,0,0,0,0,0,0,0,0,0,0,0,0,0,0,0,0,0,0,0,0,0,0,0,0,2,2,0,0,0,0
“ϊ–μs‰h’¬‚R’–Ϊ,4,0,0,0,0,0,0,0,0,0,0,0,0,0,0,0,0,0,0,1,0,0,0,1,0,0,0,0,0,0,0,3,0,0,0,0,3
“ϊ–μs‰h’¬‚S’–Ϊ,3,0,0,0,0,0,0,0,0,0,0,0,0,0,0,0,0,0,0,2,0,0,0,0,0,0,0,0,0,2,0,1,1,0,0,0,0
“ϊ–μs‰h’¬‚T’–Ϊ,4,0,0,0,0,0,0,0,0,0,0,0,0,0,0,0,0,0,0,4,0,0,0,0,0,0,0,0,0,0,4,0,0,0,0,0,0
“ϊ–μs‚³‚­‚η’¬,1,0,0,0,0,0,0,0,0,0,0,0,0,0,0,0,0,0,0,0,0,0,0,0,0,0,0,0,0,0,0,1,0,0,0,0,1
“ϊ–μsV’¬‚P’–Ϊ,2,0,0,0,0,0,0,0,0,0,0,0,0,0,0,0,0,0,0,0,0,0,0,0,0,0,0,0,0,0,0,2,2,0,0,0,0
“ϊ–μsV’¬‚R’–Ϊ,3,0,0,0,0,0,0,0,0,0,0,0,0,0,0,0,0,0,0,1,0,0,0,0,0,0,0,0,0,0,1,2,1,0,0,0,1
“ϊ–μsV’¬‚T’–Ϊ,2,0,0,0,0,0,0,0,0,0,1,0,0,1,0,0,0,0,0,0,0,0,0,0,0,0,0,0,0,0,0,1,1,0,0,0,0
“ϊ–μs‚”¦,36,0,0,0,3,0,2,1,0,0,1,0,0,0,1,0,0,0,0,27,0,0,12,1,0,0,0,0,0,12,2,5,1,1,0,0,3
“ϊ–μs‘½–€•½‚P’–Ϊ,13,0,0,0,2,0,0,2,0,0,0,0,0,0,0,0,0,0,0,6,0,0,4,0,0,0,0,0,0,0,2,5,3,0,0,0,2
“ϊ–μs‘½–€•½‚Q’–Ϊ,26,0,0,0,1,0,0,1,0,0,0,0,0,0,0,0,0,0,0,20,0,0,7,0,0,0,0,0,1,9,3,5,2,1,0,0,2
“ϊ–μs‘½–€•½‚R’–Ϊ,4,0,0,0,0,0,0,0,0,0,0,0,0,0,0,0,0,0,0,3,0,0,2,0,0,0,0,0,0,1,0,1,0,0,0,0,1
“ϊ–μs‘½–€•½‚S’–Ϊ,6,0,0,0,1,0,0,0,1,0,0,0,0,0,0,0,0,0,0,4,0,1,1,0,0,0,0,0,0,0,2,1,0,0,0,0,1
“ϊ–μs‘½–€•½‚T’–Ϊ,8,0,0,0,0,0,0,0,0,0,1,0,0,0,0,0,0,0,1,2,0,0,1,0,0,0,0,0,0,1,0,5,5,0,0,0,0
“ϊ–μs‘½–€•½‚U’–Ϊ,9,0,0,0,1,0,0,1,0,0,0,0,0,0,0,0,0,0,0,7,0,0,0,0,0,2,0,0,1,2,2,1,1,0,0,0,0
“ϊ–μs‘½–€•½‚V’–Ϊ,6,0,0,0,1,0,0,0,1,0,0,0,0,0,0,0,0,0,0,2,0,0,1,0,0,0,0,0,0,0,1,3,2,0,0,0,1
“ϊ–μs–L“c‚P’–Ϊ,5,0,0,0,1,0,0,1,0,0,0,0,0,0,0,0,0,0,0,4,0,0,0,0,0,0,0,0,0,4,0,0,0,0,0,0,0
“ϊ–μs–L“c‚Q’–Ϊ,2,0,0,0,0,0,0,0,0,0,0,0,0,0,0,0,0,0,0,0,0,0,0,0,0,0,0,0,0,0,0,2,2,0,0,0,0
“ϊ–μs–L“c‚R’–Ϊ,12,0,0,0,0,0,0,0,0,0,0,0,0,0,0,0,0,0,0,8,0,0,6,0,0,0,0,0,0,0,2,4,3,0,0,0,1
“ϊ–μs–L“c‚S’–Ϊ,9,0,0,0,2,0,2,0,0,0,0,0,0,0,0,0,0,0,0,7,0,0,6,0,0,0,0,0,0,0,1,0,0,0,0,0,0
“ϊ–μsΌ•½R‚Q’–Ϊ,5,0,0,0,1,0,1,0,0,0,0,0,0,0,0,0,0,0,0,0,0,0,0,0,0,0,0,0,0,0,0,4,2,0,0,0,2
“ϊ–μsΌ•½R‚R’–Ϊ,1,0,0,0,0,0,0,0,0,0,1,0,0,0,0,0,0,0,1,0,0,0,0,0,0,0,0,0,0,0,0,0,0,0,0,0,0
“ϊ–μsΌ•½R‚S’–Ϊ,1,0,0,0,0,0,0,0,0,0,0,0,0,0,0,0,0,0,0,1,0,0,1,0,0,0,0,0,0,0,0,0,0,0,0,0,0
“ϊ–μsΌ•½R‚T’–Ϊ,7,0,0,0,0,0,0,0,0,0,0,0,0,0,0,0,0,0,0,5,0,0,1,2,0,0,0,0,0,0,2,2,1,0,0,0,1
“ϊ–μs“–L“c‚P’–Ϊ,1,0,0,0,0,0,0,0,0,0,0,0,0,0,0,0,0,0,0,0,0,0,0,0,0,0,0,0,0,0,0,1,0,0,0,0,1
“ϊ–μs“–L“c‚R’–Ϊ,1,0,0,0,0,0,0,0,0,0,0,0,0,0,0,0,0,0,0,0,0,0,0,0,0,0,0,0,0,0,0,1,0,0,0,0,1
“ϊ–μs“–L“c‚S’–Ϊ,1,0,0,0,0,0,0,0,0,0,0,0,0,0,0,0,0,0,0,0,0,0,0,0,0,0,0,0,0,0,0,1,0,0,0,0,1
“ϊ–μs“•½R‚P’–Ϊ,2,0,0,0,0,0,0,0,0,0,0,0,0,0,0,0,0,0,0,1,0,1,0,0,0,0,0,0,0,0,0,1,1,0,0,0,0
“ϊ–μs“•½R‚Q’–Ϊ,2,0,0,0,0,0,0,0,0,0,0,0,0,0,0,0,0,0,0,1,0,0,0,0,0,0,0,0,0,1,0,1,1,0,0,0,0
“ϊ–μs“•½R‚R’–Ϊ,3,0,0,0,0,0,0,0,0,0,0,0,0,0,0,0,0,0,0,3,0,0,3,0,0,0,0,0,0,0,0,0,0,0,0,0,0
“ϊ–μs‘ε“ϊ–μ,29,0,0,0,3,0,1,0,1,1,1,0,0,0,0,0,0,0,1,11,0,0,4,0,0,0,0,0,0,2,5,14,10,0,0,0,4
“ϊ–μs“ϊ–μ‘δ‚P’–Ϊ,2,0,0,0,1,0,0,0,1,0,0,0,0,0,0,0,0,0,0,0,0,0,0,0,0,0,0,0,0,0,0,1,1,0,0,0,0
“ϊ–μs“ϊ–μ‘δ‚Q’–Ϊ,1,0,0,0,0,0,0,0,0,0,0,0,0,0,0,0,0,0,0,1,0,0,0,0,0,0,0,0,0,0,1,0,0,0,0,0,0
“ϊ–μs“ϊ–μ‘δ‚S’–Ϊ,2,0,0,0,0,0,0,0,0,0,0,0,0,0,0,0,0,0,0,1,0,0,0,0,0,0,0,0,0,0,1,1,0,0,0,0,1
“ϊ–μs“ϊ–μ‘δ‚T’–Ϊ,2,0,0,0,0,0,0,0,0,0,0,0,0,0,0,0,0,0,0,0,0,0,0,0,0,0,0,0,0,0,0,2,1,1,0,0,0
“ϊ–μs•½R‚Q’–Ϊ,1,0,0,0,1,0,1,0,0,0,0,0,0,0,0,0,0,0,0,0,0,0,0,0,0,0,0,0,0,0,0,0,0,0,0,0,0
“ϊ–μs•½R‚R’–Ϊ,5,0,0,0,1,0,1,0,0,0,0,0,0,0,0,0,0,0,0,1,0,0,1,0,0,0,0,0,0,0,0,3,1,0,0,0,2
“ϊ–μs•½R‚S’–Ϊ,3,0,0,0,1,0,0,1,0,0,0,0,0,0,0,0,0,0,0,2,0,0,1,0,0,0,0,0,0,0,1,0,0,0,0,0,0
“ϊ–μs•½R‚T’–Ϊ,5,0,0,0,2,0,1,0,1,0,0,0,0,0,0,0,0,0,0,3,0,0,1,1,0,0,0,0,0,0,1,0,0,0,0,0,0
“ϊ–μs•½R‚U’–Ϊ,5,0,0,0,0,0,0,0,0,0,0,0,0,0,0,0,0,0,0,3,0,0,0,1,0,0,0,0,0,1,1,2,1,0,0,0,1
“ϊ–μs•xm’¬,3,0,0,0,0,0,0,0,0,0,0,0,0,0,0,0,0,0,0,1,0,0,1,0,0,0,0,0,0,0,0,2,1,0,0,0,1
“ϊ–μs’φ‹v•Ϋ,4,0,0,0,0,0,0,0,0,0,0,0,0,0,0,0,0,0,0,3,0,1,1,0,0,0,0,0,0,0,1,1,1,0,0,0,0
“ϊ–μs’φ‹v•Ϋ‚P’–Ϊ,2,0,0,0,0,0,0,0,0,0,0,0,0,0,0,0,0,0,0,1,0,0,1,0,0,0,0,0,0,0,0,1,0,0,0,0,1
“ϊ–μs’φ‹v•Ϋ‚Q’–Ϊ,4,0,0,0,1,0,1,0,0,0,1,0,0,0,0,1,0,0,0,0,0,0,0,0,0,0,0,0,0,0,0,2,1,0,0,0,1
“ϊ–μs’φ‹v•Ϋ‚R’–Ϊ,4,0,0,0,0,0,0,0,0,0,0,0,0,0,0,0,0,0,0,2,0,0,1,0,0,0,0,0,0,0,1,2,2,0,0,0,0
“ϊ–μs’φ‹v•Ϋ‚T’–Ϊ,2,0,0,0,0,0,0,0,0,0,1,0,0,0,0,0,0,0,1,1,0,0,1,0,0,0,0,0,0,0,0,0,0,0,0,0,0
“ϊ–μs’φ‹v•Ϋ‚U’–Ϊ,1,0,0,0,0,0,0,0,0,0,0,0,0,0,0,0,0,0,0,0,0,0,0,0,0,0,0,0,0,0,0,1,0,0,0,0,1
“ϊ–μs’φ‹v•Ϋ‚V’–Ϊ,1,0,0,0,0,0,0,0,0,0,0,0,0,0,0,0,0,0,0,1,0,0,1,0,0,0,0,0,0,0,0,0,0,0,0,0,0
“ϊ–μs’φ‹v•Ϋ‚W’–Ϊ,2,0,0,0,0,0,0,0,0,0,0,0,0,0,0,0,0,0,0,2,0,0,1,0,0,0,0,0,0,0,1,0,0,0,0,0,0
“ϊ–μsO‘ς,6,0,0,0,1,0,1,0,0,0,1,0,0,0,0,0,0,0,1,2,0,1,1,0,0,0,0,0,0,0,0,2,1,0,0,0,1
“ϊ–μsO‘ς‚P’–Ϊ,4,0,0,0,1,0,0,1,0,0,0,0,0,0,0,0,0,0,0,2,0,0,2,0,0,0,0,0,0,0,0,1,0,0,0,0,1
“ϊ–μsO‘ς‚Q’–Ϊ,5,0,0,0,0,0,0,0,0,0,2,0,0,0,0,1,0,0,1,1,0,0,1,0,0,0,0,0,0,0,0,2,1,0,0,0,1
“ϊ–μsO‘ς‚R’–Ϊ,3,0,0,0,1,0,0,1,0,0,0,0,0,0,0,0,0,0,0,1,0,0,0,0,0,0,0,0,0,0,1,1,1,0,0,0,0
“ϊ–μsO‘ς‚T’–Ϊ,6,0,0,0,3,0,0,2,1,0,2,0,0,0,0,2,0,0,0,1,0,0,0,0,0,0,0,0,1,0,0,0,0,0,0,0,0
“ϊ–μs“μ•½‚P’–Ϊ,7,0,0,0,0,0,0,0,0,0,0,0,0,0,0,0,0,0,0,3,0,0,0,0,0,0,0,0,0,0,3,4,4,0,0,0,0
“ϊ–μs“μ•½‚Q’–Ϊ,4,0,0,0,0,0,0,0,0,0,0,0,0,0,0,0,0,0,0,1,0,0,0,0,0,0,0,0,0,0,1,3,3,0,0,0,0
“ϊ–μs“μ•½‚R’–Ϊ,3,1,0,1,1,0,0,1,0,0,0,0,0,0,0,0,0,0,0,0,0,0,0,0,0,0,0,0,0,0,0,1,1,0,0,0,0
“ϊ–μs“μ•½‚S’–Ϊ,1,0,0,0,1,0,1,0,0,0,0,0,0,0,0,0,0,0,0,0,0,0,0,0,0,0,0,0,0,0,0,0,0,0,0,0,0
“ϊ–μs“μ•½‚T’–Ϊ,7,0,0,0,1,0,0,1,0,0,0,0,0,0,0,0,0,0,0,5,0,0,3,0,0,0,0,0,0,0,2,1,0,0,0,0,1
“ϊ–μs“μ•½‚U’–Ϊ,4,0,0,0,0,0,0,0,0,0,0,0,0,0,0,0,0,0,0,3,0,0,2,0,0,0,0,0,0,0,1,1,1,0,0,0,0
“ϊ–μs“μ•½‚V’–Ϊ,9,0,0,0,0,0,0,0,0,0,0,0,0,0,0,0,0,0,0,6,0,0,0,0,0,0,0,0,1,4,1,3,0,1,0,0,2
“ϊ–μs“μ•½‚W’–Ϊ,1,0,0,0,0,0,0,0,0,0,0,0,0,0,0,0,0,0,0,0,0,0,0,0,0,0,0,0,0,0,0,1,0,0,0,0,1
“ϊ–μs‘ε‹{,5,0,0,0,1,0,1,0,0,0,0,0,0,0,0,0,0,0,0,3,0,0,2,0,0,0,0,0,0,0,1,1,0,0,1,0,0
“ϊ–μs•S‘,17,1,0,1,1,0,1,0,0,0,0,0,0,0,0,0,0,0,0,5,0,1,1,1,0,0,0,0,0,0,2,10,4,0,0,0,6
“ϊ–μs‘εβγ‚P’–Ϊ,13,0,0,0,4,0,3,1,0,0,0,0,0,0,0,0,0,0,0,5,0,0,2,1,0,0,0,0,0,0,2,4,1,3,0,0,0
“ϊ–μs‘εβγ‚Q’–Ϊ,2,0,0,0,0,0,0,0,0,0,0,0,0,0,0,0,0,0,0,1,0,0,0,0,0,0,0,0,0,0,1,1,0,0,0,0,1
“ϊ–μs‘εβγ‚R’–Ϊ,4,0,0,0,1,0,1,0,0,0,0,0,0,0,0,0,0,0,0,0,0,0,0,0,0,0,0,0,0,0,0,3,1,1,0,0,1
“ϊ–μs‘εβγ‚S’–Ϊ,2,0,0,0,1,0,1,0,0,0,0,0,0,0,0,0,0,0,0,0,0,0,0,0,0,0,0,0,0,0,0,1,1,0,0,0,0
“ϊ–μs_–Ύ‚P’–Ϊ,4,0,0,0,0,0,0,0,0,0,0,0,0,0,0,0,0,0,0,3,0,1,1,1,0,0,0,0,0,0,0,1,1,0,0,0,0
“ϊ–μs_–Ύ‚Q’–Ϊ,3,0,0,0,0,0,0,0,0,0,1,0,0,0,0,0,0,0,1,2,0,0,1,0,0,0,0,0,0,0,1,0,0,0,0,0,0
“ϊ–μs_–Ύ‚R’–Ϊ,3,0,0,0,0,0,0,0,0,0,0,0,0,0,0,0,0,0,0,0,0,0,0,0,0,0,0,0,0,0,0,3,3,0,0,0,0
“ϊ–μs_–Ύ‚S’–Ϊ,4,1,0,1,0,0,0,0,0,0,0,0,0,0,0,0,0,0,0,1,0,0,1,0,0,0,0,0,0,0,0,2,1,0,0,0,1
“ϊ–μs“ϊ–μ–{’¬‚P’–Ϊ,1,0,0,0,0,0,0,0,0,0,0,0,0,0,0,0,0,0,0,0,0,0,0,0,0,0,0,0,0,0,0,1,1,0,0,0,0
“ϊ–μs“ϊ–μ–{’¬‚Q’–Ϊ,2,0,0,0,0,0,0,0,0,0,0,0,0,0,0,0,0,0,0,0,0,0,0,0,0,0,0,0,0,0,0,2,1,0,0,0,1
“ϊ–μs“ϊ–μ–{’¬‚R’–Ϊ,10,0,0,0,0,0,0,0,0,0,0,0,0,0,0,0,0,0,0,8,0,0,6,0,0,0,0,0,0,2,0,2,2,0,0,0,0
“ϊ–μs“ϊ–μ–{’¬‚S’–Ϊ,5,0,0,0,1,0,1,0,0,0,0,0,0,0,0,0,0,0,0,3,0,0,2,0,0,0,0,0,0,0,1,1,0,0,0,0,1
“ϊ–μs“ϊ–μ–{’¬‚V’–Ϊ,1,0,0,0,0,0,0,0,0,0,0,0,0,0,0,0,0,0,0,1,0,0,0,0,0,0,0,0,0,1,0,0,0,0,0,0,0
“ϊ–μsΞ“c‚P’–Ϊ,5,0,0,0,0,0,0,0,0,0,0,0,0,0,0,0,0,0,0,4,1,0,2,1,0,0,0,0,0,0,0,1,1,0,0,0,0
“ϊ–μsΞ“c‚Q’–Ϊ,4,0,0,0,0,0,0,0,0,0,0,0,0,0,0,0,0,0,0,2,0,0,1,0,0,0,0,0,0,0,1,2,2,0,0,0,0
“ϊ–μs–θ›‚P’–Ϊ,4,0,0,0,0,0,0,0,0,0,0,0,0,0,0,0,0,0,0,2,0,1,1,0,0,0,0,0,0,0,0,2,1,0,0,0,1
“ϊ–μs–θ›‚Q’–Ϊ,10,1,0,1,2,0,0,1,0,1,0,0,0,0,0,0,0,0,0,4,0,0,1,0,0,0,0,0,0,2,1,3,3,0,0,0,0
“ϊ–μs–θ›‚R’–Ϊ,6,0,0,0,1,0,0,1,0,0,0,0,0,0,0,0,0,0,0,1,0,0,1,0,0,0,0,0,0,0,0,4,2,1,0,0,1
“ϊ–μs–θ›‚S’–Ϊ,2,0,0,0,1,0,1,0,0,0,0,0,0,0,0,0,0,0,0,1,0,0,0,0,0,0,0,0,0,1,0,0,0,0,0,0,0
“ϊ–μs–θ›‚T’–Ϊ,2,0,0,0,0,0,0,0,0,0,0,0,0,0,0,0,0,0,0,1,0,0,0,0,0,0,0,0,0,0,1,1,1,0,0,0,0
“ϊ–μs–θ›‚U’–Ϊ,5,0,0,0,0,0,0,0,0,0,0,0,0,0,0,0,0,0,0,4,0,0,1,0,0,0,0,0,0,1,2,1,0,0,0,0,1
“ϊ–μsVδ‚P’–Ϊ,1,0,0,0,0,0,0,0,0,0,0,0,0,0,0,0,0,0,0,0,0,0,0,0,0,0,0,0,0,0,0,1,1,0,0,0,0
“ϊ–μsVδ‚Q’–Ϊ,3,0,0,0,0,0,0,0,0,0,0,0,0,0,0,0,0,0,0,0,0,0,0,0,0,0,0,0,0,0,0,3,2,0,0,0,1
“ϊ–μsv,488,4,0,4,50,0,24,17,7,2,16,0,0,1,1,6,0,0,8,244,1,8,101,11,0,2,1,0,4,52,64,174,101,9,1,0,63
“‘ΊRsΒ—t’¬‚P’–Ϊ,3,0,0,0,0,0,0,0,0,0,0,0,0,0,0,0,0,0,0,1,0,0,0,1,0,0,0,0,0,0,0,2,1,0,0,0,1
“‘ΊRsΒ—t’¬‚Q’–Ϊ,6,0,0,0,0,0,0,0,0,0,0,0,0,0,0,0,0,0,0,3,0,0,1,0,0,1,0,0,0,0,1,3,1,0,0,0,2
“‘ΊRsΒ—t’¬‚R’–Ϊ,2,0,0,0,0,0,0,0,0,0,0,0,0,0,0,0,0,0,0,2,0,0,0,0,0,0,0,0,0,0,2,0,0,0,0,0,0
“‘ΊRsΒ—t’¬‚S’–Ϊ,1,0,0,0,0,0,0,0,0,0,0,0,0,0,0,0,0,0,0,1,0,0,0,1,0,0,0,0,0,0,0,0,0,0,0,0,0
“‘ΊRsH’Γ’¬‚P’–Ϊ,6,0,0,0,0,0,0,0,0,0,1,0,0,0,0,1,0,0,0,0,0,0,0,0,0,0,0,0,0,0,0,5,3,0,0,0,2
“‘ΊRsH’Γ’¬‚Q’–Ϊ,4,0,0,0,0,0,0,0,0,0,0,0,0,0,0,0,0,0,0,2,0,0,0,1,0,0,0,0,0,0,1,2,2,0,0,0,0
“‘ΊRsH’Γ’¬‚R’–Ϊ,4,0,0,0,0,0,0,0,0,0,0,0,0,0,0,0,0,0,0,2,0,0,1,0,0,0,0,0,0,0,1,2,0,0,0,0,2
“‘ΊRsH’Γ’¬‚S’–Ϊ,4,0,0,0,1,0,1,0,0,0,0,0,0,0,0,0,0,0,0,3,0,0,1,1,0,1,0,0,0,0,0,0,0,0,0,0,0
“‘ΊRsH’Γ’¬‚T’–Ϊ,31,0,0,0,4,0,2,2,0,0,2,0,0,0,0,2,0,0,0,18,0,0,14,1,0,0,0,0,0,1,2,7,2,1,0,0,4
“‘ΊRs‰¶‘½’¬‚P’–Ϊ,6,0,0,0,0,0,0,0,0,0,0,0,0,0,0,0,0,0,0,5,0,0,3,0,0,0,0,0,0,0,2,1,0,1,0,0,0
“‘ΊRs‰¶‘½’¬‚Q’–Ϊ,7,0,0,0,0,0,0,0,0,0,0,0,0,0,0,0,0,0,0,3,0,0,1,1,0,0,0,0,0,1,0,4,2,0,0,0,2
“‘ΊRs‰¶‘½’¬‚R’–Ϊ,7,0,0,0,0,0,0,0,0,0,0,0,0,0,0,0,0,0,0,5,0,0,3,0,0,0,0,0,0,2,0,2,1,0,0,0,1
“‘ΊRs‰¶‘½’¬‚S’–Ϊ,3,0,0,0,0,0,0,0,0,0,0,0,0,0,0,0,0,0,0,2,0,0,2,0,0,0,0,0,0,0,0,1,0,0,0,0,1
“‘ΊRs‰¶‘½’¬‚T’–Ϊ,14,0,0,0,0,0,0,0,0,0,0,0,0,0,0,0,0,0,0,6,1,0,3,0,0,0,0,0,0,2,0,8,4,0,1,0,3
“‘ΊRs‹v•Δμ’¬‚P’–Ϊ,6,1,1,0,0,0,0,0,0,0,1,0,0,0,0,1,0,0,0,4,0,0,0,0,0,0,0,0,0,2,2,0,0,0,0,0,0
“‘ΊRs‹v•Δμ’¬‚Q’–Ϊ,4,0,0,0,0,0,0,0,0,0,1,0,0,0,0,0,1,0,0,2,0,0,1,0,0,0,0,0,0,0,1,1,1,0,0,0,0
“‘ΊRs‹v•Δμ’¬‚R’–Ϊ,17,0,0,0,0,0,0,0,0,0,0,0,0,0,0,0,0,0,0,15,0,1,9,0,0,0,0,0,0,1,4,2,2,0,0,0,0
“‘ΊRs‹v•Δμ’¬‚S’–Ϊ,6,0,0,0,0,0,0,0,0,0,0,0,0,0,0,0,0,0,0,2,0,0,2,0,0,0,0,0,0,0,0,4,1,0,0,0,3
“‘ΊRs‹v•Δμ’¬‚T’–Ϊ,4,0,0,0,0,0,0,0,0,0,0,0,0,0,0,0,0,0,0,1,0,0,1,0,0,0,0,0,0,0,0,3,3,0,0,0,0
“‘ΊRs‰h’¬‚P’–Ϊ,18,0,0,0,0,0,0,0,0,0,0,0,0,0,0,0,0,0,0,16,0,0,8,0,0,1,0,0,0,6,1,2,0,1,0,0,1
“‘ΊRs‰h’¬‚Q’–Ϊ,36,0,0,0,1,0,0,1,0,0,0,0,0,0,0,0,0,0,0,23,0,0,17,1,0,0,0,0,0,2,3,12,1,1,0,0,10
“‘ΊRs‰h’¬‚R’–Ϊ,15,1,1,0,1,0,1,0,0,0,0,0,0,0,0,0,0,0,0,10,0,0,3,0,0,0,0,0,0,6,1,3,1,0,0,0,2
“‘ΊRsz–K’¬‚P’–Ϊ,10,0,0,0,1,0,0,0,1,0,0,0,0,0,0,0,0,0,0,5,0,2,1,0,0,1,0,0,0,0,1,4,3,1,0,0,0
“‘ΊRsz–K’¬‚Q’–Ϊ,1,0,0,0,0,0,0,0,0,0,0,0,0,0,0,0,0,0,0,0,0,0,0,0,0,0,0,0,0,0,0,1,1,0,0,0,0
“‘ΊRsz–K’¬‚R’–Ϊ,1,0,0,0,0,0,0,0,0,0,0,0,0,0,0,0,0,0,0,1,0,0,0,0,0,0,0,0,0,0,1,0,0,0,0,0,0
“‘ΊRs‘½–€Ξ’¬‚P’–Ϊ,3,0,0,0,0,0,0,0,0,0,1,0,0,0,0,1,0,0,0,1,0,0,1,0,0,0,0,0,0,0,0,1,1,0,0,0,0
“‘ΊRs‘½–€Ξ’¬‚Q’–Ϊ,1,0,0,0,0,0,0,0,0,0,0,0,0,0,0,0,0,0,0,1,0,0,0,0,0,0,0,0,0,0,1,0,0,0,0,0,0
“‘ΊRs‘½–€Ξ’¬‚S’–Ϊ,3,0,0,0,0,0,0,0,0,0,0,0,0,0,0,0,0,0,0,2,0,0,1,1,0,0,0,0,0,0,0,1,0,0,0,0,1
“‘ΊRs–μϋ’¬‚P’–Ϊ,13,0,0,0,0,0,0,0,0,0,0,0,0,0,0,0,0,0,0,6,0,0,4,0,0,0,0,0,0,1,1,7,1,1,0,0,5
“‘ΊRs–μϋ’¬‚Q’–Ϊ,4,0,0,0,0,0,0,0,0,0,0,0,0,0,0,0,0,0,0,3,0,0,2,0,0,0,0,0,0,1,0,1,1,0,0,0,0
“‘ΊRs”‹R’¬‚P’–Ϊ,6,0,0,0,0,0,0,0,0,0,0,0,0,0,0,0,0,0,0,4,0,0,1,0,0,0,0,0,0,0,3,2,1,0,0,0,1
“‘ΊRs”‹R’¬‚Q’–Ϊ,12,0,0,0,1,0,1,0,0,0,0,0,0,0,0,0,0,0,0,8,0,0,8,0,0,0,0,0,0,0,0,3,3,0,0,0,0
“‘ΊRs”‹R’¬‚R’–Ϊ,5,0,0,0,0,0,0,0,0,0,0,0,0,0,0,0,0,0,0,3,0,0,3,0,0,0,0,0,0,0,0,2,1,0,0,0,1
“‘ΊRs”‹R’¬‚S’–Ϊ,3,0,0,0,0,0,0,0,0,0,0,0,0,0,0,0,0,0,0,3,0,0,1,0,0,0,0,0,0,0,2,0,0,0,0,0,0
“‘ΊRs”‹R’¬‚T’–Ϊ,4,0,0,0,0,0,0,0,0,0,0,0,0,0,0,0,0,0,0,3,0,0,2,0,0,0,0,0,0,0,1,1,0,0,0,0,1
“‘ΊRs•xm©’¬‚P’–Ϊ,13,1,0,1,0,0,0,0,0,0,0,0,0,0,0,0,0,0,0,6,0,0,5,0,0,0,0,0,0,0,1,6,4,0,0,0,2
“‘ΊRs•xm©’¬‚Q’–Ϊ,1,0,0,0,0,0,0,0,0,0,0,0,0,0,0,0,0,0,0,1,0,0,0,0,0,0,0,0,0,0,1,0,0,0,0,0,0
“‘ΊRs•xm©’¬‚R’–Ϊ,4,0,0,0,0,0,0,0,0,0,1,0,0,0,0,0,1,0,0,0,0,0,0,0,0,0,0,0,0,0,0,3,2,0,0,0,1
“‘ΊRs•xm©’¬‚T’–Ϊ,14,0,0,0,2,0,0,2,0,0,0,0,0,0,0,0,0,0,0,9,0,0,7,0,0,0,0,0,1,0,1,3,1,1,0,0,1
“‘ΊRs–{’¬‚P’–Ϊ,9,0,0,0,1,0,0,1,0,0,0,0,0,0,0,0,0,0,0,5,0,0,4,0,0,1,0,0,0,0,0,3,2,1,0,0,0
“‘ΊRs–{’¬‚Q’–Ϊ,25,0,0,0,2,0,2,0,0,0,0,0,0,0,0,0,0,0,0,21,0,0,15,0,0,0,0,0,0,4,2,2,0,1,0,0,1
“‘ΊRs–{’¬‚R’–Ϊ,4,0,0,0,0,0,0,0,0,0,0,0,0,0,0,0,0,0,0,2,0,0,1,0,0,0,0,0,0,1,0,2,2,0,0,0,0
“‘ΊRs–{’¬‚S’–Ϊ,12,0,0,0,0,0,0,0,0,0,0,0,0,0,0,0,0,0,0,9,0,1,6,0,0,0,0,0,0,0,2,3,0,1,0,0,2
“‘ΊRs”όZ’¬‚P’–Ϊ,7,0,0,0,0,0,0,0,0,0,0,0,0,0,0,0,0,0,0,6,0,1,3,0,0,0,0,0,0,1,1,1,1,0,0,0,0
“‘ΊRs”όZ’¬‚Q’–Ϊ,3,0,0,0,0,0,0,0,0,0,0,0,0,0,0,0,0,0,0,1,0,0,0,0,0,0,0,0,0,0,1,2,2,0,0,0,0
“‘ΊRs‰τ“c’¬‚P’–Ϊ,2,0,0,0,1,0,1,0,0,0,0,0,0,0,0,0,0,0,0,1,0,0,0,0,0,0,0,0,0,1,0,0,0,0,0,0,0
“‘ΊRs‰τ“c’¬‚Q’–Ϊ,2,0,0,0,0,0,0,0,0,0,0,0,0,0,0,0,0,0,0,1,0,0,1,0,0,0,0,0,0,0,0,1,0,0,0,0,1
“‘ΊRs‰τ“c’¬‚R’–Ϊ,7,0,0,0,1,0,0,0,0,1,0,0,0,0,0,0,0,0,0,3,0,1,0,2,0,0,0,0,0,0,0,3,2,0,0,0,1
“‘ΊRs‰τ“c’¬‚S’–Ϊ,4,0,0,0,0,0,0,0,0,0,0,0,0,0,0,0,0,0,0,1,0,0,1,0,0,0,0,0,0,0,0,3,2,0,0,0,1
“‘ΊRsv,377,3,2,1,16,0,8,6,1,1,7,0,0,0,0,5,2,0,0,232,1,6,137,10,0,5,0,0,1,32,40,119,55,10,1,0,53
‘•ª›sς’¬‚P’–Ϊ,1,0,0,0,1,0,1,0,0,0,0,0,0,0,0,0,0,0,0,0,0,0,0,0,0,0,0,0,0,0,0,0,0,0,0,0,0
‘•ª›sς’¬‚Q’–Ϊ,12,0,0,0,3,0,1,1,0,1,0,0,0,0,0,0,0,0,0,5,0,0,5,0,0,0,0,0,0,0,0,4,2,0,0,0,2
‘•ª›sς’¬‚R’–Ϊ,18,0,0,0,0,0,0,0,0,0,0,0,0,0,0,0,0,0,0,15,0,0,11,0,0,0,0,0,0,4,0,3,1,1,0,0,1
‘•ª›s–k’¬‚P’–Ϊ,2,0,0,0,0,0,0,0,0,0,0,0,0,0,0,0,0,0,0,0,0,0,0,0,0,0,0,0,0,0,0,2,2,0,0,0,0
‘•ª›s–k’¬‚Q’–Ϊ,2,0,0,0,0,0,0,0,0,0,0,0,0,0,0,0,0,0,0,1,0,0,0,0,0,0,0,0,0,1,0,1,1,0,0,0,0
‘•ª›s–k’¬‚T’–Ϊ,4,0,0,0,1,0,1,0,0,0,0,0,0,0,0,0,0,0,0,1,0,0,0,0,0,0,0,0,0,0,1,2,0,0,0,0,2
‘•ª›sV’¬‚P’–Ϊ,2,0,0,0,0,0,0,0,0,0,1,0,0,0,0,1,0,0,0,0,0,0,0,0,0,0,0,0,0,0,0,1,0,0,0,0,1
‘•ª›sV’¬‚Q’–Ϊ,2,0,0,0,2,0,2,0,0,0,0,0,0,0,0,0,0,0,0,0,0,0,0,0,0,0,0,0,0,0,0,0,0,0,0,0,0
‘•ª›sV’¬‚R’–Ϊ,3,0,0,0,0,0,0,0,0,0,0,0,0,0,0,0,0,0,0,2,0,0,2,0,0,0,0,0,0,0,0,1,1,0,0,0,0
‘•ª›s‚–Ψ’¬‚P’–Ϊ,1,0,0,0,0,0,0,0,0,0,0,0,0,0,0,0,0,0,0,1,0,0,1,0,0,0,0,0,0,0,0,0,0,0,0,0,0
‘•ª›s‚–Ψ’¬‚Q’–Ϊ,1,0,0,0,0,0,0,0,0,0,0,0,0,0,0,0,0,0,0,0,0,0,0,0,0,0,0,0,0,0,0,1,0,0,0,0,1
‘•ª›sΛ‘q‚P’–Ϊ,1,0,0,0,0,0,0,0,0,0,0,0,0,0,0,0,0,0,0,1,0,0,1,0,0,0,0,0,0,0,0,0,0,0,0,0,0
‘•ª›sΛ‘q‚Q’–Ϊ,4,0,0,0,0,0,0,0,0,0,2,0,0,0,1,0,0,1,0,2,0,0,0,0,0,0,0,0,0,2,0,0,0,0,0,0,0
‘•ª›sΛ‘q‚R’–Ϊ,3,0,0,0,0,0,0,0,0,0,0,0,0,0,0,0,0,0,0,0,0,0,0,0,0,0,0,0,0,0,0,3,0,0,0,0,3
‘•ª›sΛ‘q‚S’–Ϊ,1,0,0,0,0,0,0,0,0,0,0,0,0,0,0,0,0,0,0,0,0,0,0,0,0,0,0,0,0,0,0,1,0,0,0,0,1
‘•ª›s“ΰ“΅‚P’–Ϊ,3,0,0,0,0,0,0,0,0,0,1,0,0,0,0,1,0,0,0,2,0,0,2,0,0,0,0,0,0,0,0,0,0,0,0,0,0
‘•ª›s“ΰ“΅‚Q’–Ϊ,6,0,0,0,1,0,1,0,0,0,0,0,0,0,0,0,0,0,0,2,0,0,2,0,0,0,0,0,0,0,0,3,2,0,0,0,1
‘•ª›s•ΐ–Ψ’¬‚P’–Ϊ,2,0,0,0,1,0,0,1,0,0,0,0,0,0,0,0,0,0,0,1,0,0,0,0,0,0,0,0,0,0,1,0,0,0,0,0,0
‘•ª›s•ΐ–Ψ’¬‚Q’–Ϊ,1,0,0,0,0,0,0,0,0,0,0,0,0,0,0,0,0,0,0,1,0,0,0,0,0,0,0,0,0,0,1,0,0,0,0,0,0
‘•ª›sΌ—φƒ–E‚P’–Ϊ,4,0,0,0,2,0,1,1,0,0,0,0,0,0,0,0,0,0,0,2,0,0,0,0,0,0,0,0,0,0,2,0,0,0,0,0,0
‘•ª›sΌ—φƒ–E‚Q’–Ϊ,18,1,0,1,2,0,0,2,0,0,0,0,0,0,0,0,0,0,0,8,0,0,1,0,0,0,0,0,3,3,1,7,1,1,0,0,5
‘•ª›sΌ—φƒ–E‚R’–Ϊ,2,0,0,0,0,0,0,0,0,0,0,0,0,0,0,0,0,0,0,1,0,0,1,0,0,0,0,0,0,0,0,1,0,0,0,0,1
‘•ª›sΌ—φƒ–E‚S’–Ϊ,4,0,0,0,0,0,0,0,0,0,0,0,0,0,0,0,0,0,0,3,0,0,2,0,0,0,0,0,0,1,0,1,1,0,0,0,0
‘•ª›sΌ’¬‚P’–Ϊ,7,0,0,0,1,0,1,0,0,0,0,0,0,0,0,0,0,0,0,2,0,0,1,0,0,0,0,0,0,0,1,4,0,0,0,0,4
‘•ª›sΌ’¬‚Q’–Ϊ,2,0,0,0,0,0,0,0,0,0,0,0,0,0,0,0,0,0,0,1,0,0,0,0,0,0,0,0,0,1,0,1,1,0,0,0,0
‘•ª›sΌ’¬‚R’–Ϊ,5,0,0,0,0,0,0,0,0,0,0,0,0,0,0,0,0,0,0,2,0,0,0,0,0,0,0,0,0,1,1,3,1,0,0,0,2
‘•ª›sΌ’¬‚S’–Ϊ,2,0,0,0,0,0,0,0,0,0,1,0,0,0,0,1,0,0,0,1,0,0,1,0,0,0,0,0,0,0,0,0,0,0,0,0,0
‘•ª›sΌ’¬‚T’–Ϊ,2,0,0,0,0,0,0,0,0,0,0,0,0,0,0,0,0,0,0,1,0,0,1,0,0,0,0,0,0,0,0,1,1,0,0,0,0
‘•ª›sΌ³’¬‚Q’–Ϊ,1,1,0,1,0,0,0,0,0,0,0,0,0,0,0,0,0,0,0,0,0,0,0,0,0,0,0,0,0,0,0,0,0,0,0,0,0
‘•ª›sΌ³’¬‚R’–Ϊ,3,0,0,0,0,0,0,0,0,0,3,0,0,0,0,0,0,0,3,0,0,0,0,0,0,0,0,0,0,0,0,0,0,0,0,0,0
‘•ª›sΌ³’¬‚S’–Ϊ,1,0,0,0,0,0,0,0,0,0,0,0,0,0,0,0,0,0,0,1,0,0,1,0,0,0,0,0,0,0,0,0,0,0,0,0,0
‘•ª›sυ’¬‚P’–Ϊ,7,0,0,0,1,0,1,0,0,0,0,0,0,0,0,0,0,0,0,4,0,0,3,1,0,0,0,0,0,0,0,2,1,0,0,0,1
‘•ª›sυ’¬‚Q’–Ϊ,7,0,0,0,2,0,0,1,1,0,1,0,0,0,0,1,0,0,0,1,0,0,1,0,0,0,0,0,0,0,0,3,1,0,1,0,1
‘•ª›s“—φƒ–E‚P’–Ϊ,3,0,0,0,0,0,0,0,0,0,0,0,0,0,0,0,0,0,0,1,0,0,0,0,0,0,0,0,0,0,1,2,2,0,0,0,0
‘•ª›s“—φƒ–E‚Q’–Ϊ,8,0,0,0,1,0,0,0,0,1,1,0,0,0,0,0,0,0,1,3,0,0,2,0,0,0,0,0,0,0,1,3,2,0,0,0,1
‘•ª›s“—φƒ–E‚R’–Ϊ,2,0,0,0,0,0,0,0,0,0,0,0,0,0,0,0,0,0,0,0,0,0,0,0,0,0,0,0,0,0,0,2,2,0,0,0,0
‘•ª›s“—φƒ–E‚S’–Ϊ,2,0,0,0,0,0,0,0,0,0,0,0,0,0,0,0,0,0,0,2,0,0,2,0,0,0,0,0,0,0,0,0,0,0,0,0,0
‘•ª›s“—φƒ–E‚T’–Ϊ,3,0,0,0,0,0,0,0,0,0,0,0,0,0,0,0,0,0,0,2,0,0,1,0,0,0,0,0,0,0,1,1,1,0,0,0,0
‘•ª›s“—φƒ–E‚U’–Ϊ,4,1,0,1,0,0,0,0,0,0,0,0,0,0,0,0,0,0,0,3,0,1,2,0,0,0,0,0,0,0,0,0,0,0,0,0,0
‘•ª›s“Λ‘q‚P’–Ϊ,1,0,0,0,0,0,0,0,0,0,0,0,0,0,0,0,0,0,0,0,0,0,0,0,0,0,0,0,0,0,0,1,0,0,0,0,1
‘•ª›s“Λ‘q‚Q’–Ϊ,2,0,0,0,2,0,2,0,0,0,0,0,0,0,0,0,0,0,0,0,0,0,0,0,0,0,0,0,0,0,0,0,0,0,0,0,0
‘•ª›s“³’¬‚P’–Ϊ,5,1,1,0,0,0,0,0,0,0,0,0,0,0,0,0,0,0,0,1,0,0,1,0,0,0,0,0,0,0,0,3,1,0,0,0,2
‘•ª›s“³’¬‚Q’–Ϊ,5,0,0,0,1,0,0,1,0,0,0,0,0,0,0,0,0,0,0,1,0,0,1,0,0,0,0,0,0,0,0,3,1,0,0,0,2
‘•ª›s“³’¬‚R’–Ϊ,3,0,0,0,1,0,0,1,0,0,0,0,0,0,0,0,0,0,0,1,0,0,1,0,0,0,0,0,0,0,0,1,1,0,0,0,0
‘•ª›s“³’¬‚S’–Ϊ,3,1,1,0,0,0,0,0,0,0,0,0,0,0,0,0,0,0,0,2,0,0,1,0,0,0,0,0,0,1,0,0,0,0,0,0,0
‘•ª›s“ϊ‹g’¬‚P’–Ϊ,2,0,0,0,0,0,0,0,0,0,0,0,0,0,0,0,0,0,0,1,0,0,0,0,0,0,0,0,0,0,1,1,0,0,0,0,1
‘•ª›s“ϊ‹g’¬‚Q’–Ϊ,1,0,0,0,0,0,0,0,0,0,1,0,0,0,0,1,0,0,0,0,0,0,0,0,0,0,0,0,0,0,0,0,0,0,0,0,0
‘•ª›s“ϊ‹g’¬‚R’–Ϊ,3,0,0,0,0,0,0,0,0,0,1,0,0,1,0,0,0,0,0,0,0,0,0,0,0,0,0,0,0,0,0,2,2,0,0,0,0
‘•ª›s“ϊ‹g’¬‚S’–Ϊ,2,0,0,0,0,0,0,0,0,0,0,0,0,0,0,0,0,0,0,1,0,0,1,0,0,0,0,0,0,0,0,1,0,0,0,0,1
‘•ª›s•xm–{‚P’–Ϊ,7,0,0,0,1,0,0,1,0,0,1,0,0,0,0,1,0,0,0,1,0,0,0,0,0,0,0,0,0,0,1,4,1,0,0,0,3
‘•ª›s•xm–{‚Q’–Ϊ,6,0,0,0,1,0,1,0,0,0,1,0,0,0,0,1,0,0,0,1,0,0,1,0,0,0,0,0,0,0,0,3,1,0,0,0,2
‘•ª›s•xm–{‚R’–Ϊ,1,0,0,0,1,0,1,0,0,0,0,0,0,0,0,0,0,0,0,0,0,0,0,0,0,0,0,0,0,0,0,0,0,0,0,0,0
‘•ª›s–{‘½‚P’–Ϊ,3,0,0,0,0,0,0,0,0,0,0,0,0,0,0,0,0,0,0,2,0,0,2,0,0,0,0,0,0,0,0,1,1,0,0,0,0
‘•ª›s–{‘½‚Q’–Ϊ,7,0,0,0,1,0,0,1,0,0,0,0,0,0,0,0,0,0,0,5,0,0,3,0,0,0,0,0,0,1,1,1,0,0,0,0,1
‘•ª›s–{‘½‚R’–Ϊ,2,0,0,0,1,0,0,1,0,0,0,0,0,0,0,0,0,0,0,1,0,0,0,0,0,0,0,0,0,0,1,0,0,0,0,0,0
‘•ª›s–{‘½‚S’–Ϊ,6,0,0,0,1,0,0,0,1,0,0,0,0,0,0,0,0,0,0,3,0,0,1,0,0,0,0,0,0,0,2,2,0,1,0,0,1
‘•ª›s–{‘½‚T’–Ϊ,5,0,0,0,2,0,2,0,0,0,0,0,0,0,0,0,0,0,0,3,0,0,1,0,0,0,0,0,0,0,2,0,0,0,0,0,0
‘•ª›s–{’¬‚Q’–Ϊ,63,2,0,2,6,0,5,1,0,0,0,0,0,0,0,0,0,0,0,42,0,0,24,0,0,0,0,0,1,17,0,13,4,0,0,0,9
‘•ª›s–{’¬‚R’–Ϊ,35,1,0,1,8,0,3,4,0,1,2,0,0,0,0,0,0,0,2,11,0,1,7,1,0,0,0,0,0,2,0,13,4,1,0,0,8
‘•ª›s–{’¬‚S’–Ϊ,12,0,0,0,0,0,0,0,0,0,0,0,0,0,0,0,0,0,0,9,0,0,6,0,0,0,0,0,0,3,0,3,0,0,0,0,3
‘•ª›s“μ’¬‚P’–Ϊ,6,0,0,0,0,0,0,0,0,0,1,0,1,0,0,0,0,0,0,4,0,0,3,0,0,0,0,0,1,0,0,1,0,0,0,0,1
‘•ª›s“μ’¬‚Q’–Ϊ,5,0,0,0,1,0,0,0,0,1,0,0,0,0,0,0,0,0,0,3,0,0,1,0,0,0,0,0,0,2,0,1,0,0,0,0,1
‘•ª›s“μ’¬‚R’–Ϊ,32,1,0,1,2,0,2,0,0,0,1,0,0,0,1,0,0,0,0,26,0,0,5,0,0,1,0,0,0,11,9,2,2,0,0,0,0
‘•ª›sv,373,9,2,7,47,0,25,16,2,4,18,0,1,1,2,7,0,1,6,190,0,2,102,2,0,1,0,0,5,50,28,109,41,4,1,0,63
‘—§sΒ–φ‚P’–Ϊ,1,0,0,0,0,0,0,0,0,0,0,0,0,0,0,0,0,0,0,1,0,0,1,0,0,0,0,0,0,0,0,0,0,0,0,0,0
‘—§sΒ–φ‚Q’–Ϊ,2,0,0,0,1,0,0,0,0,1,0,0,0,0,0,0,0,0,0,1,0,0,1,0,0,0,0,0,0,0,0,0,0,0,0,0,0
‘—§sΒ–φ‚R’–Ϊ,2,0,0,0,0,0,0,0,0,0,0,0,0,0,0,0,0,0,0,1,0,0,0,0,0,0,0,0,0,0,1,1,0,1,0,0,0
‘—§sΞ“c,2,0,0,0,1,0,0,1,0,0,0,0,0,0,0,0,0,0,0,0,0,0,0,0,0,0,0,0,0,0,0,1,0,1,0,0,0
‘—§s–k‚P’–Ϊ,18,0,0,0,3,0,2,1,0,0,0,0,0,0,0,0,0,0,0,14,0,0,2,0,0,0,0,0,0,10,2,1,0,1,0,0,0
‘—§s–k‚Q’–Ϊ,3,0,0,0,0,0,0,0,0,0,0,0,0,0,0,0,0,0,0,1,0,0,1,0,0,0,0,0,0,0,0,2,1,1,0,0,0
‘—§s–k‚R’–Ϊ,16,0,0,0,1,0,1,0,0,0,0,0,0,0,0,0,0,0,0,10,0,2,3,0,0,0,0,0,0,3,2,5,3,0,0,0,2
‘—§s’†‚P’–Ϊ,23,0,0,0,1,0,1,0,0,0,0,0,0,0,0,0,0,0,0,15,0,0,12,0,0,0,0,0,0,1,2,7,3,0,0,0,4
‘—§s’†‚Q’–Ϊ,18,0,0,0,0,0,0,0,0,0,2,0,2,0,0,0,0,0,0,14,0,1,13,0,0,0,0,0,0,0,0,2,1,0,0,0,1
‘—§s’†‚R’–Ϊ,7,0,0,0,0,0,0,0,0,0,0,0,0,0,0,0,0,0,0,3,0,0,3,0,0,0,0,0,0,0,0,4,3,0,0,0,1
‘—§sΌ‚P’–Ϊ,9,0,0,0,0,0,0,0,0,0,0,0,0,0,0,0,0,0,0,8,0,2,5,0,0,0,0,0,0,0,1,1,1,0,0,0,0
‘—§sΌ‚Q’–Ϊ,10,0,0,0,1,0,0,1,0,0,1,0,0,0,0,1,0,0,0,4,0,0,3,0,0,0,0,0,0,0,1,4,2,0,0,0,2
‘—§sΌ‚R’–Ϊ,3,0,0,0,0,0,0,0,0,0,0,0,0,0,0,0,0,0,0,1,0,0,1,0,0,0,0,0,0,0,0,2,2,0,0,0,0
‘—§s“‚P’–Ϊ,7,0,0,0,1,0,0,1,0,0,1,0,0,0,0,0,0,0,1,5,0,0,3,0,0,0,0,0,0,0,2,0,0,0,0,0,0
‘—§s“‚Q’–Ϊ,14,0,0,0,0,0,0,0,0,0,0,0,0,0,0,0,0,0,0,11,0,0,10,1,0,0,0,0,0,0,0,3,1,1,0,0,1
‘—§s“‚R’–Ϊ,4,0,0,0,0,0,0,0,0,0,0,0,0,0,0,0,0,0,0,1,0,0,1,0,0,0,0,0,0,0,0,3,3,0,0,0,0
‘—§s“‚S’–Ϊ,2,0,0,0,0,0,0,0,0,0,0,0,0,0,0,0,0,0,0,1,0,0,1,0,0,0,0,0,0,0,0,1,1,0,0,0,0
‘—§s•xm©‘δ‚P’–Ϊ,14,0,0,0,2,0,1,1,0,0,0,0,0,0,0,0,0,0,0,5,0,0,4,0,0,0,0,0,1,0,0,7,3,1,0,0,3
‘—§s•xm©‘δ‚Q’–Ϊ,12,1,0,1,0,0,0,0,0,0,1,0,0,0,0,1,0,0,0,3,0,0,2,0,0,0,0,0,0,1,0,7,4,0,0,0,3
‘—§s•xm©‘δ‚R’–Ϊ,7,0,0,0,1,0,0,0,1,0,0,0,0,0,0,0,0,0,0,4,0,0,2,0,0,0,0,0,0,0,2,2,2,0,0,0,0
‘—§s•xm©‘δ‚S’–Ϊ,18,0,0,0,1,0,0,0,1,0,0,0,0,0,0,0,0,0,0,11,0,0,7,0,0,0,0,0,1,1,2,6,4,1,0,0,1
‘—§s’J•Ϋ,15,0,0,0,0,0,0,0,0,0,0,0,0,0,0,0,0,0,0,9,0,0,8,0,0,0,0,0,0,0,1,6,2,0,0,0,4
‘—§s’J•Ϋ‚U’–Ϊ,2,2,0,2,0,0,0,0,0,0,0,0,0,0,0,0,0,0,0,0,0,0,0,0,0,0,0,0,0,0,0,0,0,0,0,0,0
‘—§s’J•Ϋ‚V’–Ϊ,2,0,0,0,1,0,0,0,1,0,0,0,0,0,0,0,0,0,0,0,0,0,0,0,0,0,0,0,0,0,0,1,0,1,0,0,0
‘—§sς‚P’–Ϊ,6,0,0,0,0,0,0,0,0,0,0,0,0,0,0,0,0,0,0,6,0,0,1,0,0,0,0,0,0,5,0,0,0,0,0,0,0
‘—§sς‚Q’–Ϊ,2,0,0,0,0,0,0,0,0,0,0,0,0,0,0,0,0,0,0,1,0,0,1,0,0,0,0,0,0,0,0,1,0,1,0,0,0
‘—§sς‚R’–Ϊ,2,0,0,0,0,0,0,0,0,0,0,0,0,0,0,0,0,0,0,0,0,0,0,0,0,0,0,0,0,0,0,2,0,2,0,0,0
‘—§sς‚S’–Ϊ,2,0,0,0,0,0,0,0,0,0,0,0,0,0,0,0,0,0,0,2,0,0,2,0,0,0,0,0,0,0,0,0,0,0,0,0,0
‘—§sς‚T’–Ϊ,2,0,0,0,1,0,1,0,0,0,0,0,0,0,0,0,0,0,0,0,0,0,0,0,0,0,0,0,0,0,0,1,1,0,0,0,0
‘—§s–ξμ‚R’–Ϊ,1,0,0,0,0,0,0,0,0,0,0,0,0,0,0,0,0,0,0,1,0,0,1,0,0,0,0,0,0,0,0,0,0,0,0,0,0
‘—§sv,226,3,0,3,15,0,6,5,3,1,5,0,2,0,0,2,0,0,1,133,0,5,88,1,0,0,0,0,2,21,16,70,37,11,0,0,22
•¶s‹•l,9,0,0,0,1,0,1,0,0,0,1,0,0,0,0,1,0,0,0,5,0,0,2,0,0,0,0,0,0,2,1,2,1,0,0,0,1
•¶s‰Α”ό•½‚P’–Ϊ,9,1,0,1,0,0,0,0,0,0,3,0,0,0,0,3,0,0,0,4,0,0,2,0,0,1,0,0,0,0,1,1,0,0,0,0,1
•¶s‰Α”ό•½‚Q’–Ϊ,4,0,0,0,0,0,0,0,0,0,0,0,0,0,0,0,0,0,0,1,0,0,1,0,0,0,0,0,0,0,0,3,1,0,0,0,2
•¶s‰Α”ό•½‚R’–Ϊ,5,1,0,1,0,0,0,0,0,0,0,0,0,0,0,0,0,0,0,1,0,0,0,0,0,0,0,0,0,0,1,3,1,0,0,0,2
•¶s‰Α”ό•½‚S’–Ϊ,6,0,0,0,0,0,0,0,0,0,0,0,0,0,0,0,0,0,0,5,0,0,4,0,0,0,0,0,0,0,1,1,0,0,0,0,1
•¶s–k“c‰€‚P’–Ϊ,5,0,0,0,1,0,1,0,0,0,0,0,0,0,0,0,0,0,0,2,0,0,2,0,0,0,0,0,0,0,0,2,1,0,0,0,1
•¶s–k“c‰€‚Q’–Ϊ,4,0,0,0,0,0,0,0,0,0,0,0,0,0,0,0,0,0,0,3,0,0,2,0,0,0,0,0,0,0,1,1,0,1,0,0,0
•¶s‘εFμ,76,0,0,0,5,0,2,2,0,1,2,0,0,1,0,1,0,0,0,51,0,12,25,0,0,0,0,0,0,6,8,18,7,0,0,0,11
•¶su–Ξ,7,0,0,0,2,0,1,1,0,0,0,0,0,0,0,0,0,0,0,5,0,0,3,0,0,0,0,0,1,0,1,0,0,0,0,0,0
•¶s‘ε•¶,46,1,0,1,7,0,2,3,2,0,0,0,0,0,0,0,0,0,0,20,0,1,9,0,0,0,0,0,0,3,7,18,10,2,0,0,6
•¶s–{’¬,8,0,0,0,2,0,2,0,0,0,0,0,0,0,0,0,0,0,0,5,0,0,2,1,0,0,0,0,0,0,2,1,1,0,0,0,0
•¶s“μ“c‰€‚P’–Ϊ,5,0,0,0,2,0,1,0,1,0,0,0,0,0,0,0,0,0,0,1,0,0,1,0,0,0,0,0,0,0,0,2,1,0,0,0,1
•¶s“μ“c‰€‚Q’–Ϊ,1,0,0,0,1,0,1,0,0,0,0,0,0,0,0,0,0,0,0,0,0,0,0,0,0,0,0,0,0,0,0,0,0,0,0,0,0
•¶s“μ“c‰€‚R’–Ϊ,7,0,0,0,0,0,0,0,0,0,0,0,0,0,0,0,0,0,0,7,0,0,1,0,0,0,0,0,0,5,1,0,0,0,0,0,0
•¶s•‘ –μ‘δ‚P’–Ϊ,20,0,0,0,0,0,0,0,0,0,0,0,0,0,0,0,0,0,0,14,0,0,11,0,0,0,0,1,0,2,0,6,4,0,0,0,2
•¶s•‘ –μ‘δ‚Q’–Ϊ,5,0,0,0,1,0,0,0,1,0,0,0,0,0,0,0,0,0,0,0,0,0,0,0,0,0,0,0,0,0,0,4,3,0,0,0,1
•¶s‰΅“cξ’n“ΰ,1,0,0,0,0,0,0,0,0,0,0,0,0,0,0,0,0,0,0,0,0,0,0,0,0,0,0,0,0,0,0,1,1,0,0,0,0
•¶s“’¬,19,0,0,0,2,0,1,1,0,0,1,0,0,0,0,0,0,0,1,16,0,0,7,0,0,0,0,0,0,9,0,0,0,0,0,0,0
•¶s‘εFμ“ρ‹{,1,0,0,0,0,0,0,0,0,0,0,0,0,0,0,0,0,0,0,1,0,0,0,0,0,1,0,0,0,0,0,0,0,0,0,0,0
•¶sv,238,3,0,3,24,0,12,7,4,1,7,0,0,1,0,5,0,0,1,141,0,13,72,1,0,2,0,1,1,27,24,63,31,3,0,0,29
]saς–{’¬‚P’–Ϊ,9,0,0,0,0,0,0,0,0,0,0,0,0,0,0,0,0,0,0,7,0,0,6,0,0,0,0,0,0,0,1,2,0,0,0,0,2
]saς–{’¬‚Q’–Ϊ,1,0,0,0,0,0,0,0,0,0,0,0,0,0,0,0,0,0,0,1,0,0,1,0,0,0,0,0,0,0,0,0,0,0,0,0,0
]saς–{’¬‚R’–Ϊ,3,0,0,0,0,0,0,0,0,0,0,0,0,0,0,0,0,0,0,3,0,0,0,0,0,0,0,0,0,0,3,0,0,0,0,0,0
]saς–{’¬‚S’–Ϊ,12,0,0,0,1,0,0,1,0,0,0,0,0,0,0,0,0,0,0,10,0,2,1,0,0,0,0,0,0,3,4,1,0,0,0,0,1
]s’–•ϋ‚Q’–Ϊ,1,0,0,0,0,0,0,0,0,0,1,0,0,0,0,1,0,0,0,0,0,0,0,0,0,0,0,0,0,0,0,0,0,0,0,0,0
]s’–•ϋ‚S’–Ϊ,2,0,0,0,0,0,0,0,0,0,0,0,0,0,0,0,0,0,0,2,0,0,2,0,0,0,0,0,0,0,0,0,0,0,0,0,0
]sβΛ–k‚P’–Ϊ,2,0,0,0,0,0,0,0,0,0,0,0,0,0,0,0,0,0,0,1,0,0,0,0,0,0,0,0,0,0,1,1,1,0,0,0,0
]sβΛ–k‚Q’–Ϊ,14,0,0,0,0,0,0,0,0,0,0,0,0,0,0,0,0,0,0,14,0,0,11,0,0,0,0,0,1,1,1,0,0,0,0,0,0
]sβΛ–k‚R’–Ϊ,5,0,0,0,0,0,0,0,0,0,0,0,0,0,0,0,0,0,0,4,0,0,2,0,0,0,0,0,0,1,1,1,1,0,0,0,0
]sβΛ–k‚S’–Ϊ,7,0,0,0,2,0,2,0,0,0,0,0,0,0,0,0,0,0,0,4,0,0,3,0,0,0,0,0,0,0,1,1,0,1,0,0,0
]sβΛ“μ‚P’–Ϊ,3,0,0,0,0,0,0,0,0,0,0,0,0,0,0,0,0,0,0,1,0,0,0,0,0,0,0,0,0,0,1,2,2,0,0,0,0
]sβΛ“μ‚Q’–Ϊ,6,0,0,0,0,0,0,0,0,0,0,0,0,0,0,0,0,0,0,5,0,0,5,0,0,0,0,0,0,0,0,1,1,0,0,0,0
]sβΛ“μ‚R’–Ϊ,3,0,0,0,0,0,0,0,0,0,0,0,0,0,0,0,0,0,0,2,0,0,2,0,0,0,0,0,0,0,0,1,1,0,0,0,0
]sβΛ“μ‚S’–Ϊ,1,0,0,0,0,0,0,0,0,0,0,0,0,0,0,0,0,0,0,1,0,0,0,0,0,0,0,0,0,0,1,0,0,0,0,0,0
]s’†aς‚P’–Ϊ,5,0,0,0,1,0,1,0,0,0,0,0,0,0,0,0,0,0,0,2,0,0,0,0,0,0,0,0,0,0,2,2,1,0,0,0,1
]s’†aς‚Q’–Ϊ,5,0,0,0,1,0,0,1,0,0,0,0,0,0,0,0,0,0,0,2,0,0,1,0,0,0,0,0,0,1,0,2,1,0,0,0,1
]s’†aς‚R’–Ϊ,3,0,0,0,0,0,0,0,0,0,0,0,0,0,0,0,0,0,0,0,0,0,0,0,0,0,0,0,0,0,0,3,3,0,0,0,0
]s’†aς‚S’–Ϊ,3,0,0,0,0,0,0,0,0,0,0,0,0,0,0,0,0,0,0,1,0,0,1,0,0,0,0,0,0,0,0,2,2,0,0,0,0
]s’†aς‚T’–Ϊ,6,0,0,0,0,0,0,0,0,0,0,0,0,0,0,0,0,0,0,5,0,1,3,0,0,0,0,0,0,0,1,1,1,0,0,0,0
]sΌaς‚P’–Ϊ,7,0,0,0,0,0,0,0,0,0,0,0,0,0,0,0,0,0,0,5,0,2,2,0,0,0,0,0,0,0,1,2,1,1,0,0,0
]sΌaς‚Q’–Ϊ,1,0,0,0,0,0,0,0,0,0,0,0,0,0,0,0,0,0,0,0,0,0,0,0,0,0,0,0,0,0,0,1,1,0,0,0,0
]sΌ–μμ‚P’–Ϊ,5,0,0,0,0,0,0,0,0,0,0,0,0,0,0,0,0,0,0,4,0,2,0,0,0,0,0,0,0,0,2,1,1,0,0,0,0
]sΌ–μμ‚Q’–Ϊ,2,0,0,0,0,0,0,0,0,0,0,0,0,0,0,0,0,0,0,0,0,0,0,0,0,0,0,0,0,0,0,2,1,0,0,0,1
]sΌ–μμ‚R’–Ϊ,1,0,0,0,0,0,0,0,0,0,0,0,0,0,0,0,0,0,0,1,0,0,1,0,0,0,0,0,0,0,0,0,0,0,0,0,0
]sΌ–μμ‚S’–Ϊ,4,0,0,0,0,0,0,0,0,0,0,0,0,0,0,0,0,0,0,2,0,0,1,0,0,0,0,0,0,0,1,2,1,1,0,0,0
]s“aς‚P’–Ϊ,34,1,0,1,0,0,0,0,0,0,0,0,0,0,0,0,0,0,0,30,0,0,23,0,0,0,0,0,2,3,2,3,1,0,0,0,2
]s“aς‚Q’–Ϊ,1,0,0,0,0,0,0,0,0,0,0,0,0,0,0,0,0,0,0,1,0,0,1,0,0,0,0,0,0,0,0,0,0,0,0,0,0
]s“aς‚R’–Ϊ,7,0,0,0,0,0,0,0,0,0,0,0,0,0,0,0,0,0,0,4,0,0,4,0,0,0,0,0,0,0,0,3,1,0,0,0,2
]s“aς‚S’–Ϊ,13,0,0,0,0,0,0,0,0,0,0,0,0,0,0,0,0,0,0,13,0,2,9,1,0,0,0,0,0,0,1,0,0,0,0,0,0
]s“–μμ‚P’–Ϊ,1,0,0,0,0,0,0,0,0,0,0,0,0,0,0,0,0,0,0,1,0,0,1,0,0,0,0,0,0,0,0,0,0,0,0,0,0
]s“–μμ‚Q’–Ϊ,7,0,0,0,0,0,0,0,0,0,0,0,0,0,0,0,0,0,0,5,0,0,4,0,0,0,0,0,0,0,1,2,0,0,0,0,2
]s“–μμ‚R’–Ϊ,4,0,0,0,0,0,0,0,0,0,0,0,0,0,0,0,0,0,0,1,0,0,1,0,0,0,0,0,0,0,0,3,3,0,0,0,0
]s“–μμ‚S’–Ϊ,5,0,0,0,0,0,0,0,0,0,0,0,0,0,0,0,0,0,0,4,0,1,2,0,0,0,0,0,0,0,1,1,0,0,0,0,1
]s³aς‚P’–Ϊ,27,0,0,0,1,0,0,1,0,0,0,0,0,0,0,0,0,0,0,20,0,0,4,0,0,0,0,0,0,10,6,6,0,0,0,0,6
]s³aς‚Q’–Ϊ,4,0,0,0,0,0,0,0,0,0,0,0,0,0,0,0,0,0,0,3,0,0,2,0,0,0,0,0,0,0,1,1,1,0,0,0,0
]s³aς‚R’–Ϊ,5,0,0,0,1,0,0,1,0,0,0,0,0,0,0,0,0,0,0,3,0,0,2,0,0,0,0,0,0,0,1,1,0,0,0,0,1
]s‹ξδ’¬‚P’–Ϊ,3,0,0,0,0,0,0,0,0,0,0,0,0,0,0,0,0,0,0,1,0,0,1,0,0,0,0,0,0,0,0,2,2,0,0,0,0
]s‹ξδ’¬‚Q’–Ϊ,3,0,0,0,0,0,0,0,0,0,0,0,0,0,0,0,0,0,0,1,0,0,0,0,0,0,0,0,0,0,1,2,1,0,0,0,1
]s‹ξδ’¬‚R’–Ϊ,3,0,0,0,0,0,0,0,0,0,1,0,0,0,0,0,0,0,1,2,0,0,1,0,0,1,0,0,0,0,0,0,0,0,0,0,0
]sv,228,1,0,1,7,0,3,4,0,0,2,0,0,0,0,1,0,0,1,166,0,10,97,1,0,1,0,0,3,19,35,52,28,3,0,0,21
“‘εasπE‚P’–Ϊ,2,0,0,0,0,0,0,0,0,0,0,0,0,0,0,0,0,0,0,2,0,0,2,0,0,0,0,0,0,0,0,0,0,0,0,0,0
“‘εasπE‚S’–Ϊ,4,0,0,0,0,0,0,0,0,0,0,0,0,0,0,0,0,0,0,1,0,0,0,1,0,0,0,0,0,0,0,3,1,0,0,0,2
“‘εasπE‚T’–Ϊ,2,0,0,0,0,0,0,0,0,0,0,0,0,0,0,0,0,0,0,2,0,0,2,0,0,0,0,0,0,0,0,0,0,0,0,0,0
“‘εasπE‚U’–Ϊ,1,1,0,1,0,0,0,0,0,0,0,0,0,0,0,0,0,0,0,0,0,0,0,0,0,0,0,0,0,0,0,0,0,0,0,0,0
“‘εasγ–k‘δ‚P’–Ϊ,11,0,0,0,0,0,0,0,0,0,0,0,0,0,0,0,0,0,0,10,0,0,8,0,0,1,0,0,0,0,1,1,0,1,0,0,0
“‘εasγ–k‘δ‚Q’–Ϊ,2,0,0,0,0,0,0,0,0,0,0,0,0,0,0,0,0,0,0,2,0,0,2,0,0,0,0,0,0,0,0,0,0,0,0,0,0
“‘εasγ–k‘δ‚R’–Ϊ,4,0,0,0,0,0,0,0,0,0,0,0,0,0,0,0,0,0,0,3,0,0,2,1,0,0,0,0,0,0,0,1,1,0,0,0,0
“‘εas΄΄‚P’–Ϊ,3,0,0,0,1,0,0,1,0,0,0,0,0,0,0,0,0,0,0,0,0,0,0,0,0,0,0,0,0,0,0,2,0,0,0,0,2
“‘εas΄΄‚Q’–Ϊ,2,0,0,0,0,0,0,0,0,0,0,0,0,0,0,0,0,0,0,2,0,0,2,0,0,0,0,0,0,0,0,0,0,0,0,0,0
“‘εas΄΄‚R’–Ϊ,5,0,0,0,0,0,0,0,0,0,0,0,0,0,0,0,0,0,0,4,0,0,3,0,0,0,0,0,0,1,0,1,0,1,0,0,0
“‘εas΄΄‚S’–Ϊ,1,0,0,0,0,0,0,0,0,0,0,0,0,0,0,0,0,0,0,1,0,0,0,0,0,0,0,0,0,0,1,0,0,0,0,0,0
“‘εasΞ”Θ‚P’–Ϊ,4,0,0,0,0,0,0,0,0,0,0,0,0,0,0,0,0,0,0,2,0,0,2,0,0,0,0,0,0,0,0,2,1,0,0,0,1
“‘εasΞ”Θ‚Q’–Ϊ,4,0,0,0,0,0,0,0,0,0,3,0,0,0,0,2,0,0,1,0,0,0,0,0,0,0,0,0,0,0,0,1,1,0,0,0,0
“‘εasχ‚ª‹u‚P’–Ϊ,13,0,0,0,0,0,0,0,0,0,0,0,0,0,0,0,0,0,0,13,0,0,11,0,0,0,0,0,1,1,0,0,0,0,0,0,0
“‘εasχ‚ª‹u‚Q’–Ϊ,31,0,0,0,0,0,0,0,0,0,0,0,0,0,0,0,0,0,0,30,0,1,9,0,0,0,0,0,3,17,0,1,1,0,0,0,0
“‘εasχ‚ª‹u‚R’–Ϊ,16,0,0,0,0,0,0,0,0,0,0,0,0,0,0,0,0,0,0,14,0,1,12,0,0,0,0,0,0,0,1,2,1,0,0,0,1
“‘εasχ‚ª‹u‚S’–Ϊ,6,0,0,0,0,0,0,0,0,0,0,0,0,0,0,0,0,0,0,4,0,0,4,0,0,0,0,0,0,0,0,2,0,0,0,0,2
“‘εas‹·R‚P’–Ϊ,1,0,0,0,0,0,0,0,0,0,0,0,0,0,0,0,0,0,0,1,0,0,1,0,0,0,0,0,0,0,0,0,0,0,0,0,0
“‘εas‹·R‚R’–Ϊ,1,0,0,0,0,0,0,0,0,0,0,0,0,0,0,0,0,0,0,1,0,0,0,0,0,0,0,0,0,0,1,0,0,0,0,0,0
“‘εas‹·R‚S’–Ϊ,1,0,0,0,0,0,0,0,0,0,0,0,0,0,0,0,0,0,0,1,0,0,1,0,0,0,0,0,0,0,0,0,0,0,0,0,0
“‘εas‹·R‚T’–Ϊ,1,0,0,0,0,0,0,0,0,0,1,0,0,0,0,0,0,0,1,0,0,0,0,0,0,0,0,0,0,0,0,0,0,0,0,0,0
“‘εas΄…‚Q’–Ϊ,1,0,0,0,0,0,0,0,0,0,0,0,0,0,0,0,0,0,0,0,0,0,0,0,0,0,0,0,0,0,0,1,1,0,0,0,0
“‘εas΄…‚S’–Ϊ,1,0,0,0,0,0,0,0,0,0,0,0,0,0,0,0,0,0,0,1,0,0,0,0,0,0,0,0,0,0,1,0,0,0,0,0,0
“‘εas΄…‚T’–Ϊ,1,0,0,0,0,0,0,0,0,0,0,0,0,0,0,0,0,0,0,0,0,0,0,0,0,0,0,0,0,0,0,1,1,0,0,0,0
“‘εasV–x‚Q’–Ϊ,2,0,0,0,0,0,0,0,0,0,0,0,0,0,0,0,0,0,0,1,0,0,1,0,0,0,0,0,0,0,0,1,1,0,0,0,0
“‘εasV–x‚R’–Ϊ,4,0,0,0,1,0,1,0,0,0,0,0,0,0,0,0,0,0,0,2,0,0,2,0,0,0,0,0,0,0,0,1,0,1,0,0,0
“‘εas‘ •~‚Q’–Ϊ,1,0,0,0,0,0,0,0,0,0,0,0,0,0,0,0,0,0,0,1,0,0,1,0,0,0,0,0,0,0,0,0,0,0,0,0,0
“‘εas‘ •~‚R’–Ϊ,9,0,0,0,1,0,1,0,0,0,0,0,0,0,0,0,0,0,0,8,0,1,3,2,0,0,0,0,0,0,2,0,0,0,0,0,0
“‘εas‚–Ψ‚P’–Ϊ,2,0,0,0,0,0,0,0,0,0,0,0,0,0,0,0,0,0,0,1,0,0,0,0,0,0,0,0,0,1,0,1,1,0,0,0,0
“‘εas‚–Ψ‚Q’–Ϊ,2,0,0,0,0,0,0,0,0,0,0,0,0,0,0,0,0,0,0,1,0,0,1,0,0,0,0,0,0,0,0,1,0,0,0,0,1
“‘εas‚–Ψ‚R’–Ϊ,2,0,0,0,0,0,0,0,0,0,0,0,0,0,0,0,0,0,0,2,0,1,0,0,0,0,0,0,0,1,0,0,0,0,0,0,0
“‘εas—§–μ‚P’–Ϊ,7,0,0,0,0,0,0,0,0,0,0,0,0,0,0,0,0,0,0,4,0,0,2,0,0,0,0,0,0,0,2,3,1,0,0,0,2
“‘εas—§–μ‚Q’–Ϊ,14,0,0,0,2,0,1,1,0,0,0,0,0,0,0,0,0,0,0,10,0,0,8,0,0,0,0,0,0,2,0,2,1,0,0,0,1
“‘εas—§–μ‚R’–Ϊ,9,0,0,0,0,0,0,0,0,0,0,0,0,0,0,0,0,0,0,8,0,0,3,0,0,0,0,0,0,5,0,1,0,0,0,0,1
“‘εas—§–μ‚S’–Ϊ,5,0,0,0,1,0,0,1,0,0,0,0,0,0,0,0,0,0,0,2,0,1,0,0,0,0,0,0,0,1,0,2,1,0,0,0,1
“‘εas‘½–€Ξ‚S’–Ϊ,1,0,0,0,0,0,0,0,0,0,0,0,0,0,0,0,0,0,0,1,0,1,0,0,0,0,0,0,0,0,0,0,0,0,0,0,0
“‘εas’†‰›‚P’–Ϊ,1,0,0,0,0,0,0,0,0,0,0,0,0,0,0,0,0,0,0,0,0,0,0,0,0,0,0,0,0,0,0,1,1,0,0,0,0
“‘εas’†‰›‚R’–Ϊ,4,0,0,0,0,0,0,0,0,0,0,0,0,0,0,0,0,0,0,1,0,0,0,0,0,0,0,0,0,0,1,3,0,0,1,0,2
“‘εas’†‰›‚S’–Ϊ,1,0,0,0,0,0,0,0,0,0,0,0,0,0,0,0,0,0,0,1,0,0,1,0,0,0,0,0,0,0,0,0,0,0,0,0,0
“‘εas’‡΄‚P’–Ϊ,1,0,0,0,0,0,0,0,0,0,0,0,0,0,0,0,0,0,0,0,0,0,0,0,0,0,0,0,0,0,0,1,1,0,0,0,0
“‘εas’‡΄‚Q’–Ϊ,2,0,0,0,0,0,0,0,0,0,0,0,0,0,0,0,0,0,0,1,0,0,1,0,0,0,0,0,0,0,0,1,1,0,0,0,0
“‘εas’‡΄‚R’–Ϊ,3,0,0,0,0,0,0,0,0,0,1,0,0,0,0,0,0,1,0,1,0,0,0,0,0,0,0,0,0,1,0,1,0,1,0,0,0
“‘εas’‡΄‚S’–Ϊ,3,0,0,0,0,0,0,0,0,0,0,0,0,0,0,0,0,0,0,3,0,0,1,0,0,0,0,0,0,2,0,0,0,0,0,0,0
“‘εas“ή—Η‹΄‚Q’–Ϊ,1,0,0,0,0,0,0,0,0,0,0,0,0,0,0,0,0,0,0,1,0,0,0,0,0,0,0,0,0,1,0,0,0,0,0,0,0
“‘εas“ή—Η‹΄‚R’–Ϊ,2,0,0,0,0,0,0,0,0,0,1,0,0,0,0,1,0,0,0,1,0,0,1,0,0,0,0,0,0,0,0,0,0,0,0,0,0
“‘εas“ή—Η‹΄‚S’–Ϊ,1,0,0,0,0,0,0,0,0,0,0,0,0,0,0,0,0,0,0,1,0,0,1,0,0,0,0,0,0,0,0,0,0,0,0,0,0
“‘εas“ή—Η‹΄‚T’–Ϊ,1,0,0,0,0,0,0,0,0,0,0,0,0,0,0,0,0,0,0,0,0,0,0,0,0,0,0,0,0,0,0,1,0,0,0,0,1
“‘εas“μX‚P’–Ϊ,2,0,0,0,0,0,0,0,0,0,0,0,0,0,0,0,0,0,0,1,0,0,0,0,0,0,0,0,0,1,0,1,1,0,0,0,0
“‘εas“μX‚Q’–Ϊ,3,0,0,0,0,0,0,0,0,0,1,0,0,0,0,0,0,0,1,2,0,0,1,1,0,0,0,0,0,0,0,0,0,0,0,0,0
“‘εas“μX‚S’–Ϊ,5,0,0,0,0,0,0,0,0,0,0,0,0,0,0,0,0,0,0,4,0,0,4,0,0,0,0,0,0,0,0,1,0,0,0,0,1
“‘εas“μX‚T’–Ϊ,6,0,0,0,0,0,0,0,0,0,0,0,0,0,0,0,0,0,0,3,0,0,3,0,0,0,0,0,0,0,0,3,0,1,0,0,2
“‘εas“μX‚U’–Ϊ,1,0,0,0,0,0,0,0,0,0,0,0,0,0,0,0,0,0,0,1,0,0,1,0,0,0,0,0,0,0,0,0,0,0,0,0,0
“‘εasό΄‚P’–Ϊ,4,0,0,0,0,0,0,0,0,0,0,0,0,0,0,0,0,0,0,2,0,0,1,0,0,0,0,0,0,0,1,2,0,1,0,0,1
“‘εasό΄‚R’–Ϊ,8,0,0,0,0,0,0,0,0,0,0,0,0,0,0,0,0,0,0,6,0,0,2,0,0,0,0,0,0,0,4,2,0,0,0,0,2
“‘εasό΄‚S’–Ϊ,6,0,0,0,0,0,0,0,0,0,0,0,0,0,0,0,0,0,0,4,0,0,3,0,0,0,0,0,0,0,1,2,2,0,0,0,0
“‘εasό΄‚T’–Ϊ,4,0,0,0,0,0,0,0,0,0,0,0,0,0,0,0,0,0,0,2,0,0,1,0,0,0,0,0,0,0,1,2,1,0,0,0,1
“‘εasό΄‚U’–Ϊ,15,0,0,0,0,0,0,0,0,0,0,0,0,0,0,0,0,0,0,9,0,0,8,1,0,0,0,0,0,0,0,6,1,0,0,0,5
“‘εasv,250,1,0,1,6,0,3,3,0,0,7,0,0,0,0,3,0,1,3,179,0,6,111,6,0,1,0,0,4,34,17,57,21,6,1,0,29
΄£s®‚ª‹u‚P’–Ϊ,2,0,0,0,1,0,1,0,0,0,0,0,0,0,0,0,0,0,0,1,0,1,0,0,0,0,0,0,0,0,0,0,0,0,0,0,0
΄£s®‚ª‹u‚Q’–Ϊ,11,0,0,0,1,0,1,0,0,0,0,0,0,0,0,0,0,0,0,7,0,2,2,0,0,0,0,0,0,0,3,3,1,0,0,0,2
΄£s®‚ª‹u‚T’–Ϊ,5,0,0,0,0,0,0,0,0,0,0,0,0,0,0,0,0,0,0,3,0,2,1,0,0,0,0,0,0,0,0,2,0,0,0,0,2
΄£s”~‰€‚P’–Ϊ,1,0,0,0,0,0,0,0,0,0,0,0,0,0,0,0,0,0,0,1,0,0,1,0,0,0,0,0,0,0,0,0,0,0,0,0,0
΄£s”~‰€‚Q’–Ϊ,1,0,0,0,1,0,0,1,0,0,0,0,0,0,0,0,0,0,0,0,0,0,0,0,0,0,0,0,0,0,0,0,0,0,0,0,0
΄£s”~‰€‚R’–Ϊ,4,0,0,0,0,0,0,0,0,0,0,0,0,0,0,0,0,0,0,4,0,0,3,0,0,0,0,0,0,0,1,0,0,0,0,0,0
΄£sγ΄Λ‚P’–Ϊ,5,0,0,0,1,0,0,0,1,0,0,0,0,0,0,0,0,0,0,3,0,0,1,0,0,0,0,0,0,0,2,1,1,0,0,0,0
΄£s‰Ίh‚P’–Ϊ,3,0,0,0,0,0,0,0,0,0,0,0,0,0,0,0,0,0,0,3,0,1,1,0,0,0,0,0,0,0,1,0,0,0,0,0,0
΄£s‰Ίh‚Q’–Ϊ,6,0,0,0,0,0,0,0,0,0,0,0,0,0,0,0,0,0,0,2,0,0,0,0,1,0,0,0,0,0,1,4,1,0,0,0,3
΄£s‰Ίh‚R’–Ϊ,6,0,0,0,0,0,0,0,0,0,0,0,0,0,0,0,0,0,0,6,0,0,0,0,5,0,0,0,0,0,1,0,0,0,0,0,0
΄£s‰Ί΄Λ‚P’–Ϊ,1,0,0,0,0,0,0,0,0,0,0,0,0,0,0,0,0,0,0,0,0,0,0,0,0,0,0,0,0,0,0,1,0,0,0,0,1
΄£s‰Ί΄Λ‚Q’–Ϊ,1,0,0,0,0,0,0,0,0,0,0,0,0,0,0,0,0,0,0,1,1,0,0,0,0,0,0,0,0,0,0,0,0,0,0,0,0
΄£s‰Ί΄Λ‚R’–Ϊ,1,0,0,0,0,0,0,0,0,0,0,0,0,0,0,0,0,0,0,0,0,0,0,0,0,0,0,0,0,0,0,1,1,0,0,0,0
΄£s‰Ί΄Λ‚S’–Ϊ,3,0,0,0,0,0,0,0,0,0,0,0,0,0,0,0,0,0,0,1,0,0,0,0,0,0,0,0,0,0,1,2,2,0,0,0,0
΄£s‰Ί΄Λ‚T’–Ϊ,1,0,0,0,0,0,0,0,0,0,0,0,0,0,0,0,0,0,0,1,0,0,1,0,0,0,0,0,0,0,0,0,0,0,0,0,0
΄£s’|‹u‚P’–Ϊ,8,0,0,0,0,0,0,0,0,0,0,0,0,0,0,0,0,0,0,5,0,0,4,0,0,0,0,0,0,0,1,3,2,1,0,0,0
΄£s’|‹u‚Q’–Ϊ,7,0,0,0,2,0,2,0,0,0,0,0,0,0,0,0,0,0,0,4,0,0,2,0,0,0,0,0,0,1,1,1,1,0,0,0,0
΄£s’|‹u‚R’–Ϊ,5,0,0,0,0,0,0,0,0,0,0,0,0,0,0,0,0,0,0,1,0,0,1,0,0,0,0,0,0,0,0,4,4,0,0,0,0
΄£s’†΄Λ‚P’–Ϊ,5,0,0,0,0,0,0,0,0,0,0,0,0,0,0,0,0,0,0,3,0,0,1,0,0,0,0,0,0,0,2,2,2,0,0,0,0
΄£s’†΄Λ‚Q’–Ϊ,2,0,0,0,0,0,0,0,0,0,0,0,0,0,0,0,0,0,0,1,0,0,1,0,0,0,0,0,0,0,0,1,1,0,0,0,0
΄£s’†΄Λ‚R’–Ϊ,4,0,0,0,0,0,0,0,0,0,0,0,0,0,0,0,0,0,0,1,0,0,1,0,0,0,0,0,0,0,0,3,0,0,0,0,3
΄£s’†΄Λ‚S’–Ϊ,3,0,0,0,0,0,0,0,0,0,0,0,0,0,0,0,0,0,0,0,0,0,0,0,0,0,0,0,0,0,0,3,1,0,0,0,2
΄£s’†΄Λ‚T’–Ϊ,6,0,0,0,2,0,2,0,0,0,1,0,0,0,0,0,0,0,1,1,0,0,0,0,0,0,0,0,0,0,1,2,1,0,0,0,1
΄£s’†—Ά‚P’–Ϊ,5,1,0,1,1,0,1,0,0,0,1,0,0,0,0,1,0,0,0,2,0,0,2,0,0,0,0,0,0,0,0,0,0,0,0,0,0
΄£s’†—Ά‚Q’–Ϊ,3,0,0,0,0,0,0,0,0,0,0,0,0,0,0,0,0,0,0,2,0,0,2,0,0,0,0,0,0,0,0,1,1,0,0,0,0
΄£s’†—Ά‚R’–Ϊ,4,0,0,0,0,0,0,0,0,0,0,0,0,0,0,0,0,0,0,1,0,0,0,1,0,0,0,0,0,0,0,3,2,0,0,0,1
΄£s’†—Ά‚S’–Ϊ,7,0,0,0,1,0,1,0,0,0,0,0,0,0,0,0,0,0,0,2,0,0,1,0,0,0,0,0,0,0,1,4,3,0,0,0,1
΄£s’†—Ά‚T’–Ϊ,10,0,0,0,0,0,0,0,0,0,1,0,0,0,0,0,1,0,0,8,0,0,1,0,0,0,0,0,0,3,4,1,1,0,0,0,0
΄£s’†—Ά‚U’–Ϊ,5,0,0,0,0,0,0,0,0,0,0,0,0,0,0,0,0,0,0,3,0,1,2,0,0,0,0,0,0,0,0,2,1,0,0,0,1
΄£s–μ‰–‚P’–Ϊ,10,0,0,0,0,0,0,0,0,0,3,0,0,0,0,0,0,0,3,6,0,0,5,0,0,0,0,0,0,0,1,1,1,0,0,0,0
΄£s–μ‰–‚Q’–Ϊ,5,1,0,1,0,0,0,0,0,0,0,0,0,0,0,0,0,0,0,3,0,0,0,2,0,0,0,0,0,0,1,1,1,0,0,0,0
΄£s–μ‰–‚R’–Ϊ,5,0,0,0,0,0,0,0,0,0,0,0,0,0,0,0,0,0,0,2,0,0,2,0,0,0,0,0,0,0,0,3,2,0,0,0,1
΄£s–μ‰–‚S’–Ϊ,5,0,0,0,0,0,0,0,0,0,0,0,0,0,0,0,0,0,0,3,0,1,0,0,0,0,0,0,0,1,1,2,2,0,0,0,0
΄£s–μ‰–‚T’–Ϊ,13,0,0,0,1,0,1,0,0,0,0,0,0,0,0,0,0,0,0,9,0,0,8,0,0,0,0,0,0,0,1,3,0,1,0,0,2
΄£sΌR‚P’–Ϊ,27,0,0,0,7,0,3,4,0,0,0,0,0,0,0,0,0,0,0,15,0,0,7,0,0,0,0,0,1,4,3,5,1,0,0,0,4
΄£sΌR‚Q’–Ϊ,6,0,0,0,1,0,0,1,0,0,0,0,0,0,0,0,0,0,0,1,0,0,1,0,0,0,0,0,0,0,0,4,4,0,0,0,0
΄£sΌR‚R’–Ϊ,4,0,0,0,0,0,0,0,0,0,0,0,0,0,0,0,0,0,0,4,0,0,2,0,0,0,0,0,0,1,1,0,0,0,0,0,0
΄£s³’¬‚P’–Ϊ,42,1,1,0,3,0,2,0,0,1,0,0,0,0,0,0,0,0,0,30,0,0,5,0,0,1,0,0,0,21,3,8,2,0,0,0,6
΄£s³’¬‚Q’–Ϊ,6,0,0,0,0,0,0,0,0,0,0,0,0,0,0,0,0,0,0,1,0,0,0,0,0,0,0,0,0,0,1,5,4,0,0,0,1
΄£sv,248,3,1,2,22,0,14,6,1,1,6,0,0,0,0,1,1,0,4,141,1,8,58,3,6,1,0,0,1,31,32,76,43,2,0,0,31
“‹v—―•Δsγ‚Μ΄‚P’–Ϊ,4,0,0,0,1,0,0,1,0,0,0,0,0,0,0,0,0,0,0,3,0,0,1,0,0,0,0,0,0,0,2,0,0,0,0,0,0
“‹v—―•Δsγ‚Μ΄‚Q’–Ϊ,14,0,0,0,1,0,1,0,0,0,0,0,0,0,0,0,0,0,0,11,0,0,1,0,0,0,0,0,0,4,6,2,0,0,0,0,2
“‹v—―•Δs‹ΰR’¬‚Q’–Ϊ,2,0,0,0,1,0,0,1,0,0,0,0,0,0,0,0,0,0,0,0,0,0,0,0,0,0,0,0,0,0,0,1,1,0,0,0,0
“‹v—―•Δsw‰€’¬‚P’–Ϊ,3,0,0,0,0,0,0,0,0,0,0,0,0,0,0,0,0,0,0,1,0,0,1,0,0,0,0,0,0,0,0,2,2,0,0,0,0
“‹v—―•Δs¬R‚P’–Ϊ,3,0,0,0,0,0,0,0,0,0,3,0,0,0,0,1,1,0,1,0,0,0,0,0,0,0,0,0,0,0,0,0,0,0,0,0,0
“‹v—―•Δs¬R‚R’–Ϊ,3,0,0,0,1,0,1,0,0,0,0,0,0,0,0,0,0,0,0,0,0,0,0,0,0,0,0,0,0,0,0,2,1,0,0,0,1
“‹v—―•Δs¬R‚S’–Ϊ,1,0,0,0,0,0,0,0,0,0,0,0,0,0,0,0,0,0,0,1,0,0,1,0,0,0,0,0,0,0,0,0,0,0,0,0,0
“‹v—―•Δs¬R‚T’–Ϊ,3,0,0,0,2,0,1,0,1,0,1,0,0,0,0,1,0,0,0,0,0,0,0,0,0,0,0,0,0,0,0,0,0,0,0,0,0
“‹v—―•ΔsK’¬‚P’–Ϊ,4,0,0,0,0,0,0,0,0,0,0,0,0,0,0,0,0,0,0,2,0,1,0,0,0,0,0,0,0,0,1,2,1,0,0,0,1
“‹v—―•ΔsK’¬‚Q’–Ϊ,3,0,0,0,0,0,0,0,0,0,1,0,0,0,0,0,0,0,1,2,0,0,0,0,0,0,0,0,0,0,2,0,0,0,0,0,0
“‹v—―•ΔsK’¬‚R’–Ϊ,2,0,0,0,1,0,0,1,0,0,0,0,0,0,0,0,0,0,0,1,0,0,0,0,0,0,0,0,0,0,1,0,0,0,0,0,0
“‹v—―•ΔsK’¬‚S’–Ϊ,4,0,0,0,0,0,0,0,0,0,0,0,0,0,0,0,0,0,0,1,0,0,1,0,0,0,0,0,0,0,0,3,3,0,0,0,0
“‹v—―•ΔsK’¬‚T’–Ϊ,5,0,0,0,0,0,0,0,0,0,0,0,0,0,0,0,0,0,0,4,0,1,1,0,0,0,0,0,0,1,1,1,0,0,0,0,1
“‹v—―•Δs‰Ί—Ά‚P’–Ϊ,5,0,0,0,0,0,0,0,0,0,0,0,0,0,0,0,0,0,0,1,0,0,1,0,0,0,0,0,0,0,0,4,2,0,0,0,2
“‹v—―•Δs‰Ί—Ά‚Q’–Ϊ,5,0,0,0,0,0,0,0,0,0,0,0,0,0,0,0,0,0,0,5,0,0,5,0,0,0,0,0,0,0,0,0,0,0,0,0,0
“‹v—―•Δs‰Ί—Ά‚R’–Ϊ,3,0,0,0,0,0,0,0,0,0,0,0,0,0,0,0,0,0,0,1,0,0,0,1,0,0,0,0,0,0,0,2,1,0,0,0,1
“‹v—―•Δs‰Ί—Ά‚S’–Ϊ,6,0,0,0,0,0,0,0,0,0,0,0,0,0,0,0,0,0,0,2,0,1,1,0,0,0,0,0,0,0,0,4,1,0,0,0,3
“‹v—―•Δs‰Ί—Ά‚T’–Ϊ,5,0,0,0,1,0,1,0,0,0,1,0,0,0,0,0,0,0,1,3,0,0,0,0,0,0,0,0,0,3,0,0,0,0,0,0,0
“‹v—―•Δs‰Ί—Ά‚U’–Ϊ,1,0,0,0,0,0,0,0,0,0,1,0,0,0,0,1,0,0,0,0,0,0,0,0,0,0,0,0,0,0,0,0,0,0,0,0,0
“‹v—―•Δs‰Ί—Ά‚V’–Ϊ,2,0,0,0,0,0,0,0,0,0,0,0,0,0,0,0,0,0,0,2,0,1,1,0,0,0,0,0,0,0,0,0,0,0,0,0,0
“‹v—―•ΔsVμ’¬‚P’–Ϊ,14,0,0,0,0,0,0,0,0,0,0,0,0,0,0,0,0,0,0,10,0,0,10,0,0,0,0,0,0,0,0,4,3,0,0,0,1
“‹v—―•ΔsVμ’¬‚Q’–Ϊ,3,0,0,0,0,0,0,0,0,0,0,0,0,0,0,0,0,0,0,2,0,0,1,0,0,0,0,0,0,0,1,1,1,0,0,0,0
“‹v—―•Δs_•σ’¬‚P’–Ϊ,1,0,0,0,0,0,0,0,0,0,0,0,0,0,0,0,0,0,0,1,0,0,0,0,0,0,0,0,0,0,1,0,0,0,0,0,0
“‹v—―•Δs_•σ’¬‚Q’–Ϊ,4,0,0,0,0,0,0,0,0,0,1,0,0,0,0,1,0,0,0,1,0,0,0,0,0,0,0,0,0,0,1,2,2,0,0,0,0
“‹v—―•ΔsσΤ’¬‚P’–Ϊ,2,0,0,0,0,0,0,0,0,0,1,0,0,0,0,1,0,0,0,1,0,0,1,0,0,0,0,0,0,0,0,0,0,0,0,0,0
“‹v—―•ΔsσΤ’¬‚R’–Ϊ,7,0,0,0,2,0,0,2,0,0,0,0,0,0,0,0,0,0,0,2,0,0,2,0,0,0,0,0,0,0,0,3,1,0,0,0,2
“‹v—―•Δs‘κR‚Q’–Ϊ,1,0,0,0,0,0,0,0,0,0,0,0,0,0,0,0,0,0,0,0,0,0,0,0,0,0,0,0,0,0,0,1,1,0,0,0,0
“‹v—―•Δs‘κR‚R’–Ϊ,5,0,0,0,0,0,0,0,0,0,1,0,0,0,0,0,0,0,1,2,0,0,0,0,0,0,0,0,0,0,2,2,0,0,0,0,2
“‹v—―•Δs‘κR‚S’–Ϊ,7,0,0,0,0,0,0,0,0,0,0,0,0,0,0,0,0,0,0,6,0,0,3,0,0,0,0,0,0,1,2,1,0,1,0,0,0
“‹v—―•Δs‘κR‚T’–Ϊ,2,0,0,0,0,0,0,0,0,0,0,0,0,0,0,0,0,0,0,2,0,0,2,0,0,0,0,0,0,0,0,0,0,0,0,0,0
“‹v—―•Δs‘κR‚U’–Ϊ,10,0,0,0,0,0,0,0,0,0,0,0,0,0,0,0,0,0,0,6,0,1,3,0,0,0,0,0,0,0,2,4,2,1,0,0,1
“‹v—―•Δs‘κR‚V’–Ϊ,3,0,0,0,0,0,0,0,0,0,0,0,0,0,0,0,0,0,0,0,0,0,0,0,0,0,0,0,0,0,0,3,0,1,0,0,2
“‹v—―•Δs‘ε–ε’¬‚P’–Ϊ,2,0,0,0,0,0,0,0,0,0,0,0,0,0,0,0,0,0,0,2,0,0,1,0,1,0,0,0,0,0,0,0,0,0,0,0,0
“‹v—―•Δs‘ε–ε’¬‚Q’–Ϊ,5,0,0,0,0,0,0,0,0,0,0,0,0,0,0,0,0,0,0,2,0,0,1,0,0,0,0,0,0,1,0,3,1,1,0,0,1
“‹v—―•Δs’†‰›’¬‚P’–Ϊ,2,0,0,0,0,0,0,0,0,0,0,0,0,0,0,0,0,0,0,1,0,0,1,0,0,0,0,0,0,0,0,1,0,0,0,0,1
“‹v—―•Δs’†‰›’¬‚Q’–Ϊ,3,0,0,0,1,0,0,1,0,0,0,0,0,0,0,0,0,0,0,2,0,0,1,0,0,1,0,0,0,0,0,0,0,0,0,0,0
“‹v—―•Δs’†‰›’¬‚R’–Ϊ,5,0,0,0,0,0,0,0,0,0,0,0,0,0,0,0,0,0,0,0,0,0,0,0,0,0,0,0,0,0,0,5,2,0,0,0,3
“‹v—―•Δs’†‰›’¬‚S’–Ϊ,1,0,0,0,0,0,0,0,0,0,0,0,0,0,0,0,0,0,0,1,0,0,0,0,0,0,0,0,0,0,1,0,0,0,0,0,0
“‹v—―•Δs’†‰›’¬‚T’–Ϊ,1,0,0,0,0,0,0,0,0,0,0,0,0,0,0,0,0,0,0,1,0,0,0,1,0,0,0,0,0,0,0,0,0,0,0,0,0
“‹v—―•Δs’†‰›’¬‚U’–Ϊ,2,0,0,0,0,0,0,0,0,0,1,0,0,0,0,1,0,0,0,1,0,0,1,0,0,0,0,0,0,0,0,0,0,0,0,0,0
“‹v—―•Δs–μ‰Ξ~‚P’–Ϊ,5,0,0,0,0,0,0,0,0,0,0,0,0,0,0,0,0,0,0,5,0,0,4,0,0,0,0,0,0,1,0,0,0,0,0,0,0
“‹v—―•Δs–μ‰Ξ~‚Q’–Ϊ,2,0,0,0,0,0,0,0,0,0,0,0,0,0,0,0,0,0,0,1,0,0,1,0,0,0,0,0,0,0,0,1,0,0,0,0,1
“‹v—―•Δs–μ‰Ξ~‚R’–Ϊ,1,0,0,0,0,0,0,0,0,0,0,0,0,0,0,0,0,0,0,1,0,1,0,0,0,0,0,0,0,0,0,0,0,0,0,0,0
“‹v—―•Δs”ª”¦’¬‚P’–Ϊ,5,0,0,0,0,0,0,0,0,0,0,0,0,0,0,0,0,0,0,3,0,0,0,0,0,0,0,0,0,3,0,2,0,0,0,0,2
“‹v—―•Δs”ª”¦’¬‚Q’–Ϊ,2,0,0,0,0,0,0,0,0,0,0,0,0,0,0,0,0,0,0,2,0,0,0,1,0,0,0,0,0,0,1,0,0,0,0,0,0
“‹v—―•Δs”ª”¦’¬‚R’–Ϊ,3,0,0,0,0,0,0,0,0,0,0,0,0,0,0,0,0,0,0,3,0,0,2,0,0,0,0,0,0,1,0,0,0,0,0,0,0
“‹v—―•Δs•Xμ‘δ‚P’–Ϊ,5,0,0,0,0,0,0,0,0,0,1,0,0,0,0,0,0,0,1,4,0,0,2,0,1,0,0,0,0,0,1,0,0,0,0,0,0
“‹v—―•Δs•Xμ‘δ‚Q’–Ϊ,4,0,0,0,0,0,0,0,0,0,1,0,0,0,0,1,0,0,0,1,0,0,1,0,0,0,0,0,0,0,0,2,0,0,0,0,2
“‹v—―•Δs“–{’¬,12,0,0,0,2,0,2,0,0,0,0,0,0,0,0,0,0,0,0,6,0,0,5,0,0,0,0,0,0,1,0,4,0,0,0,0,4
“‹v—―•Δs‚Π‚Ξ‚θ‚ª‹u’c’n,2,0,0,0,0,0,0,0,0,0,0,0,0,0,0,0,0,0,0,2,0,0,2,0,0,0,0,0,0,0,0,0,0,0,0,0,0
“‹v—―•Δs–{’¬‚P’–Ϊ,16,0,0,0,0,0,0,0,0,0,0,0,0,0,0,0,0,0,0,12,0,0,8,0,0,0,0,0,0,2,2,4,0,1,0,0,3
“‹v—―•Δs–{’¬‚Q’–Ϊ,7,0,0,0,0,0,0,0,0,0,1,0,0,0,0,1,0,0,0,2,0,0,1,0,0,0,0,0,0,0,1,4,0,0,0,0,4
“‹v—―•Δs–{’¬‚R’–Ϊ,28,1,1,0,0,0,0,0,0,0,0,0,0,0,0,0,0,0,0,26,0,1,12,1,0,0,0,0,0,10,2,1,0,0,0,0,1
“‹v—―•Δs–{’¬‚S’–Ϊ,4,0,0,0,0,0,0,0,0,0,0,0,0,0,0,0,0,0,0,2,0,0,2,0,0,0,0,0,0,0,0,2,2,0,0,0,0
“‹v—―•Δs‘O‘ς‚P’–Ϊ,5,0,0,0,0,0,0,0,0,0,0,0,0,0,0,0,0,0,0,4,0,0,3,0,0,0,0,0,0,0,1,1,0,0,0,0,1
“‹v—―•Δs‘O‘ς‚Q’–Ϊ,2,0,0,0,0,0,0,0,0,0,0,0,0,0,0,0,0,0,0,2,0,0,2,0,0,0,0,0,0,0,0,0,0,0,0,0,0
“‹v—―•Δs‘O‘ς‚R’–Ϊ,2,0,0,0,0,0,0,0,0,0,0,0,0,0,0,0,0,0,0,1,0,0,0,0,0,0,0,0,0,1,0,1,1,0,0,0,0
“‹v—―•Δs‘O‘ς‚S’–Ϊ,5,0,0,0,1,0,1,0,0,0,0,0,0,0,0,0,0,0,0,3,0,0,2,0,0,0,0,0,0,0,1,1,1,0,0,0,0
“‹v—―•Δs‘O‘ς‚T’–Ϊ,9,0,0,0,0,0,0,0,0,0,0,0,0,0,0,0,0,0,0,7,0,0,3,0,0,0,0,0,0,3,1,2,1,0,0,0,1
“‹v—―•Δs“μ‘ς‚P’–Ϊ,2,0,0,0,0,0,0,0,0,0,0,0,0,0,0,0,0,0,0,0,0,0,0,0,0,0,0,0,0,0,0,2,0,0,0,0,2
“‹v—―•Δs“μ‘ς‚Q’–Ϊ,1,0,0,0,0,0,0,0,0,0,0,0,0,0,0,0,0,0,0,1,0,0,1,0,0,0,0,0,0,0,0,0,0,0,0,0,0
“‹v—―•Δs“μ‘ς‚R’–Ϊ,2,0,0,0,0,0,0,0,0,0,0,0,0,0,0,0,0,0,0,0,0,0,0,0,0,0,0,0,0,0,0,2,0,0,0,0,2
“‹v—―•Δs“μ‘ς‚S’–Ϊ,1,0,0,0,0,0,0,0,0,0,0,0,0,0,0,0,0,0,0,0,0,0,0,0,0,0,0,0,0,0,0,1,0,0,0,0,1
“‹v—―•Δs“μ‘ς‚T’–Ϊ,36,0,0,0,1,0,0,1,0,0,0,0,0,0,0,0,0,0,0,32,0,0,17,0,0,0,0,0,0,9,6,3,3,0,0,0,0
“‹v—―•Δs“μ’¬‚P’–Ϊ,4,0,0,0,0,0,0,0,0,0,0,0,0,0,0,0,0,0,0,3,0,0,2,0,0,0,0,0,0,1,0,1,0,0,0,0,1
“‹v—―•Δs“μ’¬‚Q’–Ϊ,2,0,0,0,0,0,0,0,0,0,1,0,0,0,1,0,0,0,0,1,0,0,1,0,0,0,0,0,0,0,0,0,0,0,0,0,0
“‹v—―•Δs“μ’¬‚R’–Ϊ,2,0,0,0,0,0,0,0,0,0,0,0,0,0,0,0,0,0,0,2,0,0,1,0,0,0,0,0,0,0,1,0,0,0,0,0,0
“‹v—―•Δs“μ’¬‚S’–Ϊ,3,0,0,0,0,0,0,0,0,0,0,0,0,0,0,0,0,0,0,3,0,0,1,1,0,0,0,0,0,0,1,0,0,0,0,0,0
“‹v—―•Δs–φE‚P’–Ϊ,2,0,0,0,1,0,1,0,0,0,0,0,0,0,0,0,0,0,0,1,0,0,1,0,0,0,0,0,0,0,0,0,0,0,0,0,0
“‹v—―•Δs–φE‚Q’–Ϊ,4,0,0,0,0,0,0,0,0,0,0,0,0,0,0,0,0,0,0,3,0,0,3,0,0,0,0,0,0,0,0,1,1,0,0,0,0
“‹v—―•Δs–φE‚S’–Ϊ,3,0,0,0,0,0,0,0,0,0,0,0,0,0,0,0,0,0,0,1,0,0,1,0,0,0,0,0,0,0,0,2,2,0,0,0,0
“‹v—―•Δs–φE‚T’–Ϊ,1,0,0,0,0,0,0,0,0,0,0,0,0,0,0,0,0,0,0,0,0,0,0,0,0,0,0,0,0,0,0,1,1,0,0,0,0
“‹v—―•Δs–ν¶‚P’–Ϊ,3,0,0,0,0,0,0,0,0,0,0,0,0,0,0,0,0,0,0,1,0,0,0,0,0,0,0,0,0,1,0,2,1,0,0,0,1
“‹v—―•Δsv,343,1,1,0,16,0,8,7,1,0,15,0,0,0,1,8,1,0,5,218,0,7,119,5,2,1,0,0,0,43,41,93,38,5,0,0,50
•‘ ‘ΊRsΙ“ή•½‚P’–Ϊ,1,0,0,0,0,0,0,0,0,0,0,0,0,0,0,0,0,0,0,1,0,0,0,0,0,0,0,0,0,0,1,0,0,0,0,0,0
•‘ ‘ΊRsΙ“ή•½‚Q’–Ϊ,6,0,0,0,0,0,0,0,0,0,0,0,0,0,0,0,0,0,0,6,0,0,2,0,0,0,0,0,0,3,1,0,0,0,0,0,0
•‘ ‘ΊRsΙ“ή•½‚R’–Ϊ,7,0,0,0,0,0,0,0,0,0,0,0,0,0,0,0,0,0,0,6,0,0,5,0,0,0,0,0,0,1,0,1,0,0,0,0,1
•‘ ‘ΊRsΙ“ή•½‚S’–Ϊ,1,0,0,0,0,0,0,0,0,0,0,0,0,0,0,0,0,0,0,1,0,0,1,0,0,0,0,0,0,0,0,0,0,0,0,0,0
•‘ ‘ΊRsΙ“ή•½‚T’–Ϊ,3,0,0,0,0,0,0,0,0,0,1,0,0,0,0,1,0,0,0,0,0,0,0,0,0,0,0,0,0,0,0,2,2,0,0,0,0
•‘ ‘ΊRs‰|‚P’–Ϊ,53,0,0,0,1,0,1,0,0,0,0,0,0,0,0,0,0,0,0,51,0,1,26,1,0,1,0,0,2,15,5,1,0,0,0,0,1
•‘ ‘ΊRs‰|‚R’–Ϊ,9,0,0,0,1,0,0,1,0,0,0,0,0,0,0,0,0,0,0,7,1,1,0,0,0,0,0,0,0,4,1,1,1,0,0,0,0
•‘ ‘ΊRs‘ε“μ‚P’–Ϊ,5,0,0,0,0,0,0,0,0,0,0,0,0,0,0,0,0,0,0,4,0,0,2,1,0,0,1,0,0,0,0,1,1,0,0,0,0
•‘ ‘ΊRs‘ε“μ‚Q’–Ϊ,7,0,0,0,0,0,0,0,0,0,0,0,0,0,0,0,0,0,0,5,0,0,2,1,0,0,0,0,0,1,1,2,1,0,0,0,1
•‘ ‘ΊRs‘ε“μ‚R’–Ϊ,7,0,0,0,1,0,1,0,0,0,0,0,0,0,0,0,0,0,0,5,0,0,2,1,0,0,0,0,0,0,2,1,0,0,0,0,1
•‘ ‘ΊRs‘ε“μ‚S’–Ϊ,4,0,0,0,0,0,0,0,0,0,0,0,0,0,0,0,0,0,0,4,0,1,1,1,0,0,0,0,0,0,1,0,0,0,0,0,0
•‘ ‘ΊRs‘ε“μ‚T’–Ϊ,3,0,0,0,1,0,0,1,0,0,0,0,0,0,0,0,0,0,0,2,0,0,2,0,0,0,0,0,0,0,0,0,0,0,0,0,0
•‘ ‘ΊRsw‰€‚P’–Ϊ,6,0,0,0,0,0,0,0,0,0,0,0,0,0,0,0,0,0,0,3,0,0,1,0,0,0,0,0,0,1,1,3,0,0,0,0,3
•‘ ‘ΊRsw‰€‚Q’–Ϊ,3,0,0,0,0,0,0,0,0,0,0,0,0,0,0,0,0,0,0,2,0,0,2,0,0,0,0,0,0,0,0,1,1,0,0,0,0
•‘ ‘ΊRsw‰€‚R’–Ϊ,8,0,0,0,4,0,2,1,1,0,0,0,0,0,0,0,0,0,0,2,0,0,0,0,0,0,0,0,0,2,0,2,0,0,0,0,2
•‘ ‘ΊRsw‰€‚S’–Ϊ,1,0,0,0,0,0,0,0,0,0,0,0,0,0,0,0,0,0,0,1,0,0,1,0,0,0,0,0,0,0,0,0,0,0,0,0,0
•‘ ‘ΊRsw‰€‚T’–Ϊ,1,0,0,0,0,0,0,0,0,0,0,0,0,0,0,0,0,0,0,1,0,0,0,0,0,0,0,0,0,0,1,0,0,0,0,0,0
•‘ ‘ΊRsc–x‚P’–Ϊ,2,0,0,0,0,0,0,0,0,0,0,0,0,0,0,0,0,0,0,1,0,0,0,0,0,0,0,0,0,0,1,1,0,0,0,0,1
•‘ ‘ΊRsc–x‚Q’–Ϊ,3,0,0,0,0,0,0,0,0,0,0,0,0,0,0,0,0,0,0,1,0,0,0,0,0,0,0,0,0,1,0,2,1,0,0,0,1
•‘ ‘ΊRsc–x‚S’–Ϊ,3,0,0,0,1,0,0,0,0,1,0,0,0,0,0,0,0,0,0,2,0,0,1,0,0,0,0,0,0,0,1,0,0,0,0,0,0
•‘ ‘ΊRsc–x‚T’–Ϊ,4,0,0,0,0,0,0,0,0,0,2,0,0,2,0,0,0,0,0,1,0,0,0,0,0,0,0,0,0,0,1,1,0,0,0,0,1
•‘ ‘ΊRsOƒc“΅‚P’–Ϊ,4,0,0,0,0,0,0,0,0,0,0,0,0,0,0,0,0,0,0,4,0,0,3,0,0,0,0,0,0,1,0,0,0,0,0,0,0
•‘ ‘ΊRsOƒc“΅‚Q’–Ϊ,2,0,0,0,0,0,0,0,0,0,0,0,0,0,0,0,0,0,0,2,0,0,1,0,0,0,0,0,0,0,1,0,0,0,0,0,0
•‘ ‘ΊRsOƒc“΅‚R’–Ϊ,3,0,0,0,0,0,0,0,0,0,0,0,0,0,0,0,0,0,0,3,0,1,2,0,0,0,0,0,0,0,0,0,0,0,0,0,0
•‘ ‘ΊRs_–Ύ‚P’–Ϊ,4,0,0,0,0,0,0,0,0,0,0,0,0,0,0,0,0,0,0,3,0,0,0,0,0,0,0,0,0,3,0,1,0,0,0,0,1
•‘ ‘ΊRs_–Ύ‚Q’–Ϊ,4,1,0,1,0,0,0,0,0,0,0,0,0,0,0,0,0,0,0,1,0,0,1,0,0,0,0,0,0,0,0,2,1,0,0,0,1
•‘ ‘ΊRs_–Ύ‚S’–Ϊ,1,0,0,0,0,0,0,0,0,0,0,0,0,0,0,0,0,0,0,1,0,0,0,0,0,0,0,0,0,0,1,0,0,0,0,0,0
•‘ ‘ΊRs’†“΅‚S’–Ϊ,1,0,0,0,0,0,0,0,0,0,1,0,0,0,0,0,0,0,1,0,0,0,0,0,0,0,0,0,0,0,0,0,0,0,0,0,0
•‘ ‘ΊRs’†‰›‚Q’–Ϊ,2,0,0,0,0,0,0,0,0,0,0,0,0,0,0,0,0,0,0,1,0,0,1,0,0,0,0,0,0,0,0,1,1,0,0,0,0
•‘ ‘ΊRs’†‰›‚R’–Ϊ,1,0,0,0,1,0,1,0,0,0,0,0,0,0,0,0,0,0,0,0,0,0,0,0,0,0,0,0,0,0,0,0,0,0,0,0,0
•‘ ‘ΊRs’†‰›‚S’–Ϊ,1,0,0,0,0,0,0,0,0,0,0,0,0,0,0,0,0,0,0,1,0,0,0,1,0,0,0,0,0,0,0,0,0,0,0,0,0
•‘ ‘ΊRs–{’¬‚P’–Ϊ,4,0,0,0,1,0,0,0,0,1,0,0,0,0,0,0,0,0,0,3,0,0,2,0,0,0,0,0,0,0,1,0,0,0,0,0,0
•‘ ‘ΊRs–{’¬‚Q’–Ϊ,5,0,0,0,1,0,0,1,0,0,0,0,0,0,0,0,0,0,0,3,0,0,2,0,0,0,0,0,0,0,1,1,1,0,0,0,0
•‘ ‘ΊRs–{’¬‚R’–Ϊ,3,1,1,0,1,0,1,0,0,0,0,0,0,0,0,0,0,0,0,0,0,0,0,0,0,0,0,0,0,0,0,1,1,0,0,0,0
•‘ ‘ΊRs–{’¬‚S’–Ϊ,1,0,0,0,0,0,0,0,0,0,0,0,0,0,0,0,0,0,0,1,0,0,1,0,0,0,0,0,0,0,0,0,0,0,0,0,0
•‘ ‘ΊRs–{’¬‚U’–Ϊ,1,0,0,0,0,0,0,0,0,0,0,0,0,0,0,0,0,0,0,1,0,0,1,0,0,0,0,0,0,0,0,0,0,0,0,0,0
•‘ ‘ΊRs—Ξ‚ª‹u,42,1,1,0,5,0,2,2,0,1,0,0,0,0,0,0,0,0,0,21,0,2,13,1,0,0,0,0,1,0,4,15,1,0,0,0,14
•‘ ‘ΊRsOƒc–Ψ‚P’–Ϊ,10,1,0,1,0,0,0,0,0,0,0,0,0,0,0,0,0,0,0,4,0,0,3,0,0,0,0,0,0,0,1,5,2,0,2,0,1
•‘ ‘ΊRsOƒc–Ψ‚Q’–Ϊ,3,0,0,0,0,0,0,0,0,0,0,0,0,0,0,0,0,0,0,2,0,0,2,0,0,0,0,0,0,0,0,1,0,0,0,0,1
•‘ ‘ΊRsOƒc–Ψ‚R’–Ϊ,1,0,0,0,0,0,0,0,0,0,0,0,0,0,0,0,0,0,0,0,0,0,0,0,0,0,0,0,0,0,0,1,1,0,0,0,0
•‘ ‘ΊRsOƒc–Ψ‚T’–Ϊ,2,0,0,0,1,0,1,0,0,0,0,0,0,0,0,0,0,0,0,1,0,1,0,0,0,0,0,0,0,0,0,0,0,0,0,0,0
•‘ ‘ΊRsέ‚P’–Ϊ,2,0,0,0,0,0,0,0,0,0,0,0,0,0,0,0,0,0,0,0,0,0,0,0,0,0,0,0,0,0,0,2,1,0,0,0,1
•‘ ‘ΊRsέ‚R’–Ϊ,1,0,0,0,1,0,1,0,0,0,0,0,0,0,0,0,0,0,0,0,0,0,0,0,0,0,0,0,0,0,0,0,0,0,0,0,0
•‘ ‘ΊRs’†΄‚P’–Ϊ,3,0,0,0,2,0,1,1,0,0,0,0,0,0,0,0,0,0,0,1,0,0,0,0,0,0,0,0,0,1,0,0,0,0,0,0,0
•‘ ‘ΊRs’†΄‚Q’–Ϊ,4,0,0,0,1,0,0,1,0,0,0,0,0,0,0,0,0,0,0,2,1,0,1,0,0,0,0,0,0,0,0,1,1,0,0,0,0
•‘ ‘ΊRs’†΄‚R’–Ϊ,2,0,0,0,0,0,0,0,0,0,0,0,0,0,0,0,0,0,0,1,0,0,1,0,0,0,0,0,0,0,0,1,0,0,0,0,1
•‘ ‘ΊRs’†΄‚S’–Ϊ,1,0,0,0,0,0,0,0,0,0,0,0,0,0,0,0,0,0,0,1,0,0,1,0,0,0,0,0,0,0,0,0,0,0,0,0,0
•‘ ‘ΊRsv,245,4,2,2,23,0,11,8,1,3,4,0,0,2,0,1,0,0,1,163,2,7,83,7,0,1,1,0,3,33,26,51,17,0,2,0,32
‘½–€s¤“†‚P’–Ϊ,6,0,0,0,0,0,0,0,0,0,0,0,0,0,0,0,0,0,0,2,0,1,0,0,0,0,0,0,0,0,1,4,4,0,0,0,0
‘½–€s¤“†‚R’–Ϊ,5,0,0,0,2,0,2,0,0,0,0,0,0,0,0,0,0,0,0,1,0,0,1,0,0,0,0,0,0,0,0,2,1,0,0,0,1
‘½–€s¤“†‚S’–Ϊ,10,0,0,0,1,0,0,1,0,0,0,0,0,0,0,0,0,0,0,4,0,0,1,0,0,0,0,0,0,2,1,5,4,0,0,0,1
‘½–€sκƒm‹{‚P’–Ϊ,2,0,0,0,1,0,1,0,0,0,0,0,0,0,0,0,0,0,0,1,0,0,1,0,0,0,0,0,0,0,0,0,0,0,0,0,0
‘½–€sκƒm‹{‚Q’–Ϊ,8,0,0,0,0,0,0,0,0,0,0,0,0,0,0,0,0,0,0,4,0,0,2,0,0,0,0,0,0,0,2,4,1,1,0,0,2
‘½–€sκƒm‹{‚R’–Ϊ,3,0,0,0,0,0,0,0,0,0,0,0,0,0,0,0,0,0,0,2,0,1,1,0,0,0,0,0,0,0,0,1,0,0,0,0,1
‘½–€s—‡‚P’–Ϊ,103,1,0,1,4,0,2,1,0,1,0,0,0,0,0,0,0,0,0,65,0,4,12,2,0,0,0,0,1,24,22,33,11,0,1,0,21
‘½–€s—‡‚Q’–Ϊ,8,1,0,1,0,0,0,0,0,0,0,0,0,0,0,0,0,0,0,4,0,0,1,0,0,0,0,0,0,1,2,3,3,0,0,0,0
‘½–€s—‡‚R’–Ϊ,11,0,0,0,1,0,1,0,0,0,0,0,0,0,0,0,0,0,0,6,0,1,0,0,0,0,0,0,0,2,3,4,4,0,0,0,0
‘½–€s—‡‚S’–Ϊ,5,0,0,0,2,0,1,1,0,0,0,0,0,0,0,0,0,0,0,1,0,0,0,0,0,0,0,0,0,0,1,2,1,0,0,0,1
‘½–€s—‡‚T’–Ϊ,13,0,0,0,0,0,0,0,0,0,0,0,0,0,0,0,0,0,0,2,0,0,1,1,0,0,0,0,0,0,0,11,2,0,0,0,9
‘½–€s—‡‚U’–Ϊ,2,0,0,0,0,0,0,0,0,0,0,0,0,0,0,0,0,0,0,0,0,0,0,0,0,0,0,0,0,0,0,2,0,0,0,0,2
‘½–€s—μ,4,0,0,0,1,0,1,0,0,0,0,0,0,0,0,0,0,0,0,1,0,0,1,0,0,0,0,0,0,0,0,2,1,0,0,0,1
‘½–€sLζ,4,0,0,0,1,0,1,0,0,0,0,0,0,0,0,0,0,0,0,0,0,0,0,0,0,0,0,0,0,0,0,3,2,0,0,0,1
‘½–€sLζ‚P’–Ϊ,20,0,0,0,1,0,1,0,0,0,0,0,0,0,0,0,0,0,0,16,0,0,0,0,0,0,0,0,0,16,0,3,1,0,0,0,2
‘½–€sLζ‚Q’–Ϊ,9,0,0,0,2,0,2,0,0,0,0,0,0,0,0,0,0,0,0,2,0,0,2,0,0,0,0,0,0,0,0,5,1,0,0,0,4
‘½–€sLζ‚R’–Ϊ,6,0,0,0,1,0,0,1,0,0,0,0,0,0,0,0,0,0,0,2,0,0,1,0,0,0,0,0,0,0,1,3,1,0,0,0,2
‘½–€sLζ‚S’–Ϊ,4,0,0,0,0,0,0,0,0,0,0,0,0,0,0,0,0,0,0,3,0,1,2,0,0,0,0,0,0,0,0,1,1,0,0,0,0
‘½–€sLζ‚T’–Ϊ,4,0,0,0,0,0,0,0,0,0,0,0,0,0,0,0,0,0,0,2,0,0,2,0,0,0,0,0,0,0,0,2,2,0,0,0,0
‘½–€sξ“c,11,0,0,0,1,0,0,1,0,0,0,0,0,0,0,0,0,0,0,6,0,0,5,0,0,0,0,0,0,1,0,4,2,0,0,0,2
‘½–€sχƒ–‹u‚P’–Ϊ,5,0,0,0,0,0,0,0,0,0,0,0,0,0,0,0,0,0,0,3,0,1,0,0,0,0,0,0,0,0,2,2,2,0,0,0,0
‘½–€sχƒ–‹u‚Q’–Ϊ,2,0,0,0,0,0,0,0,0,0,0,0,0,0,0,0,0,0,0,1,0,0,1,0,0,0,0,0,0,0,0,1,1,0,0,0,0
‘½–€sχƒ–‹u‚R’–Ϊ,1,0,0,0,0,0,0,0,0,0,0,0,0,0,0,0,0,0,0,0,0,0,0,0,0,0,0,0,0,0,0,1,1,0,0,0,0
‘½–€sz–K‚P’–Ϊ,7,0,0,0,0,0,0,0,0,0,0,0,0,0,0,0,0,0,0,0,0,0,0,0,0,0,0,0,0,0,0,7,6,0,0,0,1
‘½–€sz–K‚Q’–Ϊ,3,0,0,0,1,0,0,0,1,0,0,0,0,0,0,0,0,0,0,1,0,0,0,0,0,0,0,0,0,0,1,1,1,0,0,0,0
‘½–€sz–K‚S’–Ϊ,2,0,0,0,0,0,0,0,0,0,0,0,0,0,0,0,0,0,0,0,0,0,0,0,0,0,0,0,0,0,0,2,2,0,0,0,0
‘½–€sz–K‚T’–Ϊ,1,0,0,0,0,0,0,0,0,0,0,0,0,0,0,0,0,0,0,0,0,0,0,0,0,0,0,0,0,0,0,1,1,0,0,0,0
‘½–€sz–K‚U’–Ϊ,1,0,0,0,0,0,0,0,0,0,0,0,0,0,0,0,0,0,0,1,0,0,0,0,0,0,0,0,0,0,1,0,0,0,0,0,0
‘½–€sΦΛ‚P’–Ϊ,48,0,0,0,3,0,1,2,0,0,0,0,0,0,0,0,0,0,0,36,0,1,2,2,0,0,0,0,0,30,1,9,3,1,1,0,4
‘½–€sΦΛ‚Q’–Ϊ,8,0,0,0,3,0,2,1,0,0,0,0,0,0,0,0,0,0,0,3,0,0,1,0,0,0,0,0,0,1,1,2,1,1,0,0,0
‘½–€sΦΛ‚R’–Ϊ,2,0,0,0,1,0,0,0,1,0,0,0,0,0,0,0,0,0,0,0,0,0,0,0,0,0,0,0,0,0,0,1,1,0,0,0,0
‘½–€sΦΛ‚S’–Ϊ,6,0,0,0,0,0,0,0,0,0,0,0,0,0,0,0,0,0,0,5,0,1,1,1,0,0,0,0,0,1,1,1,1,0,0,0,0
‘½–€sΦΛ‚T’–Ϊ,1,0,0,0,0,0,0,0,0,0,0,0,0,0,0,0,0,0,0,0,0,0,0,0,0,0,0,0,0,0,0,1,1,0,0,0,0
‘½–€sΦΛ‚U’–Ϊ,3,0,0,0,0,0,0,0,0,0,0,0,0,0,0,0,0,0,0,2,0,0,1,0,0,0,0,0,0,0,1,1,0,0,0,0,1
‘½–€s’ί–q‚P’–Ϊ,11,0,0,0,1,0,1,0,0,0,0,0,0,0,0,0,0,0,0,9,0,1,2,2,0,0,0,0,0,0,4,1,0,0,0,0,1
‘½–€s’ί–q‚Q’–Ϊ,6,0,0,0,0,0,0,0,0,0,0,0,0,0,0,0,0,0,0,0,0,0,0,0,0,0,0,0,0,0,0,6,3,1,0,0,2
‘½–€s’ί–q‚R’–Ϊ,3,0,0,0,0,0,0,0,0,0,0,0,0,0,0,0,0,0,0,0,0,0,0,0,0,0,0,0,0,0,0,3,3,0,0,0,0
‘½–€s’ί–q‚S’–Ϊ,2,0,0,0,0,0,0,0,0,0,0,0,0,0,0,0,0,0,0,1,0,1,0,0,0,0,0,0,0,0,0,1,0,0,0,0,1
‘½–€s’ί–q‚T’–Ϊ,1,0,0,0,0,0,0,0,0,0,0,0,0,0,0,0,0,0,0,0,0,0,0,0,0,0,0,0,0,0,0,1,1,0,0,0,0
‘½–€s’ί–q‚U’–Ϊ,3,0,0,0,1,0,0,1,0,0,0,0,0,0,0,0,0,0,0,1,0,1,0,0,0,0,0,0,0,0,0,1,1,0,0,0,0
‘½–€s–Lƒ–‹u‚P’–Ϊ,2,0,0,0,0,0,0,0,0,0,0,0,0,0,0,0,0,0,0,0,0,0,0,0,0,0,0,0,0,0,0,2,2,0,0,0,0
‘½–€s–Lƒ–‹u‚Q’–Ϊ,3,0,0,0,0,0,0,0,0,0,0,0,0,0,0,0,0,0,0,3,0,0,2,0,0,0,0,0,0,0,1,0,0,0,0,0,0
‘½–€s–Lƒ–‹u‚R’–Ϊ,3,0,0,0,0,0,0,0,0,0,0,0,0,0,0,0,0,0,0,1,0,0,1,0,0,0,0,0,0,0,0,2,0,0,0,0,2
‘½–€s–Lƒ–‹u‚S’–Ϊ,1,0,0,0,0,0,0,0,0,0,0,0,0,0,0,0,0,0,0,0,0,0,0,0,0,0,0,0,0,0,0,1,1,0,0,0,0
‘½–€s–Lƒ–‹u‚U’–Ϊ,1,0,0,0,0,0,0,0,0,0,0,0,0,0,0,0,0,0,0,0,0,0,0,0,0,0,0,0,0,0,0,1,1,0,0,0,0
‘½–€s‰iR‚P’–Ϊ,38,0,0,0,3,0,1,0,2,0,0,0,0,0,0,0,0,0,0,27,0,3,11,0,0,0,0,0,0,10,3,8,2,1,0,0,5
‘½–€s‰iR‚Q’–Ϊ,3,0,0,0,1,0,1,0,0,0,0,0,0,0,0,0,0,0,0,2,0,0,1,0,0,0,0,0,0,1,0,0,0,0,0,0,0
‘½–€s‰iR‚R’–Ϊ,8,0,0,0,1,0,0,0,0,1,1,0,0,0,0,1,0,0,0,2,0,0,1,0,0,0,0,0,0,0,1,4,2,0,0,0,2
‘½–€s‰iR‚S’–Ϊ,2,0,0,0,0,0,0,0,0,0,0,0,0,0,0,0,0,0,0,1,0,0,1,0,0,0,0,0,0,0,0,1,1,0,0,0,0
‘½–€s‰iR‚T’–Ϊ,1,0,0,0,1,0,0,1,0,0,0,0,0,0,0,0,0,0,0,0,0,0,0,0,0,0,0,0,0,0,0,0,0,0,0,0,0
‘½–€s‰iR‚U’–Ϊ,5,0,0,0,2,0,1,1,0,0,0,0,0,0,0,0,0,0,0,1,0,0,1,0,0,0,0,0,0,0,0,2,2,0,0,0,0
‘½–€s‰iR‚V’–Ϊ,2,0,0,0,0,0,0,0,0,0,0,0,0,0,0,0,0,0,0,1,0,0,1,0,0,0,0,0,0,0,0,1,0,0,0,0,1
‘½–€s“›•ϋ,3,0,0,0,0,0,0,0,0,0,0,0,0,0,0,0,0,0,0,3,0,0,1,0,0,0,0,0,0,2,0,0,0,0,0,0,0
‘½–€sΉƒ–‹u‚P’–Ϊ,3,0,0,0,0,0,0,0,0,0,0,0,0,0,0,0,0,0,0,1,0,0,0,0,0,0,0,0,0,0,1,2,1,0,0,0,1
‘½–€sΉƒ–‹u‚Q’–Ϊ,7,0,0,0,0,0,0,0,0,0,1,0,0,0,0,1,0,0,0,0,0,0,0,0,0,0,0,0,0,0,0,6,3,0,0,0,3
‘½–€sΉƒ–‹u‚R’–Ϊ,2,0,0,0,0,0,0,0,0,0,0,0,0,0,0,0,0,0,0,2,0,1,0,0,0,0,0,0,0,0,1,0,0,0,0,0,0
‘½–€sΉƒ–‹u‚S’–Ϊ,6,0,0,0,0,0,0,0,0,0,0,0,0,0,0,0,0,0,0,4,0,0,0,0,0,0,0,0,0,0,4,2,2,0,0,0,0
‘½–€s“μ–μ‚Q’–Ϊ,2,0,0,0,0,0,0,0,0,0,0,0,0,0,0,0,0,0,0,1,0,0,1,0,0,0,0,0,0,0,0,1,0,0,0,0,1
‘½–€s“μ–μ‚R’–Ϊ,2,0,0,0,0,0,0,0,0,0,0,0,0,0,0,0,0,0,0,1,0,0,0,0,0,1,0,0,0,0,0,1,0,0,0,0,1
‘½–€sAυ›‚P’–Ϊ,8,0,0,0,0,0,0,0,0,0,0,0,0,0,0,0,0,0,0,2,0,0,1,0,0,0,0,0,0,0,1,6,5,0,0,0,1
‘½–€sAυ›‚Q’–Ϊ,1,0,0,0,0,0,0,0,0,0,0,0,0,0,0,0,0,0,0,0,0,0,0,0,0,0,0,0,0,0,0,1,1,0,0,0,0
‘½–€sAυ›‚R’–Ϊ,4,0,0,0,1,0,0,1,0,0,0,0,0,0,0,0,0,0,0,0,0,0,0,0,0,0,0,0,0,0,0,3,1,0,0,0,2
‘½–€sAυ›‚U’–Ϊ,1,0,0,0,0,0,0,0,0,0,0,0,0,0,0,0,0,0,0,1,0,0,0,0,0,0,0,0,0,0,1,0,0,0,0,0,0
‘½–€sa“c,26,0,0,0,3,0,1,1,1,0,3,0,0,0,0,0,0,0,3,13,0,2,7,1,0,0,0,0,0,1,2,7,4,1,0,0,2
‘½–€sa“c‚R’–Ϊ,1,0,0,0,0,0,0,0,0,0,0,0,0,0,0,0,0,0,0,1,0,0,1,0,0,0,0,0,0,0,0,0,0,0,0,0,0
‘½–€s”nψ‘ς‚P’–Ϊ,7,0,0,0,1,0,0,0,1,0,0,0,0,0,0,0,0,0,0,1,0,0,0,0,0,0,0,0,0,0,1,5,5,0,0,0,0
‘½–€s”nψ‘ς‚Q’–Ϊ,3,0,0,0,1,0,1,0,0,0,0,0,0,0,0,0,0,0,0,0,0,0,0,0,0,0,0,0,0,0,0,2,2,0,0,0,0
‘½–€s“‚–Ψ“c‚P’–Ϊ,7,0,0,0,0,0,0,0,0,0,0,0,0,0,0,0,0,0,0,4,0,0,2,0,0,0,0,0,0,2,0,3,3,0,0,0,0
‘½–€s“‚–Ψ“c‚R’–Ϊ,1,0,0,0,0,0,0,0,0,0,0,0,0,0,0,0,0,0,0,0,0,0,0,0,0,0,0,0,0,0,0,1,0,0,0,0,1
‘½–€sR‰¤‰Ί‚P’–Ϊ,15,0,0,0,1,0,0,1,0,0,0,0,0,0,0,0,0,0,0,1,0,0,0,0,0,0,0,0,0,0,1,13,11,1,1,0,0
‘½–€s’†‘ς‚P’–Ϊ,4,0,0,0,0,0,0,0,0,0,0,0,0,0,0,0,0,0,0,3,0,0,0,0,0,0,0,0,0,0,3,1,0,0,0,0,1
‘½–€s’†‘ς‚Q’–Ϊ,2,0,0,0,0,0,0,0,0,0,0,0,0,0,0,0,0,0,0,1,0,0,0,0,0,0,0,0,0,0,1,1,1,0,0,0,0
‘½–€sv,528,2,0,2,43,0,21,14,6,2,5,0,0,0,0,2,0,0,3,264,0,20,73,9,0,1,0,0,1,94,66,214,121,7,3,0,83
ξιs‘εΫ,23,0,0,0,4,0,1,2,1,0,0,0,0,0,0,0,0,0,0,7,1,1,3,0,0,0,0,0,0,2,0,12,5,1,0,0,6
ξιs‰—§,9,0,0,0,2,0,0,2,0,0,0,0,0,0,0,0,0,0,0,2,0,0,2,0,0,0,0,0,0,0,0,5,3,0,0,0,2
ξιsβ•l,10,1,0,1,2,0,1,0,1,0,0,0,0,0,0,0,0,0,0,2,0,0,1,0,0,0,0,0,0,0,1,5,1,0,1,0,3
ξιsβ•l‚R’–Ϊ,1,0,0,0,0,0,0,0,0,0,1,0,0,0,0,0,0,0,1,0,0,0,0,0,0,0,0,0,0,0,0,0,0,0,0,0,0
ξιsβ•l‚S’–Ϊ,2,0,0,0,1,0,1,0,0,0,0,0,0,0,0,0,0,0,0,0,0,0,0,0,0,0,0,0,0,0,0,1,1,0,0,0,0
ξιs“’·ΐ,31,0,0,0,4,0,3,1,0,0,0,0,0,0,0,0,0,0,0,16,1,3,5,0,0,1,0,0,0,0,6,11,3,1,0,0,7
ξιs•½”φ‚P’–Ϊ,1,0,0,0,0,0,0,0,0,0,0,0,0,0,0,0,0,0,0,0,0,0,0,0,0,0,0,0,0,0,0,1,0,0,0,0,1
ξιs•½”φ‚Q’–Ϊ,5,0,0,0,0,0,0,0,0,0,0,0,0,0,0,0,0,0,0,2,0,0,0,0,0,0,0,0,0,2,0,3,1,0,0,0,2
ξιs•½”φ‚R’–Ϊ,8,1,0,1,0,0,0,0,0,0,0,0,0,0,0,0,0,0,0,5,0,1,2,0,0,0,0,0,0,0,2,2,1,0,0,0,1
ξιs•½”φ‚S’–Ϊ,1,0,0,0,0,0,0,0,0,0,0,0,0,0,0,0,0,0,0,0,0,0,0,0,0,0,0,0,0,0,0,1,1,0,0,0,0
ξιs•S‘Ί,8,1,0,1,1,0,0,0,1,0,0,0,0,0,0,0,0,0,0,5,0,1,3,0,0,0,0,0,0,0,1,1,1,0,0,0,0
ξιs–ξ–μϋ,47,0,0,0,2,0,1,1,0,0,6,0,0,4,0,0,0,0,2,24,0,1,9,0,0,0,0,0,0,8,6,15,10,0,0,0,5
ξιsό—z‘δ‚R’–Ϊ,3,0,0,0,0,0,0,0,0,0,0,0,0,0,0,0,0,0,0,1,0,0,1,0,0,0,0,0,0,0,0,2,2,0,0,0,0
ξιsό—z‘δ‚S’–Ϊ,4,0,0,0,0,0,0,0,0,0,0,0,0,0,0,0,0,0,0,0,0,0,0,0,0,0,0,0,0,0,0,4,2,0,0,0,2
ξιsό—z‘δ‚U’–Ϊ,5,0,0,0,0,0,0,0,0,0,0,0,0,0,0,0,0,0,0,4,0,0,2,0,0,0,0,0,0,0,2,1,0,0,0,0,1
ξιs’·•τ‚P’–Ϊ,1,0,0,0,0,0,0,0,0,0,0,0,0,0,0,0,0,0,0,1,0,0,1,0,0,0,0,0,0,0,0,0,0,0,0,0,0
ξιs’·•τ‚Q’–Ϊ,4,0,0,0,0,0,0,0,0,0,1,0,0,0,0,1,0,0,0,0,0,0,0,0,0,0,0,0,0,0,0,3,1,0,0,0,2
ξιs’·•τ‚R’–Ϊ,8,0,0,0,0,0,0,0,0,0,0,0,0,0,0,0,0,0,0,1,0,0,1,0,0,0,0,0,0,0,0,7,1,0,0,0,6
ξιsα—t‘δ‚P’–Ϊ,4,0,0,0,0,0,0,0,0,0,0,0,0,0,0,0,0,0,0,2,0,0,1,0,0,0,0,0,0,1,0,2,1,0,0,0,1
ξιsα—t‘δ‚Q’–Ϊ,22,0,0,0,1,0,0,1,0,0,0,0,0,0,0,0,0,0,0,18,0,0,4,0,0,0,0,0,0,11,3,3,1,0,0,0,2
ξιsα—t‘δ‚R’–Ϊ,1,0,0,0,0,0,0,0,0,0,0,0,0,0,0,0,0,0,0,0,0,0,0,0,0,0,0,0,0,0,0,1,1,0,0,0,0
ξιsα—t‘δ‚S’–Ϊ,3,0,0,0,0,0,0,0,0,0,0,0,0,0,0,0,0,0,0,1,0,0,1,0,0,0,0,0,0,0,0,2,2,0,0,0,0
ξιsv,201,3,0,3,17,0,7,7,3,0,8,0,0,4,0,1,0,0,3,91,2,7,36,0,0,1,0,0,0,24,21,82,38,2,1,0,41
‰H‘Ίsμθ‚Q’–Ϊ,2,0,0,0,0,0,0,0,0,0,0,0,0,0,0,0,0,0,0,1,0,0,0,0,0,1,0,0,0,0,0,1,1,0,0,0,0
‰H‘Ίsμθ‚S’–Ϊ,1,0,0,0,0,0,0,0,0,0,0,0,0,0,0,0,0,0,0,1,0,0,1,0,0,0,0,0,0,0,0,0,0,0,0,0,0
‰H‘Ίsάƒm_,1,0,0,0,0,0,0,0,0,0,0,0,0,0,0,0,0,0,0,0,0,0,0,0,0,0,0,0,0,0,0,1,1,0,0,0,0
‰H‘Ίsάƒm_‚P’–Ϊ,17,0,0,0,1,0,1,0,0,0,0,0,0,0,0,0,0,0,0,14,0,0,6,0,0,0,0,0,0,7,1,2,0,2,0,0,0
‰H‘Ίsάƒm_‚Q’–Ϊ,4,1,1,0,0,0,0,0,0,0,0,0,0,0,0,0,0,0,0,3,0,0,2,0,0,0,0,0,0,1,0,0,0,0,0,0,0
‰H‘Ίsάƒm_‚R’–Ϊ,2,0,0,0,0,0,0,0,0,0,0,0,0,0,0,0,0,0,0,1,0,0,1,0,0,0,0,0,0,0,0,1,0,0,0,0,1
‰H‘Ίsάƒm_‚S’–Ϊ,14,0,0,0,1,0,1,0,0,0,1,0,0,0,1,0,0,0,0,11,0,0,11,0,0,0,0,0,0,0,0,1,0,1,0,0,0
‰H‘Ίs‰h’¬‚P’–Ϊ,11,2,0,2,0,0,0,0,0,0,0,0,0,0,0,0,0,0,0,6,0,1,3,0,0,0,0,0,0,2,0,3,2,0,0,0,1
‰H‘Ίs‰h’¬‚Q’–Ϊ,13,0,0,0,1,0,1,0,0,0,1,0,0,0,0,0,0,0,1,9,0,0,2,0,0,0,0,0,0,7,0,2,2,0,0,0,0
‰H‘Ίs‰h’¬‚R’–Ϊ,4,0,0,0,0,0,0,0,0,0,1,0,0,0,0,0,0,0,1,3,0,0,0,0,0,2,0,0,0,0,1,0,0,0,0,0,0
‰H‘Ίs_–Ύ‘δ‚P’–Ϊ,8,0,0,0,0,0,0,0,0,0,0,0,0,0,0,0,0,0,0,4,0,1,2,0,0,0,0,0,0,0,1,4,3,0,0,0,1
‰H‘Ίs_–Ύ‘δ‚Q’–Ϊ,18,1,1,0,1,0,0,1,0,0,0,0,0,0,0,0,0,0,0,12,0,0,0,0,0,0,0,0,0,12,0,4,4,0,0,0,0
‰H‘Ίs_–Ύ‘δ‚R’–Ϊ,11,0,0,0,0,0,0,0,0,0,0,0,0,0,0,0,0,0,0,10,0,0,8,0,0,0,0,0,0,1,1,1,0,0,0,0,1
‰H‘Ίs_–Ύ‘δ‚S’–Ϊ,3,0,0,0,0,0,0,0,0,0,0,0,0,0,0,0,0,0,0,3,0,0,1,0,0,0,0,0,0,1,1,0,0,0,0,0,0
‰H‘Ίs‹Κμ‚P’–Ϊ,1,0,0,0,0,0,0,0,0,0,0,0,0,0,0,0,0,0,0,0,0,0,0,0,0,0,0,0,0,0,0,1,0,0,0,0,1
‰H‘Ίs‹Κμ‚Q’–Ϊ,1,0,0,0,0,0,0,0,0,0,0,0,0,0,0,0,0,0,0,0,0,0,0,0,0,0,0,0,0,0,0,1,1,0,0,0,0
‰H‘Ίs‰H,1,0,0,0,0,0,0,0,0,0,1,0,0,0,0,0,0,0,1,0,0,0,0,0,0,0,0,0,0,0,0,0,0,0,0,0,0
‰H‘Ίs‰H‰Α”ό‚P’–Ϊ,1,0,0,0,0,0,0,0,0,0,0,0,0,0,0,0,0,0,0,1,0,0,1,0,0,0,0,0,0,0,0,0,0,0,0,0,0
‰H‘Ίs‰H‰Α”ό‚S’–Ϊ,5,0,0,0,0,0,0,0,0,0,0,0,0,0,0,0,0,0,0,1,0,0,0,0,0,0,0,0,0,0,1,4,4,0,0,0,0
‰H‘Ίs‰H’†‚Q’–Ϊ,1,0,0,0,0,0,0,0,0,0,0,0,0,0,0,0,0,0,0,1,0,0,1,0,0,0,0,0,0,0,0,0,0,0,0,0,0
‰H‘Ίs‰H’†‚S’–Ϊ,1,0,0,0,0,0,0,0,0,0,0,0,0,0,0,0,0,0,0,1,0,0,0,0,0,0,0,0,0,0,1,0,0,0,0,0,0
‰H‘Ίs‰HΌ‚Q’–Ϊ,1,0,0,0,0,0,0,0,0,0,0,0,0,0,0,0,0,0,0,1,0,1,0,0,0,0,0,0,0,0,0,0,0,0,0,0,0
‰H‘Ίs‰H“‚P’–Ϊ,10,1,1,0,1,0,0,1,0,0,0,0,0,0,0,0,0,0,0,6,0,0,2,1,0,0,0,0,0,2,1,2,0,1,0,0,1
‰H‘Ίs‰H“‚Q’–Ϊ,1,0,0,0,0,0,0,0,0,0,0,0,0,0,0,0,0,0,0,1,0,0,1,0,0,0,0,0,0,0,0,0,0,0,0,0,0
‰H‘Ίs‰H“‚R’–Ϊ,4,0,0,0,0,0,0,0,0,0,1,0,0,0,0,0,0,0,1,1,0,0,1,0,0,0,0,0,0,0,0,2,2,0,0,0,0
‰H‘Ίs•xm©•½‚P’–Ϊ,5,0,0,0,0,0,0,0,0,0,1,0,0,0,0,1,0,0,0,2,0,1,0,1,0,0,0,0,0,0,0,2,1,0,0,0,1
‰H‘Ίs•xm©•½‚Q’–Ϊ,7,0,0,0,1,0,1,0,0,0,0,0,0,0,0,0,0,0,0,5,0,0,2,0,0,0,0,0,0,2,1,1,1,0,0,0,0
‰H‘Ίs‘o—t’¬‚P’–Ϊ,1,0,0,0,0,0,0,0,0,0,0,0,0,0,0,0,0,0,0,0,0,0,0,0,0,0,0,0,0,0,0,1,1,0,0,0,0
‰H‘Ίs‘o—t’¬‚Q’–Ϊ,1,0,0,0,0,0,0,0,0,0,0,0,0,0,0,0,0,0,0,0,0,0,0,0,0,0,0,0,0,0,0,1,1,0,0,0,0
‰H‘Ίs‘o—t’¬‚R’–Ϊ,2,0,0,0,1,0,1,0,0,0,0,0,0,0,0,0,0,0,0,1,0,0,1,0,0,0,0,0,0,0,0,0,0,0,0,0,0
‰H‘Ίs—Ξƒ–‹u‚P’–Ϊ,4,0,0,0,1,0,0,0,0,1,0,0,0,0,0,0,0,0,0,1,0,0,1,0,0,0,0,0,0,0,0,2,1,0,0,0,1
‰H‘Ίs—Ξƒ–‹u‚Q’–Ϊ,2,0,0,0,0,0,0,0,0,0,0,0,0,0,0,0,0,0,0,2,0,0,2,0,0,0,0,0,0,0,0,0,0,0,0,0,0
‰H‘Ίs—Ξƒ–‹u‚S’–Ϊ,3,0,0,0,0,0,0,0,0,0,0,0,0,0,0,0,0,0,0,1,0,1,0,0,0,0,0,0,0,0,0,2,2,0,0,0,0
‰H‘Ίs—Ξƒ–‹u‚T’–Ϊ,8,0,0,0,1,0,0,1,0,0,0,0,0,0,0,0,0,0,0,5,0,0,5,0,0,0,0,0,0,0,0,2,0,0,0,0,2
‰H‘Ίs¬μ‘δ‚P’–Ϊ,17,0,0,0,8,0,3,3,2,0,0,0,0,0,0,0,0,0,0,8,0,1,2,0,0,0,0,0,0,4,1,1,0,0,0,0,1
‰H‘Ίs¬μ‘δ‚Q’–Ϊ,13,0,0,0,0,0,0,0,0,0,0,0,0,0,0,0,0,0,0,11,0,0,11,0,0,0,0,0,0,0,0,2,2,0,0,0,0
‰H‘Ίs¬μ‘δ‚R’–Ϊ,3,0,0,0,1,0,0,1,0,0,0,0,0,0,0,0,0,0,0,1,0,0,1,0,0,0,0,0,0,0,0,1,0,0,0,0,1
‰H‘Ίs¬μ‘δ‚S’–Ϊ,1,0,0,0,0,0,0,0,0,0,0,0,0,0,0,0,0,0,0,0,0,0,0,0,0,0,0,0,0,0,0,1,0,0,0,0,1
‰H‘Ίs¬μ‘δ‚T’–Ϊ,16,0,0,0,0,0,0,0,0,0,0,0,0,0,0,0,0,0,0,13,0,0,11,0,0,0,0,0,0,1,1,3,1,0,0,0,2
‰H‘Ίsv,219,5,3,2,18,0,8,7,2,1,6,0,0,0,1,1,0,0,4,141,0,6,79,2,0,3,0,0,0,40,11,49,30,4,0,0,15
‚ ‚«‚ι–μsHμ‚P’–Ϊ,15,0,0,0,1,0,0,0,0,1,0,0,0,0,0,0,0,0,0,12,0,0,7,0,0,0,0,0,0,4,1,2,0,0,0,0,2
‚ ‚«‚ι–μsHμ‚Q’–Ϊ,6,0,0,0,2,0,2,0,0,0,0,0,0,0,0,0,0,0,0,4,0,0,0,1,0,0,0,0,0,3,0,0,0,0,0,0,0
‚ ‚«‚ι–μsHμ‚R’–Ϊ,2,0,0,0,0,0,0,0,0,0,1,0,0,0,0,0,0,0,1,1,0,0,0,0,0,0,0,0,0,0,1,0,0,0,0,0,0
‚ ‚«‚ι–μsHμ‚S’–Ϊ,13,0,0,0,0,0,0,0,0,0,0,0,0,0,0,0,0,0,0,13,0,0,1,1,0,0,0,0,0,11,0,0,0,0,0,0,0
‚ ‚«‚ι–μsHμ‚T’–Ϊ,4,0,0,0,0,0,0,0,0,0,0,0,0,0,0,0,0,0,0,2,0,0,1,0,0,0,0,0,0,1,0,2,1,1,0,0,0
‚ ‚«‚ι–μsHμ‚U’–Ϊ,4,0,0,0,0,0,0,0,0,0,0,0,0,0,0,0,0,0,0,4,0,0,0,0,0,0,0,0,0,4,0,0,0,0,0,0,0
‚ ‚«‚ι–μs–Τ‘γ,2,0,0,0,1,0,0,0,1,0,0,0,0,0,0,0,0,0,0,0,0,0,0,0,0,0,0,0,0,0,0,1,0,0,0,0,1
‚ ‚«‚ι–μs–ϋ•½,9,0,0,0,1,0,0,0,1,0,0,0,0,0,0,0,0,0,0,3,0,0,3,0,0,0,0,0,0,0,0,5,2,0,0,0,3
‚ ‚«‚ι–μs‰JΤ,14,0,0,0,0,0,0,0,0,0,2,0,0,0,0,1,0,0,1,11,1,0,7,1,0,0,0,0,0,0,2,1,1,0,0,0,0
‚ ‚«‚ι–μsά“ϊs,9,0,0,0,1,0,1,0,0,0,0,0,0,0,0,0,0,0,0,1,0,0,0,0,0,0,0,0,0,0,1,7,4,0,0,0,3
‚ ‚«‚ι–μsΙ“ή,21,0,0,0,5,0,2,1,1,1,0,0,0,0,0,0,0,0,0,12,1,0,4,0,0,0,0,0,0,1,6,4,3,1,0,0,0
‚ ‚«‚ι–μs“ό–μ,2,0,0,0,1,0,0,0,1,0,0,0,0,0,0,0,0,0,0,0,0,0,0,0,0,0,0,0,0,0,0,1,1,0,0,0,0
‚ ‚«‚ι–μsγƒm‘δ,2,0,0,0,1,0,0,1,0,0,0,0,0,0,0,0,0,0,0,1,0,0,0,0,0,0,0,0,0,0,1,0,0,0,0,0,0
‚ ‚«‚ι–μs‹ΐ,6,0,0,0,0,0,0,0,0,0,1,0,0,0,0,0,0,1,0,4,0,0,1,0,0,1,0,0,0,1,1,1,1,0,0,0,0
‚ ‚«‚ι–μs¬μ,6,1,0,1,0,0,0,0,0,0,0,0,0,0,0,0,0,0,0,2,0,0,0,0,0,0,0,0,0,2,0,3,3,0,0,0,0
‚ ‚«‚ι–μs¬μ“‚P’–Ϊ,2,0,0,0,0,0,0,0,0,0,0,0,0,0,0,0,0,0,0,1,0,0,0,0,0,0,0,0,0,0,1,1,0,1,0,0,0
‚ ‚«‚ι–μs¬μ“‚Q’–Ϊ,1,0,0,0,0,0,0,0,0,0,0,0,0,0,0,0,0,0,0,1,0,0,0,0,0,0,0,0,0,0,1,0,0,0,0,0,0
‚ ‚«‚ι–μs¬μ“‚R’–Ϊ,3,0,0,0,0,0,0,0,0,0,0,0,0,0,0,0,0,0,0,1,0,0,0,1,0,0,0,0,0,0,0,2,1,0,1,0,0
‚ ‚«‚ι–μs‰³’Γ,3,0,0,0,0,0,0,0,0,0,0,0,0,0,0,0,0,0,0,0,0,0,0,0,0,0,0,0,0,0,0,3,3,0,0,0,0
‚ ‚«‚ι–μsγ‘γp,4,0,0,0,0,0,0,0,0,0,0,0,0,0,0,0,0,0,0,1,0,0,0,0,0,0,0,0,0,0,1,3,2,0,0,0,1
‚ ‚«‚ι–μs‘‰Τ,16,0,0,0,0,0,0,0,0,0,0,0,0,0,0,0,0,0,0,9,1,0,1,2,0,0,0,0,0,2,3,7,7,0,0,0,0
‚ ‚«‚ι–μs¬’†–μ,2,0,0,0,0,0,0,0,0,0,0,0,0,0,0,0,0,0,0,0,0,0,0,0,0,0,0,0,0,0,0,2,2,0,0,0,0
‚ ‚«‚ι–μsO“ΰ,2,0,0,0,0,0,0,0,0,0,0,0,0,0,0,0,0,0,0,0,0,0,0,0,0,0,0,0,0,0,0,2,0,0,0,0,2
‚ ‚«‚ι–μs‰Ί‘γp,5,0,0,0,0,0,0,0,0,0,1,0,0,0,0,0,1,0,0,3,0,0,3,0,0,0,0,0,0,0,0,1,1,0,0,0,0
‚ ‚«‚ι–μs›¶,2,0,0,0,0,0,0,0,0,0,0,0,0,0,0,0,0,0,0,1,0,0,0,0,1,0,0,0,0,0,0,1,0,0,0,0,1
‚ ‚«‚ι–μs£Λ‰ª,8,0,0,0,0,0,0,0,0,0,0,0,0,0,0,0,0,0,0,6,0,0,1,2,0,1,0,0,0,0,2,2,1,0,0,0,1
‚ ‚«‚ι–μs‚”φ,1,0,0,0,1,0,0,0,0,1,0,0,0,0,0,0,0,0,0,0,0,0,0,0,0,0,0,0,0,0,0,0,0,0,0,0,0
‚ ‚«‚ι–μsΪ’J,2,0,0,0,0,0,0,0,0,0,0,0,0,0,0,0,0,0,0,1,0,0,0,1,0,0,0,0,0,0,0,1,1,0,0,0,0
‚ ‚«‚ι–μsΛ‘q,2,0,0,0,0,0,0,0,0,0,0,0,0,0,0,0,0,0,0,0,0,0,0,0,0,0,0,0,0,0,0,2,0,0,0,0,2
‚ ‚«‚ι–μs—―΄,5,0,0,0,0,0,0,0,0,0,0,0,0,0,0,0,0,0,0,0,0,0,0,0,0,0,0,0,0,0,0,5,4,0,0,0,1
‚ ‚«‚ι–μs“ρ‹{,9,0,0,0,0,0,0,0,0,0,0,0,0,0,0,0,0,0,0,5,0,0,3,1,0,0,0,0,0,0,1,4,3,0,0,0,1
‚ ‚«‚ι–μs–μ•Σ,12,0,0,0,1,0,1,0,0,0,0,0,0,0,0,0,0,0,0,9,1,0,7,0,0,0,0,0,0,0,1,2,1,0,0,0,1
‚ ‚«‚ι–μs΄¬‹{,5,0,0,0,1,0,0,0,0,1,0,0,0,0,0,0,0,0,0,2,0,0,1,0,0,0,0,0,0,0,1,2,0,1,0,0,1
‚ ‚«‚ι–μs΄¬‹{‚Q’–Ϊ,1,0,0,0,0,0,0,0,0,0,0,0,0,0,0,0,0,0,0,0,0,0,0,0,0,0,0,0,0,0,0,1,1,0,0,0,0
‚ ‚«‚ι–μsψ“c,8,0,0,0,2,0,1,0,1,0,0,0,0,0,0,0,0,0,0,2,0,0,2,0,0,0,0,0,0,0,0,4,3,0,0,0,1
‚ ‚«‚ι–μs•½‘ς,1,0,0,0,0,0,0,0,0,0,0,0,0,0,0,0,0,0,0,0,0,0,0,0,0,0,0,0,0,0,0,1,1,0,0,0,0
‚ ‚«‚ι–μs[‘ς,1,0,0,0,0,0,0,0,0,0,0,0,0,0,0,0,0,0,0,0,0,0,0,0,0,0,0,0,0,0,0,1,1,0,0,0,0
‚ ‚«‚ι–μsΊγ,4,0,0,0,0,0,0,0,0,0,0,0,0,0,0,0,0,0,0,1,0,0,0,0,0,0,0,0,0,1,0,3,2,0,0,0,1
‚ ‚«‚ι–μsR“c,8,0,0,0,0,0,0,0,0,0,0,0,0,0,0,0,0,0,0,4,0,0,1,0,0,0,0,0,0,2,1,4,4,0,0,0,0
‚ ‚«‚ι–μsΪ’J‘δ,5,0,0,0,0,0,0,0,0,0,0,0,0,0,0,0,0,0,0,4,0,1,3,0,0,0,0,0,0,0,0,1,0,0,0,0,1
‚ ‚«‚ι–μsH—―‚P’–Ϊ,4,0,0,0,0,0,0,0,0,0,0,0,0,0,0,0,0,0,0,4,0,0,2,0,0,0,0,0,0,0,2,0,0,0,0,0,0
‚ ‚«‚ι–μsH—―‚Q’–Ϊ,2,0,0,0,0,0,0,0,0,0,0,0,0,0,0,0,0,0,0,2,0,0,0,0,0,0,0,0,0,2,0,0,0,0,0,0,0
‚ ‚«‚ι–μsH—―‚R’–Ϊ,1,0,0,0,0,0,0,0,0,0,0,0,0,0,0,0,0,0,0,1,0,0,1,0,0,0,0,0,0,0,0,0,0,0,0,0,0
‚ ‚«‚ι–μsH—―‚S’–Ϊ,1,0,0,0,0,0,0,0,0,0,0,0,0,0,0,0,0,0,0,1,0,0,0,0,0,0,0,0,0,1,0,0,0,0,0,0,0
‚ ‚«‚ι–μsv,235,1,0,1,18,0,7,2,5,4,5,0,0,0,0,1,1,1,2,129,4,1,49,10,1,2,0,0,0,35,27,82,54,4,1,0,23
Ό“‹sς’¬‚P’–Ϊ,2,0,0,0,0,0,0,0,0,0,0,0,0,0,0,0,0,0,0,2,0,0,2,0,0,0,0,0,0,0,0,0,0,0,0,0,0
Ό“‹sς’¬‚Q’–Ϊ,5,0,0,0,0,0,0,0,0,0,0,0,0,0,0,0,0,0,0,3,0,1,0,0,0,0,0,0,0,1,1,2,1,0,0,0,1
Ό“‹sς’¬‚R’–Ϊ,1,0,0,0,0,0,0,0,0,0,0,0,0,0,0,0,0,0,0,1,0,0,0,0,0,0,0,0,0,0,1,0,0,0,0,0,0
Ό“‹sς’¬‚S’–Ϊ,1,0,0,0,0,0,0,0,0,0,0,0,0,0,0,0,0,0,0,1,0,0,0,0,0,0,0,0,0,0,1,0,0,0,0,0,0
Ό“‹sς’¬‚U’–Ϊ,3,0,0,0,0,0,0,0,0,0,0,0,0,0,0,0,0,0,0,0,0,0,0,0,0,0,0,0,0,0,0,3,2,0,0,0,1
Ό“‹s–k΄’¬‚P’–Ϊ,4,0,0,0,0,0,0,0,0,0,0,0,0,0,0,0,0,0,0,4,0,0,3,0,0,0,0,0,0,0,1,0,0,0,0,0,0
Ό“‹s–k΄’¬‚Q’–Ϊ,1,0,0,0,0,0,0,0,0,0,0,0,0,0,0,0,0,0,0,1,0,0,1,0,0,0,0,0,0,0,0,0,0,0,0,0,0
Ό“‹s–k΄’¬‚R’–Ϊ,2,0,0,0,0,0,0,0,0,0,0,0,0,0,0,0,0,0,0,2,0,0,1,0,0,0,0,0,0,0,1,0,0,0,0,0,0
Ό“‹s–k’¬‚P’–Ϊ,2,0,0,0,1,0,1,0,0,0,0,0,0,0,0,0,0,0,0,0,0,0,0,0,0,0,0,0,0,0,0,1,0,0,0,0,1
Ό“‹s–k’¬‚Q’–Ϊ,4,0,0,0,0,0,0,0,0,0,1,0,0,0,0,0,0,1,0,2,0,0,1,0,0,0,0,0,0,0,1,1,1,0,0,0,0
Ό“‹s–k’¬‚R’–Ϊ,2,0,0,0,0,0,0,0,0,0,0,0,0,0,0,0,0,0,0,1,0,0,0,1,0,0,0,0,0,0,0,1,0,0,0,0,1
Ό“‹s–k’¬‚S’–Ϊ,4,1,0,1,0,0,0,0,0,0,1,0,0,0,0,1,0,0,0,2,0,0,0,0,0,0,0,0,0,0,2,0,0,0,0,0,0
Ό“‹s–k’¬‚T’–Ϊ,3,0,0,0,0,0,0,0,0,0,1,0,0,0,0,1,0,0,0,2,0,0,1,0,0,0,0,0,0,0,1,0,0,0,0,0,0
Ό“‹s‰h’¬‚P’–Ϊ,2,0,0,0,0,0,0,0,0,0,0,0,0,0,0,0,0,0,0,2,0,0,1,0,0,0,0,0,0,0,1,0,0,0,0,0,0
Ό“‹s‰h’¬‚Q’–Ϊ,1,0,0,0,0,0,0,0,0,0,0,0,0,0,0,0,0,0,0,0,0,0,0,0,0,0,0,0,0,0,0,1,1,0,0,0,0
Ό“‹s‰h’¬‚R’–Ϊ,1,0,0,0,0,0,0,0,0,0,0,0,0,0,0,0,0,0,0,1,0,0,0,0,0,0,0,0,0,0,1,0,0,0,0,0,0
Ό“‹sΕ‹v•Ϋ’¬‚P’–Ϊ,20,0,0,0,1,0,1,0,0,0,1,0,0,0,0,1,0,0,0,15,0,0,6,1,0,0,0,0,0,4,4,3,1,1,0,0,1
Ό“‹sΕ‹v•Ϋ’¬‚Q’–Ϊ,23,0,0,0,3,0,3,0,0,0,1,0,0,0,0,1,0,0,0,18,0,0,7,1,0,0,0,0,0,7,3,1,0,0,0,0,1
Ό“‹sΕ‹v•Ϋ’¬‚R’–Ϊ,17,0,0,0,0,0,0,0,0,0,1,0,0,0,0,0,0,0,1,13,0,0,12,0,0,0,0,0,0,0,1,3,1,0,0,0,2
Ό“‹sΕ‹v•Ϋ’¬‚S’–Ϊ,14,0,0,0,0,0,0,0,0,0,1,0,0,0,0,1,0,0,0,9,0,0,6,2,0,0,0,0,0,1,0,4,1,1,0,0,2
Ό“‹sΕ‹v•Ϋ’¬‚T’–Ϊ,6,0,0,0,0,0,0,0,0,0,0,0,0,0,0,0,0,0,0,3,0,0,3,0,0,0,0,0,0,0,0,3,1,0,0,0,2
Ό“‹s‰Ί•Ϋ’J‚P’–Ϊ,1,0,0,0,0,0,0,0,0,0,1,0,0,0,0,0,0,0,1,0,0,0,0,0,0,0,0,0,0,0,0,0,0,0,0,0,0
Ό“‹s‰Ί•Ϋ’J‚Q’–Ϊ,3,0,0,0,0,0,0,0,0,0,0,0,0,0,0,0,0,0,0,2,0,0,2,0,0,0,0,0,0,0,0,1,0,0,0,0,1
Ό“‹s‰Ί•Ϋ’J‚R’–Ϊ,15,0,0,0,1,0,1,0,0,0,0,0,0,0,0,0,0,0,0,10,0,0,3,0,0,0,0,0,0,6,1,4,2,0,0,0,2
Ό“‹s‰Ί•Ϋ’J‚S’–Ϊ,17,0,0,0,1,0,0,1,0,0,0,0,0,0,0,0,0,0,0,12,0,0,10,1,0,0,0,0,0,1,0,4,1,0,0,0,3
Ό“‹s‰Ί•Ϋ’J‚T’–Ϊ,4,0,0,0,0,0,0,0,0,0,0,0,0,0,0,0,0,0,0,0,0,0,0,0,0,0,0,0,0,0,0,4,4,0,0,0,0
Ό“‹sV’¬‚P’–Ϊ,1,0,0,0,0,0,0,0,0,0,0,0,0,0,0,0,0,0,0,1,0,0,0,0,0,0,0,0,0,0,1,0,0,0,0,0,0
Ό“‹sV’¬‚Q’–Ϊ,1,0,0,0,0,0,0,0,0,0,0,0,0,0,0,0,0,0,0,0,0,0,0,0,0,0,0,0,0,0,0,1,1,0,0,0,0
Ό“‹sV’¬‚R’–Ϊ,1,0,0,0,0,0,0,0,0,0,0,0,0,0,0,0,0,0,0,1,0,0,1,0,0,0,0,0,0,0,0,0,0,0,0,0,0
Ό“‹sV’¬‚S’–Ϊ,1,0,0,0,0,0,0,0,0,0,0,0,0,0,0,0,0,0,0,1,0,0,1,0,0,0,0,0,0,0,0,0,0,0,0,0,0
Ό“‹sV’¬‚T’–Ϊ,2,0,0,0,0,0,0,0,0,0,1,0,0,0,0,0,0,0,1,0,0,0,0,0,0,0,0,0,0,0,0,1,1,0,0,0,0
Ό“‹sV’¬‚U’–Ϊ,3,0,0,0,0,0,0,0,0,0,0,0,0,0,0,0,0,0,0,1,0,0,0,1,0,0,0,0,0,0,0,2,0,0,0,0,2
Ό“‹sZ‹g’¬‚P’–Ϊ,6,0,0,0,0,0,0,0,0,0,1,0,0,0,0,1,0,0,0,1,0,0,1,0,0,0,0,0,0,0,0,4,4,0,0,0,0
Ό“‹sZ‹g’¬‚Q’–Ϊ,1,0,0,0,0,0,0,0,0,0,1,0,0,0,0,1,0,0,0,0,0,0,0,0,0,0,0,0,0,0,0,0,0,0,0,0,0
Ό“‹sZ‹g’¬‚R’–Ϊ,17,0,0,0,3,0,1,1,1,0,0,0,0,0,0,0,0,0,0,14,0,0,6,0,0,0,1,0,0,6,1,0,0,0,0,0,0
Ό“‹sZ‹g’¬‚S’–Ϊ,2,0,0,0,0,0,0,0,0,0,0,0,0,0,0,0,0,0,0,1,0,0,1,0,0,0,0,0,0,0,0,1,0,1,0,0,0
Ό“‹sZ‹g’¬‚T’–Ϊ,2,0,0,0,0,0,0,0,0,0,0,0,0,0,0,0,0,0,0,0,0,0,0,0,0,0,0,0,0,0,0,2,1,0,0,0,1
Ό“‹sZ‹g’¬‚U’–Ϊ,1,0,0,0,0,0,0,0,0,0,1,0,0,0,0,1,0,0,0,0,0,0,0,0,0,0,0,0,0,0,0,0,0,0,0,0,0
Ό“‹s“c–³’¬‚P’–Ϊ,4,0,0,0,0,0,0,0,0,0,1,0,0,0,0,0,0,0,1,2,0,0,2,0,0,0,0,0,0,0,0,1,0,1,0,0,0
Ό“‹s“c–³’¬‚Q’–Ϊ,47,0,0,0,2,0,1,1,0,0,0,0,0,0,0,0,0,0,0,37,0,0,11,0,0,0,2,0,1,22,1,8,7,1,0,0,0
Ό“‹s“c–³’¬‚R’–Ϊ,9,0,0,0,0,0,0,0,0,0,0,0,0,0,0,0,0,0,0,5,0,1,4,0,0,0,0,0,0,0,0,4,2,0,0,0,2
Ό“‹s“c–³’¬‚S’–Ϊ,17,0,0,0,3,0,2,1,0,0,0,0,0,0,0,0,0,0,0,11,0,0,7,0,0,0,0,0,0,0,4,3,1,0,0,0,2
Ό“‹s“c–³’¬‚T’–Ϊ,5,0,0,0,0,0,0,0,0,0,0,0,0,0,0,0,0,0,0,1,0,0,1,0,0,0,0,0,0,0,0,4,1,2,0,0,1
Ό“‹s“c–³’¬‚U’–Ϊ,3,0,0,0,0,0,0,0,0,0,0,0,0,0,0,0,0,0,0,3,0,0,3,0,0,0,0,0,0,0,0,0,0,0,0,0,0
Ό“‹s“c–³’¬‚V’–Ϊ,6,0,0,0,0,0,0,0,0,0,0,0,0,0,0,0,0,0,0,5,0,0,2,0,0,0,0,0,0,3,0,1,1,0,0,0,0
Ό“‹s’†’¬‚P’–Ϊ,1,0,0,0,0,0,0,0,0,0,0,0,0,0,0,0,0,0,0,0,0,0,0,0,0,0,0,0,0,0,0,1,0,0,0,0,1
Ό“‹s’†’¬‚Q’–Ϊ,4,0,0,0,0,0,0,0,0,0,1,0,0,0,0,1,0,0,0,3,0,0,1,0,0,0,0,0,0,2,0,0,0,0,0,0,0
Ό“‹s’†’¬‚S’–Ϊ,6,0,0,0,0,0,0,0,0,0,0,0,0,0,0,0,0,0,0,1,0,0,0,0,0,0,0,0,0,0,1,5,0,0,0,0,5
Ό“‹s’†’¬‚T’–Ϊ,2,0,0,0,0,0,0,0,0,0,0,0,0,0,0,0,0,0,0,2,0,0,2,0,0,0,0,0,0,0,0,0,0,0,0,0,0
Ό“‹s’†’¬‚U’–Ϊ,2,0,0,0,0,0,0,0,0,0,0,0,0,0,0,0,0,0,0,2,0,0,2,0,0,0,0,0,0,0,0,0,0,0,0,0,0
Ό“‹sΌ΄’¬‚P’–Ϊ,1,0,0,0,0,0,0,0,0,0,0,0,0,0,0,0,0,0,0,1,0,0,1,0,0,0,0,0,0,0,0,0,0,0,0,0,0
Ό“‹sΌ΄’¬‚R’–Ϊ,3,0,0,0,0,0,0,0,0,0,0,0,0,0,0,0,0,0,0,3,0,0,1,0,0,0,0,0,0,1,1,0,0,0,0,0,0
Ό“‹sΌ΄’¬‚S’–Ϊ,8,0,0,0,0,0,0,0,0,0,0,0,0,0,0,0,0,0,0,6,0,0,0,0,0,0,0,0,0,5,1,2,1,0,0,0,1
Ό“‹sΌ΄’¬‚T’–Ϊ,4,0,0,0,0,0,0,0,0,0,0,0,0,0,0,0,0,0,0,4,0,1,3,0,0,0,0,0,0,0,0,0,0,0,0,0,0
Ό“‹s“’¬‚P’–Ϊ,3,0,0,0,0,0,0,0,0,0,1,0,0,0,0,0,0,0,1,1,0,0,1,0,0,0,0,0,0,0,0,1,1,0,0,0,0
Ό“‹s“’¬‚Q’–Ϊ,1,0,0,0,0,0,0,0,0,0,0,0,0,0,0,0,0,0,0,1,0,0,1,0,0,0,0,0,0,0,0,0,0,0,0,0,0
Ό“‹s“’¬‚R’–Ϊ,21,0,0,0,1,0,1,0,0,0,0,0,0,0,0,0,0,0,0,15,0,1,5,0,0,0,0,0,0,8,1,5,3,1,0,0,1
Ό“‹s“’¬‚S’–Ϊ,1,0,0,0,0,0,0,0,0,0,1,0,0,0,0,0,0,0,1,0,0,0,0,0,0,0,0,0,0,0,0,0,0,0,0,0,0
Ό“‹s“’¬‚T’–Ϊ,2,0,0,0,0,0,0,0,0,0,0,0,0,0,0,0,0,0,0,2,0,0,0,0,0,0,0,0,0,1,1,0,0,0,0,0,0
Ό“‹s“•©‚Q’–Ϊ,3,0,0,0,1,0,1,0,0,0,0,0,0,0,0,0,0,0,0,1,0,0,0,0,0,0,0,0,0,0,1,1,0,0,0,0,1
Ό“‹s“•©‚R’–Ϊ,4,0,0,0,0,0,0,0,0,0,0,0,0,0,0,0,0,0,0,4,0,0,4,0,0,0,0,0,0,0,0,0,0,0,0,0,0
Ό“‹s“•©‚S’–Ϊ,4,0,0,0,0,0,0,0,0,0,1,0,0,0,0,0,0,0,1,1,0,0,0,0,0,0,0,0,0,0,1,2,2,0,0,0,0
Ό“‹s“•©‚T’–Ϊ,3,0,0,0,0,0,0,0,0,0,1,0,0,0,0,1,0,0,0,2,0,0,1,0,1,0,0,0,0,0,0,0,0,0,0,0,0
Ό“‹s‚Π‚Ξ‚θ‚ª‹u‚P’–Ϊ,9,0,0,0,0,0,0,0,0,0,0,0,0,0,0,0,0,0,0,7,0,0,3,0,0,0,0,0,0,2,2,2,1,0,0,0,1
Ό“‹s‚Π‚Ξ‚θ‚ª‹u‚Q’–Ϊ,4,0,0,0,0,0,0,0,0,0,0,0,0,0,0,0,0,0,0,4,0,1,2,0,0,0,0,0,0,0,1,0,0,0,0,0,0
Ό“‹s‚Π‚Ξ‚θ‚ª‹u‚R’–Ϊ,6,0,0,0,0,0,0,0,0,0,0,0,0,0,0,0,0,0,0,4,0,0,2,0,0,0,0,0,0,0,2,2,0,0,0,0,2
Ό“‹s‚Π‚Ξ‚θ‚ª‹u‚S’–Ϊ,1,0,0,0,0,0,0,0,0,0,0,0,0,0,0,0,0,0,0,0,0,0,0,0,0,0,0,0,0,0,0,1,0,0,0,0,1
Ό“‹s‚Π‚Ξ‚θ‚ª‹u–k‚P’–Ϊ,1,0,0,0,0,0,0,0,0,0,0,0,0,0,0,0,0,0,0,1,0,0,1,0,0,0,0,0,0,0,0,0,0,0,0,0,0
Ό“‹s‚Π‚Ξ‚θ‚ª‹u–k‚Q’–Ϊ,1,0,0,0,1,0,1,0,0,0,0,0,0,0,0,0,0,0,0,0,0,0,0,0,0,0,0,0,0,0,0,0,0,0,0,0,0
Ό“‹s‚Π‚Ξ‚θ‚ª‹u–k‚R’–Ϊ,14,0,0,0,5,0,2,2,0,1,0,0,0,0,0,0,0,0,0,7,0,1,4,0,0,0,0,0,0,1,1,2,1,0,0,0,1
Ό“‹s‚Π‚Ξ‚θ‚ª‹u–k‚S’–Ϊ,10,0,0,0,0,0,0,0,0,0,0,0,0,0,0,0,0,0,0,2,0,0,2,0,0,0,0,0,0,0,0,8,2,1,0,0,5
Ό“‹s•xm’¬‚P’–Ϊ,5,0,0,0,0,0,0,0,0,0,0,0,0,0,0,0,0,0,0,1,0,0,1,0,0,0,0,0,0,0,0,4,2,1,0,0,1
Ό“‹s•xm’¬‚Q’–Ϊ,3,0,0,0,0,0,0,0,0,0,0,0,0,0,0,0,0,0,0,1,0,0,1,0,0,0,0,0,0,0,0,2,2,0,0,0,0
Ό“‹s•xm’¬‚R’–Ϊ,1,0,0,0,1,0,0,1,0,0,0,0,0,0,0,0,0,0,0,0,0,0,0,0,0,0,0,0,0,0,0,0,0,0,0,0,0
Ό“‹s•xm’¬‚S’–Ϊ,6,0,0,0,0,0,0,0,0,0,0,0,0,0,0,0,0,0,0,6,0,0,5,0,0,0,0,0,0,0,1,0,0,0,0,0,0
Ό“‹s•xm’¬‚T’–Ϊ,3,0,0,0,0,0,0,0,0,0,1,0,0,0,0,1,0,0,0,1,0,0,0,0,0,0,0,0,0,1,0,1,1,0,0,0,0
Ό“‹s•xm’¬‚U’–Ϊ,2,0,0,0,0,0,0,0,0,0,0,0,0,0,0,0,0,0,0,1,0,0,1,0,0,0,0,0,0,0,0,1,0,0,0,0,1
Ό“‹s•Ϋ’J’¬‚P’–Ϊ,2,0,0,0,0,0,0,0,0,0,0,0,0,0,0,0,0,0,0,1,0,0,1,0,0,0,0,0,0,0,0,1,1,0,0,0,0
Ό“‹s•Ϋ’J’¬‚Q’–Ϊ,3,0,0,0,0,0,0,0,0,0,0,0,0,0,0,0,0,0,0,1,0,0,0,0,0,0,0,0,0,0,1,2,0,0,0,0,2
Ό“‹s•Ϋ’J’¬‚R’–Ϊ,7,0,0,0,1,0,1,0,0,0,1,0,0,0,0,1,0,0,0,4,0,0,4,0,0,0,0,0,0,0,0,1,0,1,0,0,0
Ό“‹s•Ϋ’J’¬‚S’–Ϊ,6,0,0,0,0,0,0,0,0,0,0,0,0,0,0,0,0,0,0,2,0,0,1,0,0,0,0,0,0,0,1,4,1,0,0,0,3
Ό“‹s•Ϋ’J’¬‚T’–Ϊ,4,0,0,0,0,0,0,0,0,0,0,0,0,0,0,0,0,0,0,2,0,0,1,0,0,0,0,0,0,1,0,2,1,0,0,0,1
Ό“‹s•Ϋ’J’¬‚U’–Ϊ,7,0,0,0,1,0,0,0,1,0,1,0,0,0,0,0,0,0,1,5,0,0,2,0,0,1,0,0,0,0,2,0,0,0,0,0,0
Ό“‹s—Ξ’¬‚P’–Ϊ,2,0,0,0,0,0,0,0,0,0,0,0,0,0,0,0,0,0,0,2,0,0,2,0,0,0,0,0,0,0,0,0,0,0,0,0,0
Ό“‹s—Ξ’¬‚Q’–Ϊ,3,0,0,0,1,0,0,0,1,0,0,0,0,0,0,0,0,0,0,2,0,0,2,0,0,0,0,0,0,0,0,0,0,0,0,0,0
Ό“‹s—Ξ’¬‚R’–Ϊ,3,0,0,0,1,0,1,0,0,0,0,0,0,0,0,0,0,0,0,2,0,0,0,0,0,0,0,0,0,0,2,0,0,0,0,0,0
Ό“‹s“μ’¬‚P’–Ϊ,4,0,0,0,0,0,0,0,0,0,2,0,0,0,0,2,0,0,0,2,0,0,2,0,0,0,0,0,0,0,0,0,0,0,0,0,0
Ό“‹s“μ’¬‚Q’–Ϊ,4,1,0,1,0,0,0,0,0,0,0,0,0,0,0,0,0,0,0,2,0,0,2,0,0,0,0,0,0,0,0,1,0,0,0,0,1
Ό“‹s“μ’¬‚R’–Ϊ,7,0,0,0,0,0,0,0,0,0,0,0,0,0,0,0,0,0,0,5,0,0,3,0,0,0,0,0,0,1,1,2,1,0,0,0,1
Ό“‹s“μ’¬‚S’–Ϊ,9,0,0,0,0,0,0,0,0,0,0,0,0,0,0,0,0,0,0,9,0,1,8,0,0,0,0,0,0,0,0,0,0,0,0,0,0
Ό“‹s“μ’¬‚T’–Ϊ,19,0,0,0,0,0,0,0,0,0,0,0,0,0,0,0,0,0,0,14,0,0,12,0,0,0,0,0,0,2,0,5,2,0,0,0,3
Ό“‹s“μ’¬‚U’–Ϊ,5,0,0,0,0,0,0,0,0,0,0,0,0,0,0,0,0,0,0,2,0,0,2,0,0,0,0,0,0,0,0,3,1,0,0,0,2
Ό“‹sό‘δ’¬‚P’–Ϊ,3,0,0,0,0,0,0,0,0,0,0,0,0,0,0,0,0,0,0,3,0,0,2,0,0,0,0,0,0,0,1,0,0,0,0,0,0
Ό“‹sό‘δ’¬‚Q’–Ϊ,4,0,0,0,1,0,0,1,0,0,0,0,0,0,0,0,0,0,0,2,0,0,1,0,0,0,0,0,0,1,0,1,0,0,0,0,1
Ό“‹sό‘δ’¬‚R’–Ϊ,7,0,0,0,0,0,0,0,0,0,0,0,0,0,0,0,0,0,0,5,0,0,4,0,0,0,0,0,0,0,1,2,1,0,0,0,1
Ό“‹sό‘δ’¬‚S’–Ϊ,3,0,0,0,0,0,0,0,0,0,1,0,0,0,0,1,0,0,0,2,0,0,2,0,0,0,0,0,0,0,0,0,0,0,0,0,0
Ό“‹sό‘δ’¬‚T’–Ϊ,2,0,0,0,0,0,0,0,0,0,0,0,0,0,0,0,0,0,0,2,0,0,1,0,0,0,0,0,0,0,1,0,0,0,0,0,0
Ό“‹sό‘δ’¬‚U’–Ϊ,3,0,0,0,1,0,0,0,1,0,0,0,0,0,0,0,0,0,0,0,0,0,0,0,0,0,0,0,0,0,0,2,2,0,0,0,0
Ό“‹s–φ‘ς‚P’–Ϊ,3,0,0,0,0,0,0,0,0,0,0,0,0,0,0,0,0,0,0,2,0,0,0,0,0,0,0,0,0,0,2,1,1,0,0,0,0
Ό“‹s–φ‘ς‚Q’–Ϊ,1,0,0,0,0,0,0,0,0,0,0,0,0,0,0,0,0,0,0,1,0,0,0,0,0,0,0,0,0,1,0,0,0,0,0,0,0
Ό“‹s–φ‘ς‚R’–Ϊ,6,0,0,0,0,0,0,0,0,0,1,0,0,0,0,0,0,0,1,3,0,0,1,0,0,0,0,0,0,0,2,2,1,0,0,0,1
Ό“‹s–φ‘ς‚T’–Ϊ,3,0,0,0,0,0,0,0,0,0,0,0,0,0,0,0,0,0,0,1,0,0,0,0,0,0,0,0,0,0,1,2,1,0,0,0,1
Ό“‹s–φ‘ς‚U’–Ϊ,6,0,0,0,0,0,0,0,0,0,0,0,0,0,0,0,0,0,0,5,0,0,2,0,0,0,0,0,0,2,1,1,0,1,0,0,0
Ό“‹s’JΛ’¬‚P’–Ϊ,2,0,0,0,0,0,0,0,0,0,0,0,0,0,0,0,0,0,0,2,0,0,1,0,0,0,0,0,0,0,1,0,0,0,0,0,0
Ό“‹s’JΛ’¬‚Q’–Ϊ,7,0,0,0,0,0,0,0,0,0,0,0,0,0,0,0,0,0,0,5,0,0,1,0,0,0,0,0,0,0,4,2,0,0,0,0,2
Ό“‹s’JΛ’¬‚R’–Ϊ,4,0,0,0,1,0,1,0,0,0,0,0,0,0,0,0,0,0,0,1,0,0,1,0,0,0,0,0,0,0,0,2,1,0,0,0,1
Ό“‹sv,565,2,0,2,31,0,18,8,4,1,25,0,0,0,0,15,0,1,9,363,0,7,201,7,1,1,3,0,1,80,62,144,65,12,0,0,67
Ό‘½–€S•δ’¬‘εΞ”¨,7,0,0,0,2,0,1,1,0,0,1,0,0,1,0,0,0,0,0,1,0,0,1,0,0,0,0,0,0,0,0,3,2,0,0,0,1
Ό‘½–€S•δ’¬‘ε‹ξ`•xmR,1,0,0,0,0,0,0,0,0,0,0,0,0,0,0,0,0,0,0,1,0,1,0,0,0,0,0,0,0,0,0,0,0,0,0,0,0
Ό‘½–€S•δ’¬‘ε‚ª,8,0,0,0,1,0,0,1,0,0,2,0,0,0,0,1,1,0,0,2,0,0,0,1,0,0,0,0,0,0,1,3,1,0,0,0,2
Ό‘½–€S•δ’¬‘ε“aƒP’J,12,0,0,0,0,0,0,0,0,0,0,0,0,0,0,0,0,0,0,7,0,0,1,0,0,0,0,0,0,5,1,5,3,0,0,0,2
Ό‘½–€S•δ’¬‘ε’·‰ª’·’J•”,2,0,0,0,0,0,0,0,0,0,1,0,0,0,0,0,0,0,1,1,0,1,0,0,0,0,0,0,0,0,0,0,0,0,0,0,0
Ό‘½–€S•δ’¬‘ε“ρ–{–Ψ,6,1,0,1,1,0,1,0,0,0,2,0,0,1,0,0,0,0,1,0,0,0,0,0,0,0,0,0,0,0,0,2,0,0,0,0,2
Ό‘½–€S•δ’¬‘ε” ªƒPθ,26,0,0,0,2,0,1,1,0,0,0,0,0,0,0,0,0,0,0,18,1,0,13,0,0,0,0,0,0,2,2,6,3,0,0,0,3
Ό‘½–€S•δ’¬‘ε•xmRI΄V“c,5,0,0,0,0,0,0,0,0,0,0,0,0,0,0,0,0,0,0,3,0,0,1,0,0,0,0,0,0,0,2,2,0,0,0,0,2
Ό‘½–€S•δ’¬‘ε•‘ ,6,1,0,1,0,0,0,0,0,0,0,0,0,0,0,0,0,0,0,2,0,0,0,0,0,2,0,0,0,0,0,3,2,0,0,0,1
Ό‘½–€S•δ’¬’·‰ª‚P’–Ϊ,2,0,0,0,0,0,0,0,0,0,1,0,0,0,0,0,0,1,0,1,0,1,0,0,0,0,0,0,0,0,0,0,0,0,0,0,0
Ό‘½–€S•δ’¬’·‰ª‚Q’–Ϊ,1,0,0,0,0,0,0,0,0,0,0,0,0,0,0,0,0,0,0,0,0,0,0,0,0,0,0,0,0,0,0,1,0,0,0,0,1
Ό‘½–€S•δ’¬’·‰ª‚S’–Ϊ,1,0,0,0,1,0,1,0,0,0,0,0,0,0,0,0,0,0,0,0,0,0,0,0,0,0,0,0,0,0,0,0,0,0,0,0,0
Ό‘½–€S•δ’¬” ªƒPθΌΌ΄,8,1,0,1,0,0,0,0,0,0,0,0,0,0,0,0,0,0,0,1,0,0,0,0,0,0,0,0,0,0,1,6,2,0,0,0,4
Ό‘½–€S•δ’¬” ªƒPθ“Ό΄,7,0,0,0,0,0,0,0,0,0,0,0,0,0,0,0,0,0,0,7,0,0,6,0,0,0,0,0,0,1,0,0,0,0,0,0,0
Ό‘½–€S•δ’¬“μ•½‚P’–Ϊ,1,0,0,0,0,0,0,0,0,0,0,0,0,0,0,0,0,0,0,1,0,0,1,0,0,0,0,0,0,0,0,0,0,0,0,0,0
Ό‘½–€S•δ’¬“μ•½‚Q’–Ϊ,1,0,0,0,0,0,0,0,0,0,0,0,0,0,0,0,0,0,0,1,0,0,1,0,0,0,0,0,0,0,0,0,0,0,0,0,0
Ό‘½–€S•δ’¬‚ή‚³‚µ–μ‚P’–Ϊ,18,0,0,0,0,0,0,0,0,0,0,0,0,0,0,0,0,0,0,18,0,4,7,0,0,0,0,0,0,0,7,0,0,0,0,0,0
Ό‘½–€S•δ’¬‚ή‚³‚µ–μ‚Q’–Ϊ,6,0,0,0,1,0,0,1,0,0,0,0,0,0,0,0,0,0,0,2,0,0,1,0,0,0,0,0,0,1,0,3,2,0,0,0,1
Ό‘½–€S•δ’¬‚ή‚³‚µ–μ‚R’–Ϊ,1,0,0,0,0,0,0,0,0,0,0,0,0,0,0,0,0,0,0,1,0,0,0,0,0,0,0,0,0,1,0,0,0,0,0,0,0
Ό‘½–€S•δ’¬v,119,3,0,3,8,0,4,4,0,0,7,0,0,2,0,1,1,1,2,67,1,7,32,1,0,2,0,0,0,10,14,34,15,0,0,0,19
Ό‘½–€S“ϊ‚Μo’¬‘ε‘ε‹v–μ,8,0,0,0,3,0,2,0,1,0,1,0,0,0,0,0,1,0,0,2,0,0,0,2,0,0,0,0,0,0,0,2,0,0,0,0,2
Ό‘½–€S“ϊ‚Μo’¬‘ε•½δ,82,1,0,1,4,0,4,0,0,0,1,0,0,1,0,0,0,0,0,58,0,0,3,1,0,0,0,0,0,36,18,18,5,1,0,0,12
Ό‘½–€S“ϊ‚Μo’¬v,90,1,0,1,7,0,6,0,1,0,2,0,0,1,0,0,1,0,0,60,0,0,3,3,0,0,0,0,0,36,18,20,5,1,0,0,14
Ό‘½–€Sw΄‘Ί,7,0,0,0,2,0,2,0,0,0,1,0,0,0,0,0,0,0,1,0,0,0,0,0,0,0,0,0,0,0,0,4,4,0,0,0,0
Ό‘½–€Sw΄‘Ίv,7,0,0,0,2,0,2,0,0,0,1,0,0,0,0,0,0,0,1,0,0,0,0,0,0,0,0,0,0,0,0,4,4,0,0,0,0
Ό‘½–€S‰‘½–€’¬”’Ϋ,2,0,0,0,0,0,0,0,0,0,0,0,0,0,0,0,0,0,0,2,0,0,0,0,0,0,0,0,0,0,2,0,0,0,0,0,0
Ό‘½–€S‰‘½–€’¬•Xμ,1,0,0,0,0,0,0,0,0,0,0,0,0,0,0,0,0,0,0,1,0,0,0,0,0,0,0,0,0,0,1,0,0,0,0,0,0
Ό‘½–€S‰‘½–€’¬v,3,0,0,0,0,0,0,0,0,0,0,0,0,0,0,0,0,0,0,3,0,0,0,0,0,0,0,0,0,0,3,0,0,0,0,0,0
‘ε“‡’¬‰ª“c‘ς—§,2,0,0,0,0,0,0,0,0,0,2,0,0,0,0,0,0,0,2,0,0,0,0,0,0,0,0,0,0,0,0,0,0,0,0,0,0
‘ε“‡’¬‰ª“c•“c,1,0,0,0,0,0,0,0,0,0,1,0,0,0,0,0,0,0,1,0,0,0,0,0,0,0,0,0,0,0,0,0,0,0,0,0,0
‘ε“‡’¬³’¬‚P’–Ϊ,1,0,0,0,0,0,0,0,0,0,0,0,0,0,0,0,0,0,0,0,0,0,0,0,0,0,0,0,0,0,0,1,0,0,0,0,1
‘ε“‡’¬³’¬‚R’–Ϊ,1,0,0,0,1,0,0,0,1,0,0,0,0,0,0,0,0,0,0,0,0,0,0,0,0,0,0,0,0,0,0,0,0,0,0,0,0
‘ε“‡’¬³’¬•—‘Ò,2,0,0,0,0,0,0,0,0,0,1,0,0,0,0,0,0,0,1,0,0,0,0,0,0,0,0,0,0,0,0,1,0,0,0,0,1
‘ε“‡’¬³’¬’‡’†,1,0,0,0,0,0,0,0,0,0,1,0,0,0,0,0,0,0,1,0,0,0,0,0,0,0,0,0,0,0,0,0,0,0,0,0,0
‘ε“‡’¬³’¬_’B,1,0,0,0,0,0,0,0,0,0,1,0,0,0,0,0,0,0,1,0,0,0,0,0,0,0,0,0,0,0,0,0,0,0,0,0,0
‘ε“‡’¬v,9,0,0,0,1,0,0,0,1,0,6,0,0,0,0,0,0,0,6,0,0,0,0,0,0,0,0,0,0,0,0,2,0,0,0,0,2
V“‡‘Ί®ª“‡,1,0,0,0,0,0,0,0,0,0,0,0,0,0,0,0,0,0,0,0,0,0,0,0,0,0,0,0,0,0,0,1,0,0,0,0,1
V“‡‘Ί–{‘Ί‚T’–Ϊ,1,0,0,0,1,0,0,0,1,0,0,0,0,0,0,0,0,0,0,0,0,0,0,0,0,0,0,0,0,0,0,0,0,0,0,0,0
V“‡‘Ίv,2,0,0,0,1,0,0,0,1,0,0,0,0,0,0,0,0,0,0,0,0,0,0,0,0,0,0,0,0,0,0,1,0,0,0,0,1
O‘ξ“‡O‘ξ‘ΊΆΓ,2,0,0,0,1,0,1,0,0,0,0,0,0,0,0,0,0,0,0,0,0,0,0,0,0,0,0,0,0,0,0,1,1,0,0,0,0
O‘ξ“‡O‘ξ‘Ί’Ψ“c,1,0,0,0,0,0,0,0,0,0,0,0,0,0,0,0,0,0,0,0,0,0,0,0,0,0,0,0,0,0,0,1,1,0,0,0,0
O‘ξ“‡O‘ξ‘Ίv,3,0,0,0,1,0,1,0,0,0,0,0,0,0,0,0,0,0,0,0,0,0,0,0,0,0,0,0,0,0,0,2,2,0,0,0,0
”ªδ“‡”ªδ’¬‘ε‰κ‹½,4,0,0,0,0,0,0,0,0,0,0,0,0,0,0,0,0,0,0,2,0,0,0,0,0,0,0,0,0,2,0,2,1,0,0,0,1
”ªδ“‡”ªδ’¬’†”V‹½,2,0,0,0,1,0,0,1,0,0,0,0,0,0,0,0,0,0,0,0,0,0,0,0,0,0,0,0,0,0,0,1,0,0,0,0,1
”ªδ“‡”ªδ’¬Oª,2,1,0,1,1,0,1,0,0,0,0,0,0,0,0,0,0,0,0,0,0,0,0,0,0,0,0,0,0,0,0,0,0,0,0,0,0
”ªδ“‡”ªδ’¬v,8,1,0,1,2,0,1,1,0,0,0,0,0,0,0,0,0,0,0,2,0,0,0,0,0,0,0,0,0,2,0,3,1,0,0,0,2
¬}΄‘Ί•ƒ“‡–k‘ά‘ς,1,0,0,0,0,0,0,0,0,0,0,0,0,0,0,0,0,0,0,1,0,0,0,1,0,0,0,0,0,0,0,0,0,0,0,0,0
¬}΄‘Ί•κ“‡Γ‘ς,1,0,0,0,0,0,0,0,0,0,0,0,0,0,0,0,0,0,0,0,0,0,0,0,0,0,0,0,0,0,0,1,1,0,0,0,0
¬}΄‘Ίv,2,0,0,0,0,0,0,0,0,0,0,0,0,0,0,0,0,0,0,1,0,0,0,1,0,0,0,0,0,0,0,1,1,0,0,0,0
η‘γ“c‹ζ,1505,11,5,6,160,0,104,46,8,2,31,2,0,6,11,2,0,0,10,740,2,3,67,7,0,3,26,1,65,278,288,563,218,62,27,0,256
’†‰›‹ζ,1127,14,5,9,128,0,64,50,10,4,13,0,0,0,7,0,0,0,6,542,0,3,125,17,1,2,26,0,12,183,173,430,216,29,33,0,152
`‹ζ,1886,30,8,22,275,0,168,86,20,1,31,0,0,3,8,8,2,0,10,844,1,13,173,28,2,5,36,0,27,172,387,706,306,57,47,0,296
Vh‹ζ,3565,86,24,62,599,1,313,224,37,24,90,11,1,1,27,20,1,4,25,1714,5,27,368,50,4,5,67,10,80,429,669,1076,432,137,31,1,475
•¶‹‹ζ,727,17,0,17,83,0,42,33,6,2,18,0,1,1,4,8,0,0,4,284,0,3,100,9,0,5,3,2,5,40,117,325,202,16,7,0,100
‘δ“‹ζ,1563,25,7,18,182,0,99,69,11,3,28,2,0,2,12,3,3,0,6,982,0,6,401,16,0,2,14,1,35,214,293,346,133,26,11,0,176
–n“c‹ζ,1038,14,2,12,99,0,54,32,12,1,16,1,0,4,4,4,0,0,3,674,2,18,288,15,0,4,4,2,10,136,195,235,98,16,7,2,112
]“‹ζ,1724,17,4,13,137,0,76,46,13,2,54,0,0,0,0,49,0,0,5,1057,2,29,405,42,0,8,7,0,8,271,285,459,227,36,9,0,187
•iμ‹ζ,1137,13,3,10,105,0,54,38,10,3,22,1,0,0,9,8,0,0,4,646,0,9,231,17,1,5,6,0,12,135,230,351,159,29,11,3,149
–Ϊ•‹ζ,775,8,0,8,71,0,40,24,6,1,11,0,0,0,3,5,0,1,2,375,2,6,181,2,1,2,1,1,11,65,103,310,142,16,7,0,145
‘ε“c‹ζ,1959,24,8,16,175,0,88,70,10,7,43,0,3,2,5,16,1,0,16,1152,1,34,517,59,1,8,15,3,11,230,273,565,256,55,10,4,240
Ά“c’J‹ζ,2262,27,6,21,164,0,95,48,19,2,62,2,13,1,13,18,2,0,13,1318,1,24,710,32,0,9,9,0,21,259,253,691,302,49,18,1,321
a’J‹ζ,2294,44,9,35,287,0,148,110,18,11,33,2,0,1,13,11,1,0,5,1237,4,14,266,18,4,2,60,3,66,436,364,693,252,55,17,0,369
’†–μ‹ζ,1106,10,2,8,111,0,66,25,20,0,45,0,1,3,10,21,2,0,8,598,1,14,296,18,1,13,4,0,11,99,141,342,135,24,6,0,177
™•ΐ‹ζ,1434,16,3,13,107,0,56,38,10,3,25,0,0,0,2,11,0,2,10,879,0,5,456,28,0,8,3,1,3,195,180,407,164,29,6,0,208
–L“‡‹ζ,2118,31,6,25,224,0,127,76,14,7,47,2,3,1,15,10,6,1,9,1230,5,18,338,25,2,2,35,0,36,312,457,586,257,40,26,0,263
–k‹ζ,1255,14,4,10,132,0,75,36,16,5,13,0,1,1,3,4,0,0,4,697,0,18,304,20,0,4,8,1,14,143,185,399,183,28,13,0,175
rμ‹ζ,760,4,1,3,83,0,54,26,1,2,16,0,0,1,3,2,2,1,7,454,1,22,215,20,0,6,4,0,6,69,111,203,90,21,3,0,89
”Β‹΄‹ζ,1785,8,2,6,144,0,75,45,22,2,33,1,0,4,0,17,1,3,7,1070,0,29,474,32,3,6,6,0,15,238,267,530,239,30,8,0,253
—ϋ”n‹ζ,2028,17,5,12,141,1,91,34,12,3,80,0,3,3,3,42,4,5,20,1194,6,21,636,31,1,5,6,1,6,196,285,596,285,39,8,0,264
‘«—§‹ζ,2666,21,7,14,237,0,130,86,18,3,46,1,1,3,15,10,4,0,12,1726,7,117,762,67,2,6,2,0,12,351,400,636,222,44,7,0,363
‹ό‹ζ,1581,10,4,6,106,0,49,46,8,3,32,0,2,3,12,4,1,1,9,991,0,50,545,42,2,1,5,3,5,168,170,442,189,46,13,0,194
]Λμ‹ζ,2071,17,2,15,160,1,70,69,13,7,39,3,1,3,4,12,0,3,13,1374,2,38,718,69,1,10,3,2,3,245,283,481,148,42,9,0,282
”ª‰¤qs,1706,7,1,6,114,0,51,44,10,9,37,1,2,3,3,10,2,1,15,1089,2,66,382,50,2,17,3,1,6,304,256,459,149,46,5,0,259
—§μs,838,15,3,12,52,0,23,26,0,3,19,1,1,3,8,3,1,0,2,520,2,20,233,5,0,5,0,1,10,152,92,232,101,16,1,0,114
•‘ –μs,564,5,1,4,42,0,29,9,2,2,12,0,3,0,2,3,0,0,4,363,1,2,178,8,0,1,1,0,1,81,90,142,77,12,2,0,51
O‘ιs,460,1,0,1,37,0,21,12,3,1,4,0,0,0,0,1,0,0,3,264,0,8,150,10,0,1,1,0,0,35,59,154,87,8,4,0,55
Β”~s,286,5,0,5,16,0,5,9,2,0,12,0,1,0,2,3,2,0,4,194,0,9,85,3,0,1,1,0,0,57,38,59,23,3,0,0,33
•{’†s,645,3,2,1,55,0,24,18,9,4,15,0,2,6,0,2,0,0,5,383,0,15,178,8,1,8,2,1,5,82,83,189,85,14,6,0,84
Ί“‡s,398,2,1,1,30,0,16,12,1,1,21,0,0,0,3,4,1,0,13,254,0,16,126,7,0,1,0,0,4,59,41,91,30,8,2,0,51
’²•zs,799,4,1,3,41,0,24,13,3,1,10,0,0,2,2,2,0,0,4,543,0,21,280,17,0,6,3,0,2,104,110,201,101,18,2,0,80
’¬“cs,1306,8,2,6,109,0,46,47,9,7,78,1,1,3,15,22,3,1,32,738,1,58,196,31,1,3,1,0,8,267,172,373,135,11,4,0,223
¬‹ΰδs,369,3,1,2,34,0,14,14,5,1,13,1,0,0,0,1,2,2,7,210,0,1,130,4,0,0,1,0,0,51,23,109,54,9,1,0,45
¬•½s,545,4,1,3,30,0,13,11,5,1,13,0,2,0,0,7,0,1,3,353,0,8,228,9,0,2,0,0,2,59,45,145,62,9,2,0,72
“ϊ–μs,488,4,0,4,50,0,24,17,7,2,16,0,0,1,1,6,0,0,8,244,1,8,101,11,0,2,1,0,4,52,64,174,101,9,1,0,63
“‘ΊRs,377,3,2,1,16,0,8,6,1,1,7,0,0,0,0,5,2,0,0,232,1,6,137,10,0,5,0,0,1,32,40,119,55,10,1,0,53
‘•ª›s,373,9,2,7,47,0,25,16,2,4,18,0,1,1,2,7,0,1,6,190,0,2,102,2,0,1,0,0,5,50,28,109,41,4,1,0,63
‘—§s,226,3,0,3,15,0,6,5,3,1,5,0,2,0,0,2,0,0,1,133,0,5,88,1,0,0,0,0,2,21,16,70,37,11,0,0,22
•¶s,238,3,0,3,24,0,12,7,4,1,7,0,0,1,0,5,0,0,1,141,0,13,72,1,0,2,0,1,1,27,24,63,31,3,0,0,29
]s,228,1,0,1,7,0,3,4,0,0,2,0,0,0,0,1,0,0,1,166,0,10,97,1,0,1,0,0,3,19,35,52,28,3,0,0,21
“‘εas,250,1,0,1,6,0,3,3,0,0,7,0,0,0,0,3,0,1,3,179,0,6,111,6,0,1,0,0,4,34,17,57,21,6,1,0,29
΄£s,248,3,1,2,22,0,14,6,1,1,6,0,0,0,0,1,1,0,4,141,1,8,58,3,6,1,0,0,1,31,32,76,43,2,0,0,31
“‹v—―•Δs,343,1,1,0,16,0,8,7,1,0,15,0,0,0,1,8,1,0,5,218,0,7,119,5,2,1,0,0,0,43,41,93,38,5,0,0,50
•‘ ‘ΊRs,245,4,2,2,23,0,11,8,1,3,4,0,0,2,0,1,0,0,1,163,2,7,83,7,0,1,1,0,3,33,26,51,17,0,2,0,32
‘½–€s,528,2,0,2,43,0,21,14,6,2,5,0,0,0,0,2,0,0,3,264,0,20,73,9,0,1,0,0,1,94,66,214,121,7,3,0,83
ξιs,201,3,0,3,17,0,7,7,3,0,8,0,0,4,0,1,0,0,3,91,2,7,36,0,0,1,0,0,0,24,21,82,38,2,1,0,41
‰H‘Ίs,219,5,3,2,18,0,8,7,2,1,6,0,0,0,1,1,0,0,4,141,0,6,79,2,0,3,0,0,0,40,11,49,30,4,0,0,15
‚ ‚«‚ι–μs,235,1,0,1,18,0,7,2,5,4,5,0,0,0,0,1,1,1,2,129,4,1,49,10,1,2,0,0,0,35,27,82,54,4,1,0,23
Ό“‹s,565,2,0,2,31,0,18,8,4,1,25,0,0,0,0,15,0,1,9,363,0,7,201,7,1,1,3,0,1,80,62,144,65,12,0,0,67
Ό‘½–€S•δ’¬,119,3,0,3,8,0,4,4,0,0,7,0,0,2,0,1,1,1,2,67,1,7,32,1,0,2,0,0,0,10,14,34,15,0,0,0,19
Ό‘½–€S“ϊ‚Μo’¬,90,1,0,1,7,0,6,0,1,0,2,0,0,1,0,0,1,0,0,60,0,0,3,3,0,0,0,0,0,36,18,20,5,1,0,0,14
Ό‘½–€Sw΄‘Ί,7,0,0,0,2,0,2,0,0,0,1,0,0,0,0,0,0,0,1,0,0,0,0,0,0,0,0,0,0,0,0,4,4,0,0,0,0
Ό‘½–€S‰‘½–€’¬,3,0,0,0,0,0,0,0,0,0,0,0,0,0,0,0,0,0,0,3,0,0,0,0,0,0,0,0,0,0,3,0,0,0,0,0,0
‘ε“‡’¬,9,0,0,0,1,0,0,0,1,0,6,0,0,0,0,0,0,0,6,0,0,0,0,0,0,0,0,0,0,0,0,2,0,0,0,0,2
—“‡‘Ί,0,0,0,0,0,0,0,0,0,0,0,0,0,0,0,0,0,0,0,0,0,0,0,0,0,0,0,0,0,0,0,0,0,0,0,0,0
V“‡‘Ί,2,0,0,0,1,0,0,0,1,0,0,0,0,0,0,0,0,0,0,0,0,0,0,0,0,0,0,0,0,0,0,1,0,0,0,0,1
_’Γ“‡‘Ί,0,0,0,0,0,0,0,0,0,0,0,0,0,0,0,0,0,0,0,0,0,0,0,0,0,0,0,0,0,0,0,0,0,0,0,0,0
O‘ξ“‡O‘ξ‘Ί,3,0,0,0,1,0,1,0,0,0,0,0,0,0,0,0,0,0,0,0,0,0,0,0,0,0,0,0,0,0,0,2,2,0,0,0,0
δ‘ “‡‘Ί,0,0,0,0,0,0,0,0,0,0,0,0,0,0,0,0,0,0,0,0,0,0,0,0,0,0,0,0,0,0,0,0,0,0,0,0,0
”ªδ“‡”ªδ’¬,8,1,0,1,2,0,1,1,0,0,0,0,0,0,0,0,0,0,0,2,0,0,0,0,0,0,0,0,0,2,0,3,1,0,0,0,2
Βƒ–“‡‘Ί,0,0,0,0,0,0,0,0,0,0,0,0,0,0,0,0,0,0,0,0,0,0,0,0,0,0,0,0,0,0,0,0,0,0,0,0,0
¬}΄‘Ί,2,0,0,0,0,0,0,0,0,0,0,0,0,0,0,0,0,0,0,1,0,0,0,1,0,0,0,0,0,0,0,1,1,0,0,0,0
‚Q‚R‹ζv,38366,478,117,361,3910,3,2138,1357,314,98,828,28,30,43,183,285,30,21,208,21778,42,521,8576,664,26,121,350,31,474,4864,6109,11372,4855,926,334,11,5246
‘½–€’n‹ζE“‡•”v,12923,107,24,83,935,0,455,337,92,51,386,4,15,29,40,118,18,10,152,7839,18,344,3607,232,14,70,18,4,64,1914,1554,3656,1652,237,40,0,1727
‘Ό§,158,12,1,11,33,0,6,10,11,6,0,0,0,0,0,0,0,0,0,16,0,0,0,0,0,0,1,0,0,1,14,97,49,5,11,0,32
CO”F’m,10,0,0,0,1,0,0,1,0,0,0,0,0,0,0,0,0,0,0,1,0,0,0,0,0,0,0,0,0,0,1,8,5,0,3,0,0
•s–Ύ,337,2,0,2,11,0,1,0,9,1,0,0,0,0,0,0,0,0,0,13,0,0,0,1,0,0,1,0,0,0,11,311,50,27,52,45,137
‡v,51794,599,142,457,4890,3,2600,1705,426,156,1214,32,45,72,223,403,48,31,360,29647,60,865,12183,897,40,191,370,35,538,6779,7689,15444,6611,1195,440,56,7142
